Delivery_ID,Order_Date,Origin,Destination_Zone,Distance_KM,Traffic_Level,Weather_Condition,Vehicle_Type,Load_Weight_KG,Vehicle_Capacity_KG,Delivery_Time_Minutes,Delivery_Cost_INR,Fuel_Cost_INR,Customer_Rating,On_Time_Delivery
D0634,2026-01-01,Raipur DC,Zone B - Suburban,4.1,High,Normal,Bike,26.9,50,67.0,95.09,20.0,3.5,No
D0663,2026-01-01,Raipur DC,Zone D - Rural,14.8,Medium,Normal,Van,200.2,500,100.0,168.85,66.65,4.4,Yes
D0476,2026-01-01,Bilaspur DC,Zone A - Urban,14.1,Medium,Normal,Bike,36.8,50,58.0,99.85,24.83,4.5,Yes
D0829,2026-01-01,Raipur DC,Zone B - Suburban,14.2,Medium,Normal,Bike,37.9,50,81.0,85.97,28.67,4.6,Yes
D0852,2026-01-01,Raipur DC,Zone B - Suburban,14.3,Medium,Normal,Truck,842.5,1500,77.0,333.99,121.98,4.6,Yes
D0123,2026-01-01,Raipur DC,Zone B - Suburban,8.3,High,Normal,Truck,1108.6,1500,73.0,299.77,62.74,4.4,Yes
D0959,2026-01-01,Raipur DC,Zone A - Urban,28.4,Medium,Storm,Bike,41.9,50,128.0,146.35,53.58,4.5,Yes
D0739,2026-01-01,Raipur DC,Zone B - Suburban,26.5,Medium,Normal,Van,193.2,500,105.0,237.51,135.71,4.8,Yes
D0438,2026-01-01,Bilaspur DC,Zone A - Urban,24.8,High,Normal,Bike,33.0,50,105.0,79.25,26.13,4.1,No
D0194,2026-01-02,Raipur DC,Zone D - Rural,23.8,Medium,Normal,Van,447.2,500,114.0,173.33,88.05,4.2,Yes
D0482,2026-01-02,Korba DC,Zone D - Rural,22.2,Medium,Rain,Bike,43.5,50,119.0,94.1,48.93,4.7,Yes
D0019,2026-01-02,Korba DC,Zone A - Urban,18.9,Medium,Rain,Bike,19.0,50,88.0,85.99,38.89,4.0,No
D0065,2026-01-02,Bilaspur DC,Zone B - Suburban,26.5,High,Rain,Bike,36.5,50,134.0,144.52,61.06,3.9,No
D0248,2026-01-02,Raipur DC,Zone A - Urban,33.0,Medium,Normal,Truck,678.0,1500,125.0,424.95,237.72,4.9,Yes
D0168,2026-01-03,Raipur DC,Zone A - Urban,17.0,Medium,Rain,Bike,15.7,50,92.0,106.77,41.33,5.0,Yes
D0220,2026-01-03,Bilaspur DC,Zone B - Suburban,38.2,High,Normal,Van,311.4,500,157.0,275.82,156.87,4.5,Yes
D0729,2026-01-03,Korba DC,Zone A - Urban,15.7,Medium,Rain,Van,132.7,500,80.0,173.05,97.78,4.4,Yes
D0870,2026-01-03,Raipur DC,Zone A - Urban,27.6,Low,Normal,Truck,668.4,1500,90.0,353.09,180.91,4.8,Yes
D0969,2026-01-03,Raipur DC,Zone B - Suburban,3.6,Medium,Normal,Truck,1181.0,1500,67.0,298.79,20.0,5.0,Yes
D0667,2026-01-03,Bilaspur DC,Zone B - Suburban,3.6,High,Normal,Van,294.4,500,80.0,142.61,20.0,4.6,Yes
D0753,2026-01-03,Raipur DC,Zone D - Rural,17.7,High,Storm,Bike,35.8,50,144.0,112.44,47.48,3.6,No
D0315,2026-01-04,Bilaspur DC,Zone D - Rural,42.1,Low,Storm,Van,257.8,500,156.0,286.53,187.59,4.2,Yes
D0069,2026-01-04,Raipur DC,Zone B - Suburban,25.4,Low,Normal,Truck,960.2,1500,93.0,395.46,187.14,4.9,Yes
D0478,2026-01-04,Korba DC,Zone B - Suburban,13.8,High,Normal,Van,171.1,500,91.0,170.57,49.8,3.4,No
D0742,2026-01-04,Raipur DC,Zone D - Rural,19.3,Low,Normal,Truck,1103.3,1500,93.0,320.11,152.18,4.5,Yes
D0935,2026-01-04,Raipur DC,Zone A - Urban,3.6,Low,Rain,Van,465.6,500,51.0,141.91,20.0,4.5,Yes
D0918,2026-01-04,Raipur DC,Zone D - Rural,42.1,High,Normal,Van,332.3,500,159.0,329.61,195.2,4.0,No
D0974,2026-01-05,Raipur DC,Zone A - Urban,8.1,High,Normal,Van,348.2,500,68.0,168.92,38.94,4.2,Yes
D0404,2026-01-05,Korba DC,Zone D - Rural,55.4,Low,Normal,Bike,24.9,50,176.0,138.93,119.89,4.5,Yes
D0124,2026-01-05,Bilaspur DC,Zone B - Suburban,7.4,High,Normal,Van,481.0,500,77.0,162.02,24.55,4.0,Yes
D0822,2026-01-05,Raipur DC,Zone C - Semi-urban,7.8,Low,Normal,Bike,27.4,50,59.0,68.07,26.88,4.0,No
D0601,2026-01-05,Bilaspur DC,Zone B - Suburban,23.9,High,Normal,Van,451.0,500,117.0,260.92,109.51,4.4,Yes
D0703,2026-01-05,Raipur DC,Zone A - Urban,11.4,Medium,Storm,Bike,25.0,50,89.0,97.94,28.75,4.5,Yes
D0104,2026-01-05,Bilaspur DC,Zone B - Suburban,12.2,Medium,Rain,Van,415.3,500,91.0,181.41,59.31,4.3,Yes
D0323,2026-01-06,Korba DC,Zone B - Suburban,17.0,High,Normal,Van,370.9,500,103.0,186.85,66.67,4.5,Yes
D0725,2026-01-06,Raipur DC,Zone C - Semi-urban,9.7,High,Normal,Truck,910.7,1500,109.0,331.6,61.07,3.7,No
D0932,2026-01-06,Bilaspur DC,Zone A - Urban,17.1,High,Normal,Van,264.4,500,96.0,202.48,83.04,4.8,Yes
D0905,2026-01-06,Korba DC,Zone D - Rural,50.1,High,Normal,Van,201.5,500,191.0,333.59,220.27,4.6,Yes
D0406,2026-01-06,Raipur DC,Zone D - Rural,26.0,Medium,Rain,Truck,626.2,1500,135.0,312.02,156.14,5.0,Yes
D0796,2026-01-06,Bilaspur DC,Zone B - Suburban,48.1,High,Normal,Bike,32.2,50,170.0,193.94,99.67,4.9,Yes
D0592,2026-01-07,Bilaspur DC,Zone B - Suburban,17.4,Medium,Normal,Bike,28.8,50,94.0,131.04,20.0,4.4,Yes
D0869,2026-01-07,Raipur DC,Zone C - Semi-urban,46.9,High,Normal,Van,256.8,500,171.0,293.38,224.03,4.3,Yes
D0242,2026-01-07,Bilaspur DC,Zone A - Urban,58.4,Low,Normal,Van,447.1,500,151.0,356.59,252.45,5.0,Yes
D0057,2026-01-08,Bilaspur DC,Zone A - Urban,6.4,Medium,Storm,Truck,238.0,1500,87.0,194.96,40.65,4.1,Yes
D0898,2026-01-08,Korba DC,Zone B - Suburban,9.3,Medium,Rain,Truck,1030.1,1500,84.0,244.54,62.29,4.4,Yes
D0853,2026-01-08,Bilaspur DC,Zone D - Rural,66.5,Medium,Normal,Bike,36.1,50,194.0,194.62,134.62,4.2,No
D0400,2026-01-08,Bilaspur DC,Zone A - Urban,22.5,Low,Normal,Van,323.1,500,76.0,183.38,127.11,4.5,Yes
D0676,2026-01-08,Bilaspur DC,Zone D - Rural,25.3,High,Storm,Van,238.1,500,153.0,268.37,128.6,3.6,No
D0375,2026-01-08,Raipur DC,Zone B - Suburban,20.1,High,Rain,Bike,44.1,50,109.0,93.16,38.61,4.6,Yes
D0304,2026-01-08,Korba DC,Zone D - Rural,25.8,Medium,Normal,Truck,237.5,1500,135.0,334.27,190.07,4.5,Yes
D0513,2026-01-08,Bilaspur DC,Zone A - Urban,5.2,Medium,Normal,Van,334.5,500,49.0,150.15,44.73,4.8,Yes
D0807,2026-01-08,Bilaspur DC,Zone A - Urban,46.8,Low,Normal,Bike,30.6,50,118.0,168.86,120.23,4.6,Yes
D0049,2026-01-09,Korba DC,Zone B - Suburban,19.1,Low,Normal,Bike,15.0,50,81.0,50.0,33.03,4.8,Yes
D0254,2026-01-09,Raipur DC,Zone A - Urban,20.1,High,Normal,Van,338.9,500,90.0,235.52,84.43,4.6,Yes
D0092,2026-01-09,Korba DC,Zone C - Semi-urban,32.6,Low,Normal,Bike,43.2,50,109.0,69.24,70.93,4.7,Yes
D0589,2026-01-09,Korba DC,Zone B - Suburban,18.5,Low,Normal,Van,218.4,500,79.0,184.61,76.72,4.6,Yes
D0559,2026-01-09,Korba DC,Zone B - Suburban,12.8,Medium,Normal,Bike,45.7,50,73.0,74.7,37.22,4.2,Yes
D0988,2026-01-09,Raipur DC,Zone A - Urban,7.9,Medium,Rain,Truck,520.8,1500,84.0,253.87,49.21,4.9,Yes
D0468,2026-01-10,Raipur DC,Zone D - Rural,24.2,Medium,Normal,Van,95.9,500,107.0,265.22,124.72,4.7,Yes
D0699,2026-01-10,Bilaspur DC,Zone A - Urban,10.1,Medium,Normal,Bike,32.6,50,55.0,112.04,20.0,4.7,Yes
D0973,2026-01-10,Raipur DC,Zone B - Suburban,21.7,Medium,Normal,Bike,37.9,50,69.0,113.33,53.1,3.7,No
D0710,2026-01-11,Raipur DC,Zone A - Urban,6.2,High,Normal,Van,425.6,500,73.0,183.43,29.12,4.7,Yes
D0236,2026-01-11,Raipur DC,Zone D - Rural,27.3,High,Normal,Van,298.3,500,151.0,272.11,122.7,4.7,Yes
D0185,2026-01-12,Raipur DC,Zone A - Urban,22.4,Medium,Normal,Bike,17.0,50,75.0,128.39,55.52,4.3,Yes
D0669,2026-01-12,Bilaspur DC,Zone B - Suburban,15.8,Medium,Normal,Truck,1200.9,1500,90.0,322.67,104.27,5.0,Yes
D0109,2026-01-12,Bilaspur DC,Zone D - Rural,37.2,Low,Normal,Bike,16.6,50,134.0,91.36,63.49,4.8,Yes
D0831,2026-01-12,Raipur DC,Zone A - Urban,5.0,Medium,Rain,Bike,12.9,50,67.0,87.92,20.0,4.2,Yes
D0506,2026-01-12,Raipur DC,Zone A - Urban,29.9,Low,Normal,Van,226.3,500,95.0,261.3,145.17,4.7,Yes
D0539,2026-01-12,Raipur DC,Zone B - Suburban,25.7,Low,Normal,Van,256.1,500,99.0,228.58,108.65,4.6,Yes
D0756,2026-01-12,Bilaspur DC,Zone B - Suburban,20.0,High,Normal,Bike,14.8,50,96.0,132.86,52.2,4.4,Yes
D0496,2026-01-12,Raipur DC,Zone C - Semi-urban,10.9,Low,Normal,Van,136.3,500,72.0,193.58,47.89,5.0,Yes
D0367,2026-01-13,Raipur DC,Zone B - Suburban,39.7,Medium,Normal,Van,293.1,500,147.0,335.39,187.38,4.5,Yes
D0979,2026-01-13,Bilaspur DC,Zone A - Urban,9.7,Medium,Normal,Van,454.0,500,71.0,191.94,39.1,4.3,Yes
D0887,2026-01-13,Raipur DC,Zone B - Suburban,3.3,Low,Rain,Van,154.0,500,37.0,80.51,20.0,4.4,Yes
D0416,2026-01-13,Raipur DC,Zone C - Semi-urban,23.4,Low,Normal,Truck,528.4,1500,92.0,347.89,182.3,4.4,Yes
D0541,2026-01-13,Raipur DC,Zone B - Suburban,17.8,High,Normal,Truck,483.0,1500,96.0,271.83,124.11,4.6,Yes
D0144,2026-01-13,Raipur DC,Zone A - Urban,25.9,High,Normal,Bike,18.7,50,108.0,131.67,52.33,4.4,Yes
D0074,2026-01-14,Raipur DC,Zone B - Suburban,19.5,Medium,Normal,Bike,22.6,50,87.0,129.59,52.52,4.5,Yes
D0048,2026-01-14,Korba DC,Zone C - Semi-urban,5.6,Medium,Normal,Truck,843.0,1500,68.0,249.67,20.0,4.5,Yes
D0866,2026-01-14,Korba DC,Zone B - Suburban,13.6,Medium,Normal,Van,481.9,500,75.0,183.93,66.41,4.6,Yes
D0860,2026-01-14,Raipur DC,Zone B - Suburban,47.6,Medium,Storm,Truck,1073.2,1500,180.0,551.7,310.69,4.7,Yes
D0660,2026-01-14,Raipur DC,Zone B - Suburban,13.3,Low,Normal,Truck,662.1,1500,74.0,233.46,96.24,4.5,Yes
D0129,2026-01-15,Korba DC,Zone A - Urban,53.1,Low,Normal,Bike,44.9,50,148.0,168.46,119.2,4.5,Yes
D0004,2026-01-15,Bilaspur DC,Zone A - Urban,24.5,High,Storm,Bike,34.2,50,134.0,122.58,57.51,3.5,No
D0087,2026-01-15,Raipur DC,Zone C - Semi-urban,24.8,High,Storm,Van,490.0,500,152.0,238.87,98.19,4.1,No
D0877,2026-01-15,Raipur DC,Zone C - Semi-urban,28.1,Medium,Normal,Van,386.4,500,125.0,226.49,112.57,4.3,Yes
D0397,2026-01-15,Raipur DC,Zone A - Urban,19.4,High,Normal,Van,176.5,500,100.0,178.15,92.88,4.6,Yes
D0077,2026-01-15,Korba DC,Zone A - Urban,15.5,Medium,Normal,Bike,33.7,50,74.0,84.7,20.48,4.3,Yes
D0032,2026-01-15,Bilaspur DC,Zone B - Suburban,9.2,Medium,Rain,Bike,47.0,50,66.0,60.97,20.0,4.3,Yes
D0671,2026-01-16,Raipur DC,Zone C - Semi-urban,14.9,Medium,Normal,Truck,464.3,1500,95.0,248.27,67.02,4.1,Yes
D0479,2026-01-16,Korba DC,Zone D - Rural,38.1,High,Normal,Bike,26.9,50,158.0,124.76,58.68,4.1,Yes
D0447,2026-01-16,Korba DC,Zone D - Rural,27.3,Medium,Normal,Truck,496.7,1500,129.0,394.54,202.92,3.9,No
D0987,2026-01-17,Bilaspur DC,Zone C - Semi-urban,26.4,High,Normal,Bike,36.3,50,122.0,107.79,33.95,4.8,Yes
D0881,2026-01-17,Korba DC,Zone A - Urban,15.9,Medium,Normal,Van,176.8,500,67.0,152.96,56.07,4.2,Yes
D0792,2026-01-17,Korba DC,Zone A - Urban,10.5,Medium,Normal,Bike,41.1,50,74.0,73.94,29.11,4.9,Yes
D0318,2026-01-17,Bilaspur DC,Zone A - Urban,3.9,Medium,Storm,Van,156.7,500,87.0,115.77,33.61,4.5,Yes
D0546,2026-01-17,Bilaspur DC,Zone B - Suburban,6.6,High,Normal,Truck,770.4,1500,85.0,265.24,43.09,4.4,Yes
D0354,2026-01-17,Bilaspur DC,Zone A - Urban,12.8,Medium,Normal,Van,148.5,500,80.0,96.79,46.16,4.7,Yes
D0874,2026-01-18,Bilaspur DC,Zone B - Suburban,6.1,Medium,Normal,Bike,18.5,50,52.0,57.38,20.0,4.8,Yes
D0044,2026-01-18,Bilaspur DC,Zone A - Urban,19.0,Medium,Normal,Van,455.1,500,87.0,264.19,92.77,4.5,Yes
D0338,2026-01-18,Korba DC,Zone B - Suburban,26.1,Medium,Rain,Van,432.5,500,119.0,285.78,106.18,4.1,No
D0622,2026-01-19,Bilaspur DC,Zone C - Semi-urban,21.8,High,Normal,Truck,971.8,1500,123.0,440.06,151.7,4.5,Yes
D0954,2026-01-19,Korba DC,Zone C - Semi-urban,8.9,Medium,Rain,Van,239.7,500,94.0,135.74,20.0,4.9,Yes
D0617,2026-01-19,Raipur DC,Zone B - Suburban,19.5,Medium,Normal,Truck,1014.9,1500,101.0,278.56,91.24,4.8,Yes
D0553,2026-01-19,Korba DC,Zone B - Suburban,10.9,Low,Storm,Bike,40.1,50,91.0,70.85,20.0,4.7,Yes
D0425,2026-01-19,Raipur DC,Zone A - Urban,22.1,Medium,Rain,Van,395.6,500,102.0,218.9,117.77,4.4,Yes
D0656,2026-01-20,Bilaspur DC,Zone C - Semi-urban,17.7,High,Normal,Van,362.4,500,123.0,200.13,71.62,4.6,Yes
D0955,2026-01-20,Korba DC,Zone A - Urban,12.5,Low,Normal,Bike,15.1,50,59.0,50.0,27.23,4.9,Yes
D0373,2026-01-20,Raipur DC,Zone D - Rural,14.9,High,Normal,Bike,17.1,50,104.0,113.52,20.0,4.3,Yes
D0821,2026-01-21,Raipur DC,Zone C - Semi-urban,18.5,Low,Normal,Van,229.5,500,93.0,175.95,80.4,4.5,Yes
D0307,2026-01-21,Raipur DC,Zone A - Urban,13.1,Medium,Rain,Van,245.4,500,88.0,182.73,64.63,4.9,Yes
D0007,2026-01-21,Korba DC,Zone A - Urban,32.6,Medium,Rain,Bike,39.4,50,125.0,111.56,71.86,3.7,No
D0287,2026-01-21,Raipur DC,Zone C - Semi-urban,4.1,High,Normal,Bike,41.2,50,57.0,51.71,20.0,4.7,Yes
D0915,2026-01-21,Korba DC,Zone A - Urban,5.1,Medium,Rain,Bike,45.2,50,75.0,77.02,20.0,4.6,Yes
D0041,2026-01-21,Korba DC,Zone B - Suburban,13.6,Low,Rain,Truck,528.2,1500,101.0,267.92,106.05,4.9,Yes
D0527,2026-01-21,Raipur DC,Zone B - Suburban,15.6,Low,Storm,Van,216.9,500,109.0,135.38,55.16,4.2,Yes
D0024,2026-01-21,Raipur DC,Zone C - Semi-urban,29.8,Low,Rain,Bike,20.2,50,119.0,169.38,83.11,4.4,Yes
D0826,2026-01-22,Korba DC,Zone A - Urban,27.8,High,Normal,Van,453.1,500,115.0,239.44,119.3,4.5,Yes
D0449,2026-01-22,Raipur DC,Zone A - Urban,8.1,Low,Normal,Bike,25.5,50,40.0,79.35,20.0,4.5,Yes
D0027,2026-01-22,Korba DC,Zone B - Suburban,26.9,High,Normal,Bike,15.8,50,112.0,129.02,44.78,5.0,Yes
D0299,2026-01-22,Raipur DC,Zone D - Rural,23.9,Medium,Rain,Bike,26.8,50,110.0,118.46,47.94,3.7,No
D0542,2026-01-23,Bilaspur DC,Zone C - Semi-urban,25.4,Low,Normal,Bike,39.3,50,86.0,116.81,47.52,4.2,Yes
D0467,2026-01-23,Korba DC,Zone D - Rural,27.5,Medium,Normal,Truck,1112.0,1500,124.0,417.32,207.49,4.8,Yes
D0731,2026-01-23,Raipur DC,Zone A - Urban,49.1,Low,Rain,Bike,33.4,50,137.0,126.98,83.84,4.3,Yes
D0431,2026-01-23,Korba DC,Zone C - Semi-urban,7.5,Medium,Rain,Bike,26.9,50,85.0,50.0,20.0,4.1,No
D0327,2026-01-24,Raipur DC,Zone C - Semi-urban,16.2,Medium,Normal,Van,290.8,500,89.0,186.42,70.48,4.4,Yes
D0345,2026-01-24,Raipur DC,Zone B - Suburban,25.6,Medium,Normal,Bike,29.1,50,97.0,135.07,59.03,4.4,Yes
D0210,2026-01-24,Raipur DC,Zone B - Suburban,7.9,High,Normal,Van,240.6,500,84.0,164.68,58.74,4.5,Yes
D0480,2026-01-24,Raipur DC,Zone B - Suburban,28.6,Low,Normal,Van,205.3,500,82.0,213.62,145.75,4.6,Yes
D0082,2026-01-24,Raipur DC,Zone D - Rural,30.8,High,Normal,Bike,42.9,50,137.0,161.3,54.6,4.8,Yes
D0885,2026-01-25,Raipur DC,Zone A - Urban,10.1,Low,Normal,Van,320.1,500,64.0,150.15,46.83,4.4,No
D0570,2026-01-25,Bilaspur DC,Zone B - Suburban,37.6,High,Normal,Bike,20.7,50,147.0,124.39,80.99,3.6,No
D0888,2026-01-25,Bilaspur DC,Zone A - Urban,9.0,High,Rain,Truck,642.1,1500,122.0,252.12,71.49,4.3,Yes
D0811,2026-01-25,Raipur DC,Zone D - Rural,37.4,Medium,Normal,Bike,21.7,50,137.0,141.38,69.39,4.1,Yes
D0339,2026-01-25,Raipur DC,Zone B - Suburban,17.2,Low,Normal,Bike,13.1,50,57.0,84.61,50.06,4.8,Yes
D0945,2026-01-26,Raipur DC,Zone C - Semi-urban,3.4,Low,Rain,Van,333.6,500,55.0,141.75,20.0,4.8,Yes
D0712,2026-01-26,Raipur DC,Zone B - Suburban,9.1,Medium,Normal,Van,289.5,500,64.0,108.78,20.0,4.6,Yes
D0907,2026-01-26,Raipur DC,Zone D - Rural,49.4,Low,Normal,Truck,829.5,1500,159.0,560.48,335.19,4.8,Yes
D0362,2026-01-26,Korba DC,Zone A - Urban,6.9,Medium,Normal,Bike,17.2,50,59.0,63.15,20.0,4.6,Yes
D0840,2026-01-26,Korba DC,Zone A - Urban,15.8,Low,Storm,Bike,25.2,50,99.0,50.0,48.42,4.4,Yes
D0850,2026-01-26,Raipur DC,Zone C - Semi-urban,25.2,High,Normal,Truck,902.3,1500,133.0,399.33,162.66,4.1,Yes
D0127,2026-01-27,Raipur DC,Zone A - Urban,10.7,Medium,Normal,Van,155.2,500,72.0,94.13,20.0,4.2,Yes
D0716,2026-01-27,Bilaspur DC,Zone D - Rural,35.1,Medium,Normal,Van,452.7,500,125.0,275.56,159.99,4.5,Yes
D0165,2026-01-27,Bilaspur DC,Zone C - Semi-urban,22.7,Low,Normal,Bike,22.1,50,83.0,86.1,20.55,4.6,Yes
D0599,2026-01-27,Raipur DC,Zone B - Suburban,31.1,Low,Normal,Truck,569.4,1500,116.0,454.93,235.39,3.5,No
D0306,2026-01-27,Korba DC,Zone B - Suburban,30.9,Low,Normal,Truck,662.6,1500,93.0,398.81,207.09,4.6,Yes
D0305,2026-01-27,Korba DC,Zone A - Urban,27.6,Medium,Rain,Van,329.9,500,111.0,285.57,131.99,4.2,No
D0148,2026-01-28,Bilaspur DC,Zone A - Urban,5.0,Medium,Normal,Van,384.2,500,60.0,154.05,20.0,4.9,Yes
D0310,2026-01-28,Bilaspur DC,Zone A - Urban,21.2,Medium,Rain,Van,461.1,500,98.0,244.08,75.72,4.5,Yes
D0106,2026-01-28,Raipur DC,Zone B - Suburban,37.3,Medium,Normal,Van,310.4,500,131.0,248.23,157.17,4.4,Yes
D0684,2026-01-28,Bilaspur DC,Zone B - Suburban,51.9,High,Normal,Truck,661.2,1500,183.0,615.93,378.51,3.9,No
D0560,2026-01-28,Bilaspur DC,Zone B - Suburban,18.7,Medium,Normal,Truck,776.3,1500,97.0,378.3,153.2,4.1,No
D0155,2026-01-28,Raipur DC,Zone C - Semi-urban,15.8,Medium,Rain,Bike,34.6,50,96.0,116.65,20.49,4.7,Yes
D0861,2026-01-28,Raipur DC,Zone B - Suburban,75.2,Medium,Normal,Van,259.1,500,202.0,432.94,340.06,4.7,Yes
D0879,2026-01-28,Bilaspur DC,Zone B - Suburban,20.4,Medium,Normal,Van,410.4,500,86.0,220.31,99.02,4.9,Yes
D0154,2026-01-28,Raipur DC,Zone B - Suburban,16.7,High,Normal,Bike,27.5,50,89.0,111.66,27.06,4.6,Yes
D0602,2026-01-29,Bilaspur DC,Zone D - Rural,46.9,Medium,Normal,Bike,27.5,50,143.0,190.13,85.68,5.0,Yes
D0456,2026-01-29,Raipur DC,Zone A - Urban,15.3,Low,Rain,Van,477.3,500,73.0,186.63,47.93,4.5,Yes
D0787,2026-01-29,Raipur DC,Zone A - Urban,31.9,Medium,Normal,Bike,24.8,50,114.0,169.16,81.43,4.6,Yes
D0504,2026-01-29,Raipur DC,Zone A - Urban,5.9,Low,Rain,Bike,36.6,50,63.0,50.0,20.0,4.3,Yes
D0142,2026-01-29,Korba DC,Zone C - Semi-urban,17.6,High,Rain,Van,306.4,500,113.0,196.7,59.1,4.4,Yes
D0701,2026-01-30,Korba DC,Zone B - Suburban,4.7,Low,Normal,Bike,38.6,50,48.0,78.11,32.74,4.5,Yes
D0545,2026-01-30,Raipur DC,Zone B - Suburban,39.7,Low,Normal,Bike,22.5,50,128.0,106.3,54.29,4.6,Yes
D0775,2026-01-30,Bilaspur DC,Zone B - Suburban,2.9,High,Rain,Bike,34.2,50,82.0,126.36,20.0,4.4,Yes
D0308,2026-01-30,Korba DC,Zone C - Semi-urban,3.2,High,Normal,Bike,43.0,50,66.0,51.99,20.0,3.8,No
D0159,2026-01-30,Raipur DC,Zone B - Suburban,9.4,Low,Rain,Van,365.0,500,74.0,100.63,24.6,4.5,Yes
D0782,2026-01-30,Raipur DC,Zone C - Semi-urban,7.7,Low,Normal,Van,442.6,500,51.0,91.0,20.0,4.2,Yes
D0928,2026-01-31,Bilaspur DC,Zone D - Rural,44.9,Medium,Normal,Bike,17.2,50,147.0,130.44,95.39,4.2,Yes
D0347,2026-02-01,Raipur DC,Zone C - Semi-urban,26.4,Low,Normal,Bike,26.2,50,90.0,154.56,67.83,4.8,Yes
D0744,2026-02-01,Bilaspur DC,Zone B - Suburban,49.9,Medium,Storm,Bike,17.7,50,191.0,102.93,89.08,4.4,Yes
D0383,2026-02-01,Korba DC,Zone B - Suburban,25.7,Medium,Normal,Van,153.3,500,110.0,217.07,107.93,4.6,Yes
D0465,2026-02-02,Korba DC,Zone A - Urban,32.0,Low,Normal,Truck,442.9,1500,105.0,359.66,213.12,4.6,Yes
D0285,2026-02-02,Raipur DC,Zone A - Urban,19.7,Medium,Normal,Bike,19.7,50,82.0,133.97,35.38,4.1,No
D0705,2026-02-02,Bilaspur DC,Zone B - Suburban,5.5,Low,Rain,Van,248.9,500,69.0,116.62,20.0,4.4,Yes
D0111,2026-02-02,Raipur DC,Zone A - Urban,24.6,Low,Normal,Van,269.8,500,74.0,192.89,94.71,4.9,Yes
D0295,2026-02-02,Bilaspur DC,Zone A - Urban,4.4,Medium,Normal,Van,235.4,500,48.0,141.52,20.0,4.6,Yes
D0102,2026-02-02,Korba DC,Zone A - Urban,14.1,High,Normal,Bike,31.6,50,82.0,104.99,30.38,4.4,Yes
D0491,2026-02-02,Korba DC,Zone D - Rural,19.8,Medium,Normal,Bike,23.1,50,120.0,86.81,29.7,3.8,No
D0912,2026-02-02,Korba DC,Zone B - Suburban,13.6,High,Normal,Van,338.5,500,83.0,227.04,57.78,4.5,Yes
D0471,2026-02-03,Raipur DC,Zone C - Semi-urban,22.6,High,Rain,Bike,45.3,50,123.0,158.67,74.91,4.2,Yes
D0834,2026-02-03,Korba DC,Zone C - Semi-urban,11.4,Medium,Normal,Truck,687.7,1500,80.0,325.48,94.87,4.2,Yes
D0795,2026-02-03,Bilaspur DC,Zone B - Suburban,38.7,High,Normal,Van,485.3,500,149.0,321.21,164.42,4.7,Yes
D0896,2026-02-03,Bilaspur DC,Zone A - Urban,31.1,Medium,Normal,Van,395.9,500,111.0,249.31,128.98,4.6,Yes
D0745,2026-02-03,Raipur DC,Zone B - Suburban,16.6,Medium,Normal,Bike,17.1,50,70.0,50.0,49.7,3.9,Yes
D0439,2026-02-03,Korba DC,Zone A - Urban,28.0,Low,Rain,Van,430.7,500,114.0,221.75,108.98,4.1,Yes
D0059,2026-02-04,Raipur DC,Zone B - Suburban,14.4,Low,Normal,Bike,22.2,50,64.0,50.0,25.33,4.7,Yes
D0119,2026-02-04,Raipur DC,Zone A - Urban,56.0,Low,Normal,Van,490.0,500,148.0,343.49,232.77,3.9,No
D0693,2026-02-04,Bilaspur DC,Zone A - Urban,4.2,Low,Normal,Bike,43.3,50,27.0,50.57,20.0,4.6,Yes
D0510,2026-02-04,Korba DC,Zone A - Urban,8.2,Low,Normal,Bike,26.1,50,36.0,50.0,20.0,4.1,Yes
D0316,2026-02-04,Bilaspur DC,Zone B - Suburban,42.6,Low,Normal,Bike,13.5,50,124.0,94.17,96.35,4.5,Yes
D0930,2026-02-05,Korba DC,Zone B - Suburban,15.7,Medium,Rain,Van,221.7,500,87.0,169.79,57.45,4.4,Yes
D0851,2026-02-05,Raipur DC,Zone D - Rural,39.4,High,Rain,Truck,973.5,1500,184.0,545.41,266.74,4.5,Yes
D0143,2026-02-05,Raipur DC,Zone C - Semi-urban,17.9,Low,Normal,Truck,1329.3,1500,85.0,392.05,146.01,4.6,Yes
D0371,2026-02-05,Bilaspur DC,Zone B - Suburban,8.0,Low,Normal,Bike,27.4,50,59.0,80.65,20.0,4.4,Yes
D0534,2026-02-05,Bilaspur DC,Zone C - Semi-urban,11.3,Medium,Normal,Van,445.1,500,77.0,133.6,20.0,4.5,Yes
D0614,2026-02-05,Bilaspur DC,Zone B - Suburban,9.7,Low,Normal,Bike,33.4,50,41.0,100.66,28.91,4.9,Yes
D0115,2026-02-06,Bilaspur DC,Zone C - Semi-urban,6.8,Low,Normal,Bike,32.6,50,63.0,82.65,20.0,5.0,Yes
D0252,2026-02-06,Raipur DC,Zone A - Urban,28.6,Medium,Storm,Van,131.1,500,134.0,226.96,125.63,3.9,No
D0538,2026-02-06,Bilaspur DC,Zone B - Suburban,6.1,Medium,Storm,Bike,40.9,50,88.0,80.54,23.65,4.5,Yes
D0964,2026-02-06,Raipur DC,Zone A - Urban,12.6,High,Storm,Truck,534.3,1500,126.0,331.83,99.43,3.9,No
D0326,2026-02-06,Korba DC,Zone D - Rural,24.1,Medium,Normal,Van,375.3,500,104.0,209.4,113.97,4.8,Yes
D0963,2026-02-07,Korba DC,Zone C - Semi-urban,26.3,Low,Normal,Van,342.6,500,100.0,214.19,93.79,4.2,No
D0991,2026-02-07,Raipur DC,Zone A - Urban,23.2,High,Normal,Truck,1209.0,1500,126.0,425.42,141.13,4.1,Yes
D0771,2026-02-07,Raipur DC,Zone B - Suburban,32.4,Medium,Normal,Truck,688.6,1500,117.0,385.9,219.07,4.3,Yes
D0022,2026-02-07,Raipur DC,Zone C - Semi-urban,14.7,Medium,Rain,Van,266.1,500,83.0,142.82,59.89,4.5,Yes
D0301,2026-02-07,Bilaspur DC,Zone C - Semi-urban,3.6,High,Normal,Truck,959.3,1500,80.0,255.9,21.59,4.5,Yes
D0875,2026-02-07,Bilaspur DC,Zone B - Suburban,10.7,Medium,Normal,Truck,674.3,1500,90.0,300.56,71.83,4.4,Yes
D0209,2026-02-07,Raipur DC,Zone B - Suburban,15.4,High,Normal,Bike,26.3,50,100.0,159.81,36.51,4.1,Yes
D0880,2026-02-08,Bilaspur DC,Zone A - Urban,27.0,Medium,Normal,Van,200.1,500,100.0,274.84,106.68,4.2,Yes
D0577,2026-02-08,Bilaspur DC,Zone A - Urban,34.3,Low,Normal,Bike,33.5,50,94.0,166.57,90.52,4.7,Yes
D0232,2026-02-08,Raipur DC,Zone A - Urban,16.7,High,Normal,Van,403.9,500,110.0,240.56,48.45,4.1,Yes
D0463,2026-02-08,Bilaspur DC,Zone A - Urban,21.6,Low,Normal,Truck,699.4,1500,76.0,292.08,153.07,4.4,Yes
D0186,2026-02-08,Raipur DC,Zone C - Semi-urban,14.7,Medium,Rain,Truck,865.4,1500,94.0,322.39,91.27,4.3,Yes
D0623,2026-02-08,Raipur DC,Zone A - Urban,12.4,Medium,Normal,Truck,581.7,1500,72.0,280.45,99.77,5.0,Yes
D0749,2026-02-08,Raipur DC,Zone A - Urban,8.7,Medium,Normal,Truck,847.1,1500,72.0,289.49,73.83,4.6,Yes
D0360,2026-02-08,Bilaspur DC,Zone D - Rural,28.9,Low,Rain,Van,350.4,500,125.0,189.09,130.71,4.4,Yes
D0078,2026-02-09,Korba DC,Zone C - Semi-urban,5.7,Low,Normal,Bike,44.7,50,68.0,52.28,20.0,4.7,Yes
D0929,2026-02-09,Korba DC,Zone B - Suburban,37.9,Medium,Normal,Van,440.9,500,142.0,281.39,190.96,4.6,Yes
D0686,2026-02-10,Raipur DC,Zone C - Semi-urban,24.2,Medium,Storm,Bike,27.4,50,130.0,65.51,31.27,4.6,Yes
D0105,2026-02-10,Raipur DC,Zone C - Semi-urban,18.8,Low,Normal,Van,322.7,500,80.0,179.21,89.89,4.6,Yes
D0085,2026-02-10,Raipur DC,Zone A - Urban,13.8,High,Storm,Bike,41.7,50,125.0,92.76,20.0,3.3,No
D0240,2026-02-11,Bilaspur DC,Zone B - Suburban,5.6,Low,Normal,Bike,43.3,50,43.0,50.0,20.87,4.4,Yes
D0902,2026-02-11,Raipur DC,Zone C - Semi-urban,17.7,Medium,Rain,Bike,32.7,50,99.0,50.0,53.28,4.1,No
D0131,2026-02-11,Raipur DC,Zone B - Suburban,25.2,Medium,Normal,Bike,20.1,50,91.0,176.52,70.62,4.2,Yes
D0580,2026-02-11,Raipur DC,Zone A - Urban,10.0,Medium,Normal,Van,315.0,500,64.0,162.52,31.02,4.6,Yes
D0358,2026-02-12,Raipur DC,Zone A - Urban,6.6,High,Normal,Van,234.1,500,90.0,183.67,42.13,4.1,Yes
D0502,2026-02-12,Korba DC,Zone C - Semi-urban,19.9,Medium,Normal,Bike,21.4,50,89.0,50.0,20.0,4.6,Yes
D0799,2026-02-12,Korba DC,Zone B - Suburban,36.4,Medium,Rain,Van,432.0,500,133.0,264.44,154.31,4.6,Yes
D0948,2026-02-13,Bilaspur DC,Zone A - Urban,7.4,High,Normal,Van,335.3,500,74.0,119.77,25.11,4.1,Yes
D0503,2026-02-13,Bilaspur DC,Zone B - Suburban,10.1,Low,Normal,Van,352.0,500,54.0,128.33,43.38,4.4,Yes
D0645,2026-02-13,Raipur DC,Zone B - Suburban,2.0,Low,Normal,Van,361.9,500,35.0,113.21,38.61,4.6,Yes
D0157,2026-02-13,Bilaspur DC,Zone B - Suburban,2.7,Medium,Normal,Van,271.0,500,40.0,159.61,29.15,3.6,No
D0884,2026-02-13,Bilaspur DC,Zone C - Semi-urban,19.5,Low,Rain,Bike,47.0,50,91.0,114.49,53.97,4.3,Yes
D0072,2026-02-13,Bilaspur DC,Zone A - Urban,16.6,Medium,Normal,Bike,18.8,50,81.0,50.0,20.0,4.9,Yes
D0151,2026-02-14,Korba DC,Zone C - Semi-urban,13.9,Medium,Normal,Truck,1203.7,1500,80.0,289.08,77.15,4.8,Yes
D0837,2026-02-14,Bilaspur DC,Zone D - Rural,31.0,Medium,Normal,Van,363.6,500,126.0,254.87,154.52,4.9,Yes
D0612,2026-02-14,Raipur DC,Zone A - Urban,18.5,Medium,Normal,Bike,42.2,50,78.0,168.17,64.23,3.7,No
D0088,2026-02-14,Korba DC,Zone C - Semi-urban,6.5,High,Normal,Bike,14.0,50,77.0,71.64,30.96,3.9,Yes
D0508,2026-02-15,Raipur DC,Zone A - Urban,26.7,Low,Normal,Van,459.9,500,98.0,228.84,116.85,4.5,Yes
D0329,2026-02-15,Bilaspur DC,Zone C - Semi-urban,18.9,Medium,Normal,Van,300.3,500,97.0,223.21,101.63,4.4,Yes
D0692,2026-02-15,Bilaspur DC,Zone C - Semi-urban,15.0,Medium,Normal,Van,473.9,500,93.0,212.53,75.06,4.6,Yes
D0321,2026-02-15,Bilaspur DC,Zone A - Urban,12.8,Medium,Normal,Truck,770.7,1500,77.0,286.35,83.52,4.4,Yes
D0833,2026-02-15,Raipur DC,Zone A - Urban,5.3,Low,Normal,Van,461.4,500,56.0,145.31,48.48,4.6,Yes
D0762,2026-02-16,Korba DC,Zone A - Urban,6.3,Low,Normal,Truck,689.7,1500,55.0,159.14,44.81,4.2,Yes
D0458,2026-02-16,Korba DC,Zone A - Urban,8.2,Medium,Normal,Truck,870.3,1500,80.0,328.13,58.35,4.2,Yes
D0658,2026-02-16,Raipur DC,Zone A - Urban,19.0,High,Normal,Van,349.7,500,94.0,212.13,77.85,4.5,Yes
D0650,2026-02-16,Bilaspur DC,Zone A - Urban,24.0,Low,Normal,Van,144.0,500,66.0,196.79,117.3,4.6,Yes
D0857,2026-02-16,Bilaspur DC,Zone B - Suburban,5.8,Medium,Normal,Bike,34.5,50,65.0,69.96,20.0,3.6,No
D0958,2026-02-16,Bilaspur DC,Zone B - Suburban,2.0,Low,Normal,Van,329.1,500,46.0,112.01,20.0,4.7,Yes
D0410,2026-02-16,Raipur DC,Zone D - Rural,25.0,High,Normal,Bike,43.6,50,129.0,179.96,63.77,4.5,Yes
D0841,2026-02-16,Korba DC,Zone B - Suburban,31.4,Medium,Storm,Van,148.1,500,132.0,232.33,143.91,4.3,Yes
D0697,2026-02-16,Korba DC,Zone D - Rural,15.2,Medium,Normal,Van,327.8,500,90.0,169.72,77.28,4.6,Yes
D0250,2026-02-17,Raipur DC,Zone A - Urban,7.1,High,Normal,Truck,958.0,1500,88.0,343.46,55.07,4.1,No
D0112,2026-02-17,Bilaspur DC,Zone D - Rural,24.4,Medium,Normal,Van,185.0,500,107.0,193.14,122.44,4.0,No
D0313,2026-02-17,Raipur DC,Zone B - Suburban,4.4,Medium,Normal,Van,381.5,500,48.0,145.0,22.22,4.9,Yes
D0443,2026-02-17,Bilaspur DC,Zone B - Suburban,31.5,Low,Normal,Bike,19.4,50,115.0,90.38,60.24,4.5,Yes
D0288,2026-02-17,Raipur DC,Zone B - Suburban,17.5,High,Normal,Van,371.4,500,115.0,206.25,82.19,4.8,Yes
D0847,2026-02-17,Raipur DC,Zone A - Urban,12.0,Medium,Rain,Bike,17.3,50,80.0,107.65,35.73,4.3,No
D0076,2026-02-17,Bilaspur DC,Zone A - Urban,13.1,Medium,Normal,Bike,37.4,50,82.0,50.0,20.0,4.5,Yes
D0257,2026-02-17,Bilaspur DC,Zone D - Rural,14.0,Low,Rain,Van,108.0,500,85.0,135.37,51.27,4.5,Yes
D0659,2026-02-18,Raipur DC,Zone C - Semi-urban,11.7,Low,Rain,Bike,19.6,50,76.0,78.35,34.73,4.9,Yes
D0317,2026-02-18,Raipur DC,Zone A - Urban,18.4,Low,Storm,Van,378.3,500,111.0,140.71,80.58,4.3,Yes
D0029,2026-02-18,Raipur DC,Zone A - Urban,14.6,Low,Normal,Bike,43.9,50,55.0,54.42,41.3,3.9,Yes
D0393,2026-02-18,Bilaspur DC,Zone A - Urban,26.1,Low,Normal,Truck,1383.0,1500,85.0,413.54,187.96,4.3,Yes
D0995,2026-02-18,Raipur DC,Zone B - Suburban,29.9,Medium,Rain,Truck,819.9,1500,121.0,415.3,211.87,4.5,Yes
D0062,2026-02-19,Raipur DC,Zone A - Urban,60.3,Low,Normal,Bike,25.2,50,160.0,182.69,137.29,4.4,Yes
D0772,2026-02-19,Bilaspur DC,Zone A - Urban,11.8,Low,Normal,Bike,14.3,50,61.0,50.0,32.39,4.1,Yes
D0364,2026-02-19,Raipur DC,Zone B - Suburban,68.1,Low,Normal,Truck,686.6,1500,200.0,647.96,477.97,5.0,Yes
D0755,2026-02-19,Raipur DC,Zone C - Semi-urban,15.5,Medium,Normal,Van,437.9,500,80.0,144.24,66.28,4.6,Yes
D0174,2026-02-20,Korba DC,Zone C - Semi-urban,13.2,High,Normal,Van,166.8,500,100.0,202.21,58.35,4.2,Yes
D0303,2026-02-20,Bilaspur DC,Zone B - Suburban,29.1,Medium,Normal,Van,235.5,500,108.0,189.81,107.17,3.7,No
D0034,2026-02-20,Raipur DC,Zone A - Urban,29.5,Low,Normal,Van,140.8,500,98.0,227.47,148.73,4.5,Yes
D0819,2026-02-20,Raipur DC,Zone A - Urban,32.2,Medium,Normal,Truck,722.2,1500,120.0,450.02,235.06,4.4,Yes
D0039,2026-02-20,Raipur DC,Zone B - Suburban,17.7,High,Normal,Van,146.2,500,102.0,169.93,47.57,3.8,No
D0740,2026-02-20,Bilaspur DC,Zone B - Suburban,47.7,Medium,Normal,Truck,445.3,1500,158.0,526.3,354.61,4.6,Yes
D0385,2026-02-20,Korba DC,Zone C - Semi-urban,15.6,Medium,Normal,Bike,38.8,50,93.0,129.72,44.24,5.0,Yes
D0784,2026-02-20,Bilaspur DC,Zone B - Suburban,23.7,High,Normal,Bike,12.2,50,101.0,155.58,54.03,3.3,No
D0779,2026-02-21,Raipur DC,Zone D - Rural,30.6,High,Normal,Truck,1177.3,1500,148.0,496.1,202.82,4.7,Yes
D0414,2026-02-21,Bilaspur DC,Zone B - Suburban,25.6,High,Normal,Bike,20.9,50,94.0,105.93,60.37,4.4,Yes
D0136,2026-02-21,Bilaspur DC,Zone D - Rural,18.3,Low,Normal,Van,440.5,500,95.0,182.2,73.6,4.8,Yes
D0184,2026-02-21,Bilaspur DC,Zone C - Semi-urban,21.1,Low,Rain,Bike,21.9,50,90.0,72.15,51.31,4.0,Yes
D0562,2026-02-21,Raipur DC,Zone A - Urban,36.1,Medium,Normal,Truck,871.6,1500,134.0,461.56,272.88,3.7,No
D0228,2026-02-21,Bilaspur DC,Zone B - Suburban,7.1,Medium,Normal,Van,375.3,500,63.0,128.76,24.67,3.8,No
D0732,2026-02-22,Raipur DC,Zone A - Urban,25.4,Medium,Normal,Bike,29.1,50,100.0,112.37,63.77,4.3,Yes
D0051,2026-02-22,Korba DC,Zone B - Suburban,39.1,Medium,Normal,Bike,33.9,50,139.0,122.15,80.76,4.4,Yes
D0081,2026-02-22,Korba DC,Zone A - Urban,7.5,Low,Normal,Van,439.5,500,41.0,139.28,25.41,3.7,No
D0797,2026-02-22,Bilaspur DC,Zone D - Rural,25.5,High,Normal,Van,409.9,500,120.0,307.53,135.4,4.2,No
D0202,2026-02-22,Korba DC,Zone C - Semi-urban,23.1,Medium,Storm,Truck,500.0,1500,119.0,329.72,148.62,4.4,No
D0573,2026-02-22,Bilaspur DC,Zone A - Urban,26.1,High,Normal,Bike,37.5,50,114.0,130.15,59.02,4.1,Yes
D0018,2026-02-22,Raipur DC,Zone B - Suburban,3.1,High,Normal,Van,445.4,500,59.0,191.75,20.0,4.5,Yes
D0401,2026-02-22,Bilaspur DC,Zone D - Rural,21.0,Low,Rain,Bike,26.2,50,111.0,81.08,32.35,4.8,Yes
D0070,2026-02-23,Raipur DC,Zone A - Urban,13.1,High,Normal,Van,271.6,500,86.0,245.59,68.73,4.7,Yes
D0067,2026-02-23,Korba DC,Zone D - Rural,38.0,Low,Normal,Van,215.6,500,123.0,300.99,182.58,4.0,No
D0398,2026-02-23,Bilaspur DC,Zone B - Suburban,24.4,Medium,Rain,Van,124.4,500,105.0,164.44,118.38,3.9,No
D0757,2026-02-23,Raipur DC,Zone D - Rural,33.6,High,Normal,Van,371.0,500,157.0,297.31,162.06,4.2,Yes
D0340,2026-02-23,Raipur DC,Zone C - Semi-urban,27.7,Low,Rain,Van,318.0,500,122.0,219.95,126.47,3.7,No
D0261,2026-02-23,Raipur DC,Zone C - Semi-urban,34.5,High,Normal,Bike,33.7,50,150.0,167.34,76.98,4.4,Yes
D0280,2026-02-23,Korba DC,Zone A - Urban,11.6,Low,Normal,Truck,427.6,1500,63.0,271.72,93.91,5.0,Yes
D0196,2026-02-23,Raipur DC,Zone B - Suburban,69.3,Low,Storm,Bike,35.6,50,209.0,174.56,130.0,4.6,Yes
D0665,2026-02-23,Bilaspur DC,Zone B - Suburban,22.1,Low,Normal,Bike,23.0,50,68.0,71.78,55.15,4.6,Yes
D0724,2026-02-24,Raipur DC,Zone C - Semi-urban,21.5,Low,Normal,Bike,18.9,50,92.0,75.91,35.23,4.5,Yes
D0412,2026-02-24,Raipur DC,Zone A - Urban,4.9,High,Normal,Van,301.3,500,75.0,150.65,20.0,4.8,Yes
D0925,2026-02-24,Raipur DC,Zone B - Suburban,59.3,Medium,Normal,Bike,36.3,50,165.0,237.29,150.87,5.0,Yes
D0036,2026-02-24,Bilaspur DC,Zone D - Rural,21.1,High,Normal,Truck,715.5,1500,130.0,378.74,130.97,3.8,No
D0700,2026-02-25,Raipur DC,Zone A - Urban,52.5,Low,Normal,Van,172.0,500,149.0,316.51,219.73,4.6,Yes
D0867,2026-02-25,Bilaspur DC,Zone B - Suburban,24.4,Medium,Storm,Bike,17.2,50,117.0,122.81,48.25,3.9,No
D0639,2026-02-25,Raipur DC,Zone A - Urban,17.2,Medium,Normal,Truck,430.8,1500,101.0,321.47,141.81,4.8,Yes
D0859,2026-02-25,Raipur DC,Zone B - Suburban,10.4,Medium,Normal,Truck,908.9,1500,84.0,299.73,101.1,4.2,Yes
D0843,2026-02-25,Bilaspur DC,Zone C - Semi-urban,14.1,High,Normal,Truck,969.2,1500,100.0,378.43,96.48,4.3,Yes
D0370,2026-02-26,Korba DC,Zone C - Semi-urban,39.0,Medium,Rain,Van,325.0,500,144.0,244.07,163.74,3.9,No
D0759,2026-02-26,Korba DC,Zone C - Semi-urban,5.7,Medium,Normal,Van,129.2,500,79.0,135.76,27.46,5.0,Yes
D0576,2026-02-26,Korba DC,Zone A - Urban,27.4,High,Normal,Van,306.2,500,110.0,283.28,128.59,4.5,Yes
D0390,2026-02-27,Raipur DC,Zone A - Urban,9.7,Medium,Rain,Van,423.2,500,70.0,174.88,49.22,4.5,Yes
D0644,2026-02-27,Raipur DC,Zone A - Urban,17.8,Medium,Rain,Van,189.0,500,89.0,152.97,76.87,4.8,Yes
D0628,2026-02-27,Bilaspur DC,Zone C - Semi-urban,13.8,Low,Rain,Bike,40.8,50,85.0,72.28,29.84,4.7,Yes
D0026,2026-02-27,Bilaspur DC,Zone B - Suburban,5.4,Medium,Normal,Bike,36.2,50,57.0,65.84,28.8,4.5,Yes
D0521,2026-02-27,Bilaspur DC,Zone A - Urban,20.0,Medium,Normal,Van,363.5,500,73.0,203.96,92.81,4.5,Yes
D0436,2026-02-27,Raipur DC,Zone A - Urban,13.2,Medium,Normal,Van,189.0,500,81.0,173.31,60.34,4.4,Yes
D0341,2026-02-27,Raipur DC,Zone B - Suburban,42.7,High,Storm,Bike,36.1,50,184.0,166.86,61.84,4.6,Yes
D0427,2026-02-27,Korba DC,Zone C - Semi-urban,7.4,Medium,Normal,Truck,537.7,1500,77.0,201.99,39.05,4.6,Yes
D0391,2026-02-27,Bilaspur DC,Zone D - Rural,40.7,Medium,Normal,Truck,1386.2,1500,153.0,527.4,276.43,4.6,Yes
D0909,2026-02-28,Raipur DC,Zone C - Semi-urban,12.2,High,Normal,Bike,46.3,50,95.0,65.65,20.04,4.3,Yes
D0715,2026-02-28,Raipur DC,Zone A - Urban,15.4,Medium,Rain,Bike,26.8,50,81.0,82.26,22.09,4.8,Yes
D0030,2026-02-28,Korba DC,Zone C - Semi-urban,23.0,High,Normal,Van,248.5,500,126.0,231.2,100.07,4.7,Yes
D0177,2026-02-28,Bilaspur DC,Zone C - Semi-urban,41.5,High,Rain,Bike,17.3,50,174.0,114.84,62.71,4.7,Yes
D0368,2026-03-01,Raipur DC,Zone A - Urban,8.1,Medium,Normal,Van,157.0,500,55.0,81.68,39.43,5.0,Yes
D0246,2026-03-01,Bilaspur DC,Zone B - Suburban,42.3,High,Normal,Van,254.5,500,147.0,324.73,177.85,4.1,Yes
D0047,2026-03-01,Raipur DC,Zone A - Urban,38.9,High,Normal,Truck,757.3,1500,143.0,520.02,294.16,4.7,Yes
D0682,2026-03-01,Bilaspur DC,Zone A - Urban,27.2,Low,Normal,Bike,25.4,50,76.0,110.18,66.43,4.3,Yes
D0402,2026-03-01,Korba DC,Zone C - Semi-urban,26.6,Low,Normal,Bike,25.1,50,92.0,75.82,67.67,4.8,Yes
D0649,2026-03-02,Korba DC,Zone B - Suburban,15.6,Low,Normal,Van,195.5,500,60.0,50.0,47.08,4.5,Yes
D0630,2026-03-02,Korba DC,Zone B - Suburban,3.1,Medium,Rain,Van,382.3,500,68.0,162.26,20.0,4.4,Yes
D0817,2026-03-02,Bilaspur DC,Zone C - Semi-urban,21.0,Low,Normal,Bike,26.4,50,95.0,59.82,24.41,4.3,Yes
D0848,2026-03-02,Raipur DC,Zone A - Urban,11.0,Medium,Normal,Van,201.1,500,59.0,169.3,62.08,4.8,Yes
D0825,2026-03-02,Bilaspur DC,Zone B - Suburban,23.9,Medium,Normal,Truck,862.3,1500,94.0,351.84,140.29,4.4,Yes
D0312,2026-03-02,Bilaspur DC,Zone A - Urban,12.7,Low,Normal,Bike,9.5,50,55.0,71.45,22.3,5.0,Yes
D0921,2026-03-03,Korba DC,Zone C - Semi-urban,27.1,Low,Rain,Bike,47.7,50,111.0,80.22,35.71,4.8,Yes
D0997,2026-03-03,Korba DC,Zone A - Urban,11.0,Medium,Normal,Bike,25.0,50,57.0,50.0,20.0,4.9,Yes
D0430,2026-03-03,Korba DC,Zone B - Suburban,26.6,High,Rain,Van,339.7,500,131.0,283.41,135.77,4.8,Yes
D0942,2026-03-03,Raipur DC,Zone B - Suburban,43.4,Medium,Normal,Bike,22.5,50,145.0,132.81,62.41,4.6,Yes
D0152,2026-03-03,Raipur DC,Zone C - Semi-urban,8.9,High,Normal,Van,467.4,500,82.0,185.07,51.17,4.6,Yes
D0183,2026-03-03,Bilaspur DC,Zone A - Urban,39.7,High,Normal,Van,263.0,500,147.0,328.56,219.5,4.3,Yes
D0172,2026-03-03,Raipur DC,Zone A - Urban,32.1,Medium,Rain,Bike,12.0,50,120.0,92.78,70.93,4.4,Yes
D0114,2026-03-03,Bilaspur DC,Zone B - Suburban,18.9,Low,Rain,Van,217.8,500,87.0,186.19,79.59,4.7,Yes
D0548,2026-03-03,Raipur DC,Zone B - Suburban,19.1,Medium,Normal,Bike,11.1,50,86.0,108.74,53.05,4.4,No
D0713,2026-03-04,Raipur DC,Zone C - Semi-urban,13.7,High,Normal,Bike,34.7,50,104.0,124.76,26.82,4.9,Yes
D0387,2026-03-04,Bilaspur DC,Zone A - Urban,36.2,Medium,Normal,Bike,36.1,50,129.0,138.74,102.37,4.6,Yes
D0134,2026-03-04,Bilaspur DC,Zone D - Rural,21.4,Low,Normal,Van,341.9,500,91.0,206.77,78.58,4.6,Yes
D0096,2026-03-04,Korba DC,Zone A - Urban,30.2,Medium,Normal,Van,424.4,500,103.0,241.9,105.36,4.9,Yes
D0984,2026-03-04,Bilaspur DC,Zone A - Urban,22.8,Medium,Normal,Van,221.4,500,95.0,186.99,92.09,4.1,No
D0846,2026-03-04,Korba DC,Zone B - Suburban,10.1,Medium,Normal,Truck,941.3,1500,74.0,277.72,85.92,4.7,Yes
D0424,2026-03-04,Raipur DC,Zone C - Semi-urban,56.1,Medium,Normal,Van,125.1,500,163.0,364.45,238.25,4.9,Yes
D0037,2026-03-05,Korba DC,Zone C - Semi-urban,12.6,Low,Normal,Truck,427.1,1500,70.0,206.77,84.42,4.9,Yes
D0962,2026-03-05,Bilaspur DC,Zone A - Urban,7.6,High,Normal,Bike,15.3,50,75.0,75.81,26.03,4.6,Yes
D0908,2026-03-05,Bilaspur DC,Zone A - Urban,29.6,Low,Normal,Van,290.6,500,100.0,208.56,141.38,4.8,Yes
D0374,2026-03-06,Raipur DC,Zone A - Urban,23.3,Medium,Normal,Truck,908.8,1500,82.0,359.92,159.07,4.7,Yes
D0983,2026-03-06,Raipur DC,Zone D - Rural,19.7,Medium,Normal,Van,142.1,500,112.0,144.2,63.24,4.8,Yes
D0498,2026-03-06,Bilaspur DC,Zone C - Semi-urban,18.1,Low,Normal,Van,116.1,500,77.0,218.69,78.68,4.8,Yes
D0608,2026-03-06,Bilaspur DC,Zone C - Semi-urban,15.4,High,Normal,Bike,44.8,50,99.0,119.83,20.0,4.6,Yes
D0089,2026-03-06,Korba DC,Zone A - Urban,31.2,Low,Normal,Truck,732.2,1500,99.0,396.65,198.99,4.1,No
D0707,2026-03-06,Korba DC,Zone D - Rural,14.2,Medium,Normal,Van,441.3,500,94.0,177.65,57.85,4.7,Yes
D0933,2026-03-07,Bilaspur DC,Zone B - Suburban,31.6,Medium,Rain,Van,238.8,500,121.0,281.24,133.4,4.4,Yes
D0766,2026-03-07,Bilaspur DC,Zone B - Suburban,12.3,Medium,Normal,Van,406.5,500,67.0,161.31,54.02,4.6,Yes
D0382,2026-03-07,Bilaspur DC,Zone D - Rural,35.0,Low,Normal,Van,280.2,500,130.0,281.86,179.59,4.4,Yes
D0149,2026-03-07,Bilaspur DC,Zone A - Urban,22.7,High,Normal,Bike,26.6,50,107.0,139.88,39.05,4.3,Yes
D0497,2026-03-08,Bilaspur DC,Zone A - Urban,19.8,Low,Rain,Van,354.5,500,89.0,115.65,57.65,4.9,Yes
D0342,2026-03-08,Korba DC,Zone A - Urban,13.8,Low,Normal,Truck,1277.1,1500,61.0,321.37,100.52,4.2,No
D0336,2026-03-08,Korba DC,Zone C - Semi-urban,20.4,Medium,Rain,Van,460.7,500,119.0,182.88,62.35,4.7,Yes
D0891,2026-03-08,Raipur DC,Zone A - Urban,22.3,High,Normal,Van,463.0,500,96.0,266.89,85.14,4.2,Yes
D0889,2026-03-09,Korba DC,Zone A - Urban,33.1,Low,Normal,Truck,874.4,1500,103.0,436.05,235.63,3.9,Yes
D0206,2026-03-09,Raipur DC,Zone C - Semi-urban,12.8,Medium,Storm,Bike,23.1,50,103.0,56.98,28.97,3.3,No
D0284,2026-03-09,Korba DC,Zone D - Rural,24.3,Low,Rain,Truck,434.2,1500,126.0,292.74,168.17,4.6,Yes
D0953,2026-03-09,Korba DC,Zone B - Suburban,10.1,Low,Rain,Bike,30.9,50,53.0,50.0,46.74,4.5,Yes
D0448,2026-03-10,Korba DC,Zone B - Suburban,39.0,High,Normal,Bike,38.0,50,147.0,174.89,110.06,4.3,Yes
D0457,2026-03-10,Raipur DC,Zone C - Semi-urban,8.0,Low,Storm,Truck,601.8,1500,99.0,244.63,53.57,4.6,Yes
D0469,2026-03-10,Bilaspur DC,Zone C - Semi-urban,34.5,Medium,Normal,Van,322.2,500,132.0,282.55,158.51,4.5,Yes
D0211,2026-03-10,Bilaspur DC,Zone A - Urban,4.1,Medium,Normal,Truck,1141.9,1500,63.0,239.45,30.01,4.9,Yes
D0794,2026-03-10,Korba DC,Zone B - Suburban,20.8,High,Normal,Truck,857.3,1500,109.0,361.24,141.78,3.9,No
D0567,2026-03-10,Raipur DC,Zone A - Urban,14.9,Low,Normal,Van,138.9,500,68.0,180.03,66.07,4.4,Yes
D0477,2026-03-10,Korba DC,Zone B - Suburban,14.7,Medium,Normal,Van,409.1,500,76.0,207.39,58.62,4.3,Yes
D0996,2026-03-10,Bilaspur DC,Zone A - Urban,16.2,High,Normal,Van,322.1,500,102.0,190.03,71.62,4.5,Yes
D0396,2026-03-11,Raipur DC,Zone C - Semi-urban,38.0,Low,Normal,Bike,30.0,50,116.0,88.45,69.21,4.8,Yes
D0218,2026-03-11,Bilaspur DC,Zone A - Urban,9.4,High,Normal,Truck,773.4,1500,83.0,308.96,63.25,3.6,No
D0828,2026-03-11,Korba DC,Zone A - Urban,6.6,Low,Normal,Bike,30.9,50,55.0,85.69,20.0,4.8,Yes
D0950,2026-03-11,Bilaspur DC,Zone C - Semi-urban,12.4,Low,Normal,Bike,34.8,50,68.0,56.39,32.91,4.3,Yes
D0615,2026-03-11,Korba DC,Zone C - Semi-urban,17.0,Low,Normal,Bike,46.1,50,87.0,71.32,34.42,4.8,Yes
D0916,2026-03-11,Korba DC,Zone C - Semi-urban,13.3,Low,Normal,Bike,14.7,50,63.0,92.1,42.69,4.7,Yes
D0091,2026-03-12,Bilaspur DC,Zone A - Urban,27.5,Medium,Normal,Truck,971.4,1500,111.0,430.74,214.53,4.7,Yes
D0146,2026-03-12,Raipur DC,Zone D - Rural,25.6,Medium,Normal,Bike,42.7,50,107.0,111.31,52.59,4.5,Yes
D0611,2026-03-12,Raipur DC,Zone A - Urban,12.9,Medium,Rain,Van,236.4,500,76.0,155.21,61.51,3.9,No
D0006,2026-03-13,Raipur DC,Zone C - Semi-urban,6.3,Medium,Normal,Bike,38.4,50,65.0,132.52,20.0,3.9,No
D0748,2026-03-13,Korba DC,Zone B - Suburban,25.8,Medium,Normal,Van,280.3,500,113.0,211.57,121.09,4.6,Yes
D0108,2026-03-13,Bilaspur DC,Zone A - Urban,15.9,Medium,Normal,Van,383.0,500,73.0,193.1,65.36,4.7,Yes
D0042,2026-03-14,Bilaspur DC,Zone B - Suburban,15.4,Low,Normal,Van,107.6,500,65.0,121.33,67.24,4.6,Yes
D0839,2026-03-14,Raipur DC,Zone A - Urban,30.3,Medium,Normal,Van,345.0,500,114.0,267.96,124.72,4.6,Yes
D0986,2026-03-14,Raipur DC,Zone C - Semi-urban,30.3,High,Normal,Truck,682.1,1500,142.0,406.82,215.61,4.2,Yes
D0670,2026-03-15,Korba DC,Zone C - Semi-urban,19.1,Low,Normal,Van,317.3,500,82.0,144.98,77.84,4.5,Yes
D0590,2026-03-15,Bilaspur DC,Zone A - Urban,12.3,Medium,Rain,Truck,988.1,1500,87.0,300.58,95.47,4.5,Yes
D0791,2026-03-15,Korba DC,Zone D - Rural,39.7,Low,Storm,Van,299.3,500,164.0,320.21,173.87,4.2,Yes
D0501,2026-03-15,Bilaspur DC,Zone A - Urban,6.4,Medium,Normal,Bike,19.5,50,44.0,63.27,23.82,4.4,Yes
D0160,2026-03-16,Bilaspur DC,Zone A - Urban,26.4,Medium,Normal,Van,257.4,500,96.0,284.84,134.26,4.2,Yes
D0920,2026-03-16,Korba DC,Zone D - Rural,58.3,Low,Rain,Bike,17.0,50,192.0,130.95,109.93,4.9,Yes
D0266,2026-03-16,Raipur DC,Zone A - Urban,80.0,Medium,Rain,Van,330.8,500,239.0,464.27,359.49,4.2,No
D0010,2026-03-16,Bilaspur DC,Zone C - Semi-urban,16.1,Low,Normal,Van,236.4,500,75.0,196.3,93.02,4.1,Yes
D0586,2026-03-16,Raipur DC,Zone D - Rural,65.6,Low,Rain,Van,404.3,500,201.0,401.81,300.67,4.5,Yes
D0934,2026-03-16,Bilaspur DC,Zone B - Suburban,26.5,High,Normal,Bike,41.5,50,105.0,92.91,20.0,4.4,Yes
D0523,2026-03-16,Korba DC,Zone A - Urban,53.1,Medium,Normal,Van,144.6,500,166.0,352.69,232.85,5.0,Yes
D0767,2026-03-16,Raipur DC,Zone D - Rural,39.2,Medium,Rain,Truck,493.6,1500,153.0,419.97,240.77,3.9,No
D0558,2026-03-17,Bilaspur DC,Zone C - Semi-urban,29.5,High,Normal,Bike,46.2,50,130.0,103.49,32.28,4.5,Yes
D0451,2026-03-17,Bilaspur DC,Zone A - Urban,19.5,Medium,Normal,Van,271.7,500,79.0,205.22,102.85,4.8,Yes
D0588,2026-03-17,Raipur DC,Zone A - Urban,12.8,Medium,Normal,Van,332.9,500,83.0,142.75,41.23,4.5,Yes
D0968,2026-03-18,Korba DC,Zone A - Urban,9.2,High,Normal,Van,217.8,500,81.0,129.75,49.12,4.4,Yes
D0999,2026-03-19,Raipur DC,Zone D - Rural,49.6,Low,Storm,Bike,32.9,50,187.0,148.53,113.96,4.3,Yes
D0862,2026-03-19,Bilaspur DC,Zone A - Urban,61.5,Medium,Storm,Bike,43.9,50,203.0,196.56,149.05,4.6,Yes
D0737,2026-03-19,Korba DC,Zone A - Urban,21.3,Low,Normal,Bike,28.4,50,67.0,137.46,45.96,4.6,Yes
D0836,2026-03-19,Bilaspur DC,Zone A - Urban,15.2,Low,Normal,Truck,358.8,1500,68.0,278.34,136.29,4.3,Yes
D0776,2026-03-20,Raipur DC,Zone B - Suburban,10.5,Medium,Rain,Van,383.4,500,93.0,186.41,52.61,4.7,Yes
D0936,2026-03-20,Bilaspur DC,Zone C - Semi-urban,4.6,Low,Normal,Bike,21.6,50,60.0,58.05,20.0,4.5,Yes
D0943,2026-03-20,Raipur DC,Zone D - Rural,18.6,Medium,Normal,Bike,42.7,50,102.0,70.53,36.73,4.3,Yes
D0781,2026-03-20,Korba DC,Zone B - Suburban,4.2,Medium,Normal,Van,366.5,500,59.0,188.25,45.1,4.7,Yes
D0652,2026-03-21,Korba DC,Zone C - Semi-urban,10.0,Low,Normal,Van,313.3,500,67.0,122.0,50.99,4.2,Yes
D0803,2026-03-21,Korba DC,Zone A - Urban,19.0,Medium,Normal,Van,288.4,500,70.0,218.84,87.71,4.4,Yes
D0481,2026-03-21,Bilaspur DC,Zone B - Suburban,33.3,Medium,Normal,Bike,21.1,50,128.0,159.55,60.88,4.5,Yes
D0511,2026-03-22,Raipur DC,Zone A - Urban,13.1,Low,Normal,Van,448.6,500,57.0,133.68,69.36,4.7,Yes
D0849,2026-03-22,Bilaspur DC,Zone A - Urban,7.9,Medium,Normal,Van,179.2,500,71.0,114.19,47.92,4.3,Yes
D0785,2026-03-22,Bilaspur DC,Zone D - Rural,31.3,Low,Normal,Van,366.6,500,119.0,203.7,103.67,4.6,Yes
D0098,2026-03-22,Raipur DC,Zone A - Urban,10.7,Medium,Normal,Truck,709.0,1500,74.0,270.09,74.73,3.9,No
D0060,2026-03-22,Raipur DC,Zone A - Urban,32.6,Medium,Normal,Bike,31.1,50,112.0,69.91,64.5,4.5,Yes
D0192,2026-03-22,Raipur DC,Zone A - Urban,9.3,Low,Normal,Truck,640.6,1500,62.0,245.58,72.94,4.2,No
D0695,2026-03-23,Bilaspur DC,Zone A - Urban,31.4,Medium,Normal,Bike,19.5,50,119.0,92.98,55.55,4.5,Yes
D0774,2026-03-23,Bilaspur DC,Zone C - Semi-urban,21.3,High,Normal,Van,220.2,500,100.0,230.08,85.73,4.8,Yes
D0279,2026-03-23,Bilaspur DC,Zone A - Urban,20.9,Medium,Normal,Bike,15.2,50,90.0,115.42,34.83,4.7,Yes
D0079,2026-03-23,Raipur DC,Zone A - Urban,22.0,Medium,Normal,Van,366.2,500,81.0,223.48,108.99,4.2,Yes
D0233,2026-03-23,Raipur DC,Zone A - Urban,14.6,Medium,Rain,Bike,36.4,50,87.0,59.7,53.84,4.7,Yes
D0901,2026-03-24,Raipur DC,Zone A - Urban,29.1,Low,Rain,Bike,47.0,50,103.0,125.42,70.19,4.0,No
D0734,2026-03-24,Korba DC,Zone B - Suburban,8.4,Medium,Rain,Bike,20.5,50,81.0,50.0,20.0,4.5,Yes
D0605,2026-03-24,Bilaspur DC,Zone A - Urban,26.7,Medium,Normal,Truck,527.6,1500,105.0,397.25,166.78,4.4,Yes
D0563,2026-03-24,Raipur DC,Zone B - Suburban,10.6,Low,Rain,Van,209.4,500,70.0,170.87,64.67,4.5,Yes
D0982,2026-03-25,Korba DC,Zone B - Suburban,12.5,Medium,Normal,Bike,19.2,50,84.0,104.72,20.0,4.8,Yes
D0549,2026-03-25,Raipur DC,Zone C - Semi-urban,43.4,Medium,Normal,Van,281.5,500,153.0,356.32,182.83,3.4,No
D0793,2026-03-25,Raipur DC,Zone D - Rural,90.6,Low,Normal,Truck,703.2,1500,236.0,810.62,641.27,4.7,Yes
D0485,2026-03-25,Bilaspur DC,Zone A - Urban,15.5,High,Storm,Van,464.0,500,112.0,221.6,78.57,3.6,No
D0053,2026-03-25,Korba DC,Zone C - Semi-urban,46.7,Low,Rain,Van,234.7,500,164.0,322.37,206.28,3.4,No
D0271,2026-03-25,Korba DC,Zone C - Semi-urban,47.9,High,Rain,Van,148.3,500,184.0,341.39,221.09,4.2,Yes
D0158,2026-03-25,Raipur DC,Zone B - Suburban,9.0,Medium,Normal,Van,142.3,500,73.0,145.08,42.66,4.8,Yes
D0711,2026-03-26,Korba DC,Zone D - Rural,55.8,Medium,Rain,Van,273.5,500,185.0,318.96,233.38,4.6,Yes
D0764,2026-03-26,Raipur DC,Zone D - Rural,24.6,Low,Normal,Van,352.7,500,98.0,195.47,96.18,4.5,Yes
D0462,2026-03-26,Korba DC,Zone A - Urban,14.0,Low,Normal,Van,238.8,500,47.0,138.91,54.74,5.0,Yes
D0736,2026-03-26,Bilaspur DC,Zone B - Suburban,21.0,High,Rain,Van,345.2,500,128.0,199.98,82.18,4.6,Yes
D0714,2026-03-27,Raipur DC,Zone D - Rural,16.0,High,Normal,Van,189.5,500,121.0,178.82,75.75,4.7,Yes
D0349,2026-03-27,Bilaspur DC,Zone A - Urban,19.0,High,Storm,Bike,29.0,50,102.0,142.88,63.8,4.5,Yes
D0882,2026-03-27,Bilaspur DC,Zone B - Suburban,27.1,Low,Normal,Bike,23.7,50,91.0,101.96,56.27,4.8,Yes
D0455,2026-03-27,Bilaspur DC,Zone D - Rural,48.1,Low,Normal,Bike,37.8,50,146.0,132.76,75.7,3.8,No
D0384,2026-03-27,Korba DC,Zone A - Urban,20.6,High,Normal,Van,451.4,500,104.0,252.8,94.86,3.5,No
D0551,2026-03-27,Bilaspur DC,Zone B - Suburban,27.5,Medium,Storm,Bike,40.9,50,121.0,102.37,63.44,4.6,Yes
D0147,2026-03-27,Raipur DC,Zone D - Rural,47.0,Medium,Normal,Van,199.4,500,172.0,278.08,213.93,5.0,Yes
D0392,2026-03-27,Korba DC,Zone A - Urban,9.2,Medium,Normal,Truck,787.0,1500,67.0,266.64,58.44,4.5,Yes
D0609,2026-03-27,Korba DC,Zone A - Urban,28.1,Medium,Storm,Bike,19.3,50,107.0,125.59,63.4,5.0,Yes
D0197,2026-03-28,Raipur DC,Zone C - Semi-urban,34.5,Medium,Normal,Truck,543.4,1500,131.0,446.4,250.69,4.5,Yes
D0093,2026-03-29,Korba DC,Zone C - Semi-urban,43.0,Medium,Normal,Truck,1405.9,1500,157.0,541.46,298.94,4.7,Yes
D0020,2026-03-29,Raipur DC,Zone B - Suburban,16.0,High,Rain,Van,316.5,500,96.0,252.91,93.6,4.5,Yes
D0011,2026-03-29,Bilaspur DC,Zone B - Suburban,33.6,Medium,Normal,Bike,46.5,50,119.0,123.34,53.31,4.7,Yes
D0090,2026-03-30,Raipur DC,Zone A - Urban,6.3,Medium,Normal,Bike,26.9,50,60.0,116.65,26.12,4.9,Yes
D0028,2026-03-30,Raipur DC,Zone A - Urban,6.6,Medium,Normal,Bike,21.0,50,59.0,119.66,30.73,4.8,Yes
D0444,2026-03-30,Bilaspur DC,Zone B - Suburban,9.9,Medium,Normal,Bike,33.0,50,70.0,97.78,20.0,5.0,Yes
D0046,2026-03-30,Bilaspur DC,Zone A - Urban,12.5,Low,Normal,Van,405.6,500,69.0,184.61,67.21,4.5,Yes
D0960,2026-03-31,Bilaspur DC,Zone A - Urban,7.2,High,Normal,Van,335.6,500,69.0,126.73,20.0,3.4,No
D0832,2026-03-31,Korba DC,Zone A - Urban,34.6,High,Storm,Bike,32.6,50,156.0,136.82,81.77,4.6,Yes
D0621,2026-03-31,Bilaspur DC,Zone B - Suburban,34.0,Medium,Normal,Bike,36.6,50,122.0,124.97,76.49,4.1,No
D0244,2026-03-31,Bilaspur DC,Zone C - Semi-urban,32.4,Medium,Normal,Bike,13.0,50,128.0,95.24,75.43,4.3,Yes
D0050,2026-03-31,Bilaspur DC,Zone B - Suburban,17.5,Medium,Normal,Van,300.8,500,88.0,225.66,113.69,4.7,Yes
D0516,2026-03-31,Raipur DC,Zone C - Semi-urban,28.5,Medium,Normal,Van,290.5,500,124.0,218.15,141.12,4.6,Yes
D0512,2026-03-31,Korba DC,Zone C - Semi-urban,15.4,Medium,Rain,Van,300.0,500,98.0,154.37,79.8,4.5,Yes
D0428,2026-03-31,Korba DC,Zone B - Suburban,25.6,High,Normal,Van,250.0,500,126.0,242.76,118.66,3.6,No
D0224,2026-03-31,Raipur DC,Zone C - Semi-urban,30.1,Low,Normal,Truck,1214.5,1500,132.0,469.28,195.13,4.9,Yes
D0680,2026-03-31,Raipur DC,Zone B - Suburban,21.6,Low,Normal,Van,227.1,500,83.0,153.25,80.67,4.7,Yes
D0130,2026-03-31,Raipur DC,Zone D - Rural,65.9,Medium,Rain,Van,294.3,500,215.0,479.76,318.52,4.9,Yes
D0620,2026-04-01,Bilaspur DC,Zone A - Urban,41.4,Medium,Normal,Truck,683.9,1500,156.0,435.55,278.51,4.5,Yes
D0777,2026-04-01,Raipur DC,Zone B - Suburban,2.0,Low,Normal,Bike,32.1,50,41.0,74.72,20.0,3.8,No
D0678,2026-04-02,Raipur DC,Zone A - Urban,2.0,High,Normal,Bike,23.6,50,70.0,114.73,20.0,4.7,Yes
D0636,2026-04-02,Raipur DC,Zone C - Semi-urban,14.3,Low,Normal,Van,333.3,500,75.0,177.76,76.07,4.8,Yes
D0746,2026-04-02,Korba DC,Zone B - Suburban,37.8,Low,Normal,Bike,49.0,50,104.0,119.86,99.3,4.4,Yes
D0380,2026-04-02,Korba DC,Zone C - Semi-urban,14.8,Low,Normal,Van,295.5,500,69.0,134.98,67.23,4.2,Yes
D0162,2026-04-02,Bilaspur DC,Zone C - Semi-urban,10.5,Medium,Normal,Bike,42.7,50,55.0,91.87,28.42,4.8,Yes
D0054,2026-04-02,Bilaspur DC,Zone D - Rural,17.1,High,Normal,Bike,48.0,50,97.0,134.63,53.32,4.3,Yes
D0426,2026-04-02,Bilaspur DC,Zone B - Suburban,34.0,Low,Rain,Van,470.8,500,124.0,271.44,142.38,5.0,Yes
D0823,2026-04-02,Bilaspur DC,Zone C - Semi-urban,19.4,High,Normal,Van,247.2,500,124.0,178.88,78.78,4.7,Yes
D0814,2026-04-03,Raipur DC,Zone A - Urban,48.6,Medium,Normal,Van,157.2,500,148.0,330.72,241.01,4.0,No
D0328,2026-04-03,Bilaspur DC,Zone A - Urban,21.3,Medium,Normal,Van,436.9,500,77.0,171.67,85.46,4.7,Yes
D0514,2026-04-03,Bilaspur DC,Zone D - Rural,24.8,Low,Normal,Van,200.7,500,108.0,153.38,114.11,4.6,Yes
D0450,2026-04-03,Bilaspur DC,Zone C - Semi-urban,12.5,High,Normal,Bike,44.7,50,91.0,106.03,20.0,4.0,No
D0275,2026-04-03,Raipur DC,Zone A - Urban,9.3,Medium,Normal,Van,270.4,500,67.0,143.61,48.71,4.5,Yes
D0219,2026-04-03,Korba DC,Zone C - Semi-urban,14.3,Medium,Normal,Van,205.7,500,82.0,112.94,39.57,4.8,Yes
D0003,2026-04-03,Bilaspur DC,Zone A - Urban,7.1,High,Rain,Bike,26.4,50,78.0,114.18,20.0,4.5,Yes
D0922,2026-04-04,Raipur DC,Zone A - Urban,3.1,Low,Storm,Van,238.9,500,72.0,94.76,41.77,4.4,Yes
D0919,2026-04-04,Bilaspur DC,Zone C - Semi-urban,13.4,Low,Normal,Truck,542.8,1500,68.0,270.0,80.46,4.5,Yes
D0940,2026-04-04,Raipur DC,Zone A - Urban,18.4,Medium,Normal,Truck,607.2,1500,83.0,354.86,125.69,5.0,Yes
D0844,2026-04-04,Korba DC,Zone A - Urban,16.8,Low,Rain,Bike,9.1,50,75.0,50.0,27.49,4.3,No
D0409,2026-04-04,Raipur DC,Zone A - Urban,26.3,Low,Storm,Bike,33.1,50,118.0,50.0,38.23,4.8,Yes
D0993,2026-04-04,Bilaspur DC,Zone B - Suburban,10.1,Medium,Normal,Truck,976.4,1500,67.0,291.03,68.2,4.4,Yes
D0459,2026-04-04,Bilaspur DC,Zone B - Suburban,30.4,High,Rain,Bike,26.4,50,141.0,123.08,55.48,4.6,Yes
D0747,2026-04-05,Bilaspur DC,Zone A - Urban,8.8,Medium,Normal,Van,411.9,500,64.0,200.3,69.05,4.7,Yes
D0075,2026-04-05,Raipur DC,Zone C - Semi-urban,47.2,Low,Rain,Bike,14.4,50,152.0,131.49,88.23,4.4,Yes
D0331,2026-04-05,Bilaspur DC,Zone A - Urban,10.6,Low,Normal,Van,420.0,500,41.0,167.04,46.9,4.7,Yes
D0726,2026-04-05,Korba DC,Zone B - Suburban,20.6,High,Normal,Bike,26.9,50,100.0,119.53,43.54,3.9,Yes
D0994,2026-04-05,Korba DC,Zone A - Urban,13.5,Medium,Normal,Van,373.8,500,73.0,148.33,43.3,4.5,Yes
D0507,2026-04-05,Raipur DC,Zone B - Suburban,9.8,High,Rain,Bike,16.3,50,81.0,103.07,20.0,4.5,Yes
D0804,2026-04-05,Raipur DC,Zone A - Urban,10.8,Low,Rain,Van,418.8,500,70.0,205.06,60.81,4.8,Yes
D0923,2026-04-05,Korba DC,Zone A - Urban,5.8,High,Normal,Truck,594.3,1500,85.0,258.17,61.23,4.4,Yes
D0475,2026-04-06,Raipur DC,Zone B - Suburban,10.9,Medium,Rain,Truck,1363.1,1500,96.0,316.41,96.78,4.2,Yes
D0812,2026-04-06,Bilaspur DC,Zone C - Semi-urban,28.5,Low,Normal,Van,133.0,500,111.0,222.94,147.33,4.4,Yes
D0535,2026-04-06,Bilaspur DC,Zone C - Semi-urban,22.7,Low,Normal,Bike,34.7,50,86.0,50.58,20.38,4.5,Yes
D0227,2026-04-06,Bilaspur DC,Zone B - Suburban,8.8,Low,Normal,Truck,957.0,1500,60.0,246.43,53.11,4.7,Yes
D0180,2026-04-06,Bilaspur DC,Zone B - Suburban,15.1,Medium,Normal,Bike,29.9,50,65.0,66.74,21.5,4.3,Yes
D0137,2026-04-06,Bilaspur DC,Zone A - Urban,20.6,Medium,Normal,Bike,14.0,50,88.0,90.21,42.51,4.7,Yes
D0135,2026-04-06,Korba DC,Zone C - Semi-urban,26.3,High,Storm,Bike,24.0,50,170.0,115.16,25.43,4.3,Yes
D0440,2026-04-06,Korba DC,Zone B - Suburban,8.2,High,Storm,Van,154.4,500,95.0,165.65,36.31,4.0,Yes
D0216,2026-04-07,Bilaspur DC,Zone C - Semi-urban,22.2,Medium,Normal,Van,219.5,500,108.0,227.66,102.69,4.9,Yes
D0309,2026-04-07,Korba DC,Zone D - Rural,18.4,Medium,Normal,Bike,36.7,50,99.0,91.42,53.39,3.8,No
D0213,2026-04-08,Korba DC,Zone B - Suburban,8.3,Medium,Normal,Bike,17.4,50,76.0,90.79,34.25,4.3,Yes
D0719,2026-04-08,Raipur DC,Zone A - Urban,22.2,Medium,Rain,Truck,591.7,1500,101.0,354.98,151.97,4.4,Yes
D0773,2026-04-08,Raipur DC,Zone A - Urban,2.0,Medium,Normal,Van,400.3,500,41.0,148.59,20.0,4.6,Yes
D0381,2026-04-08,Raipur DC,Zone B - Suburban,40.4,Medium,Normal,Bike,15.7,50,139.0,114.51,87.56,4.2,Yes
D0241,2026-04-09,Raipur DC,Zone C - Semi-urban,37.3,High,Normal,Van,434.5,500,156.0,317.4,193.15,4.4,Yes
D0543,2026-04-09,Korba DC,Zone B - Suburban,5.7,Medium,Rain,Truck,487.0,1500,84.0,182.72,42.35,4.3,Yes
D0568,2026-04-09,Bilaspur DC,Zone D - Rural,22.8,Medium,Rain,Truck,1133.4,1500,122.0,341.8,166.32,4.5,Yes
D0533,2026-04-09,Raipur DC,Zone D - Rural,30.4,Low,Normal,Truck,1017.4,1500,126.0,379.15,208.78,4.8,Yes
D0332,2026-04-09,Korba DC,Zone B - Suburban,27.0,Low,Storm,Bike,41.3,50,106.0,152.55,60.3,4.7,Yes
D0324,2026-04-09,Bilaspur DC,Zone B - Suburban,25.8,Low,Normal,Bike,42.6,50,88.0,125.36,54.46,4.5,Yes
D0363,2026-04-09,Bilaspur DC,Zone A - Urban,17.4,High,Normal,Bike,26.1,50,88.0,120.73,43.72,3.5,No
D0855,2026-04-09,Korba DC,Zone B - Suburban,24.9,High,Rain,Van,327.4,500,119.0,263.86,115.3,3.6,No
D0116,2026-04-09,Raipur DC,Zone C - Semi-urban,17.8,Medium,Normal,Van,223.9,500,84.0,212.87,96.95,4.8,Yes
D0273,2026-04-09,Raipur DC,Zone A - Urban,24.2,High,Normal,Van,490.0,500,119.0,261.37,122.14,4.6,Yes
D0721,2026-04-09,Raipur DC,Zone A - Urban,16.5,High,Normal,Truck,656.8,1500,112.0,339.4,112.82,3.8,No
D0411,2026-04-09,Bilaspur DC,Zone B - Suburban,28.8,High,Normal,Truck,410.6,1500,124.0,352.61,200.83,4.7,Yes
D0255,2026-04-09,Bilaspur DC,Zone B - Suburban,12.9,Medium,Rain,Van,168.9,500,92.0,171.68,69.71,4.5,Yes
D0470,2026-04-10,Bilaspur DC,Zone C - Semi-urban,8.7,High,Normal,Truck,1006.0,1500,113.0,358.88,97.18,4.5,Yes
D0464,2026-04-10,Raipur DC,Zone A - Urban,30.5,Medium,Normal,Bike,26.6,50,108.0,144.9,75.56,4.3,Yes
D0967,2026-04-10,Korba DC,Zone A - Urban,6.5,Medium,Normal,Van,290.4,500,78.0,101.19,28.03,4.7,Yes
D0555,2026-04-10,Bilaspur DC,Zone C - Semi-urban,9.6,Medium,Normal,Van,439.1,500,76.0,154.84,54.41,4.6,Yes
D0013,2026-04-10,Korba DC,Zone B - Suburban,7.4,Medium,Storm,Bike,37.3,50,71.0,59.47,20.0,4.4,Yes
D0120,2026-04-11,Raipur DC,Zone D - Rural,29.7,High,Storm,Bike,45.6,50,176.0,143.28,53.8,3.8,No
D0399,2026-04-11,Korba DC,Zone B - Suburban,49.2,Low,Normal,Van,171.2,500,141.0,312.19,206.29,4.1,No
D0495,2026-04-11,Korba DC,Zone D - Rural,17.1,Medium,Normal,Van,489.1,500,84.0,223.0,99.4,4.4,Yes
D0466,2026-04-11,Bilaspur DC,Zone C - Semi-urban,8.8,Medium,Normal,Van,414.4,500,77.0,107.18,37.4,4.5,Yes
D0985,2026-04-11,Raipur DC,Zone A - Urban,28.7,High,Normal,Bike,30.1,50,118.0,156.49,66.79,4.2,Yes
D0530,2026-04-11,Korba DC,Zone B - Suburban,14.4,High,Normal,Van,265.5,500,85.0,192.31,54.91,4.6,Yes
D0904,2026-04-11,Raipur DC,Zone B - Suburban,15.7,Low,Normal,Truck,1079.8,1500,67.0,330.18,149.6,4.6,Yes
D0685,2026-04-11,Raipur DC,Zone A - Urban,6.4,Medium,Normal,Bike,14.1,50,57.0,61.68,31.13,5.0,Yes
D0190,2026-04-11,Bilaspur DC,Zone A - Urban,22.7,Medium,Normal,Van,374.3,500,93.0,234.01,131.09,4.6,Yes
D0728,2026-04-12,Raipur DC,Zone A - Urban,9.4,High,Normal,Bike,28.6,50,74.0,74.92,20.0,4.2,Yes
D0672,2026-04-12,Bilaspur DC,Zone B - Suburban,22.3,Medium,Normal,Bike,12.7,50,85.0,80.59,29.01,4.8,Yes
D0126,2026-04-13,Bilaspur DC,Zone D - Rural,31.7,Medium,Normal,Bike,36.1,50,126.0,77.58,48.44,4.5,Yes
D0008,2026-04-13,Bilaspur DC,Zone B - Suburban,41.0,Low,Normal,Truck,953.4,1500,132.0,451.02,282.79,4.9,Yes
D0169,2026-04-13,Bilaspur DC,Zone A - Urban,5.9,Medium,Normal,Van,402.5,500,72.0,143.92,24.67,4.0,No
D0001,2026-04-13,Raipur DC,Zone A - Urban,38.8,Low,Normal,Truck,292.0,1500,120.0,369.62,277.77,4.5,Yes
D0405,2026-04-13,Korba DC,Zone B - Suburban,13.9,Medium,Rain,Van,306.4,500,84.0,170.56,53.19,4.0,No
D0769,2026-04-13,Raipur DC,Zone D - Rural,45.8,Low,Normal,Van,202.4,500,158.0,252.95,208.56,5.0,Yes
D0234,2026-04-14,Bilaspur DC,Zone B - Suburban,31.4,Medium,Storm,Van,95.4,500,138.0,193.32,126.91,4.2,Yes
D0118,2026-04-14,Korba DC,Zone A - Urban,2.7,High,Storm,Van,169.0,500,93.0,192.4,39.56,4.3,Yes
D0355,2026-04-14,Bilaspur DC,Zone D - Rural,45.0,Low,Normal,Bike,26.0,50,144.0,138.66,107.65,4.5,Yes
D0809,2026-04-14,Bilaspur DC,Zone D - Rural,17.9,High,Rain,Bike,25.4,50,119.0,126.81,46.33,4.4,Yes
D0343,2026-04-14,Korba DC,Zone B - Suburban,8.5,Low,Normal,Truck,471.3,1500,46.0,265.8,62.32,5.0,Yes
D0063,2026-04-14,Raipur DC,Zone D - Rural,57.0,High,Normal,Bike,24.0,50,209.0,176.25,102.87,3.4,No
D0014,2026-04-14,Raipur DC,Zone B - Suburban,28.5,Low,Normal,Van,382.5,500,119.0,287.59,158.17,4.6,Yes
D0270,2026-04-14,Bilaspur DC,Zone B - Suburban,21.3,Medium,Normal,Van,301.8,500,83.0,175.33,110.78,5.0,Yes
D0632,2026-04-15,Korba DC,Zone B - Suburban,47.7,Low,Rain,Van,407.5,500,144.0,323.66,196.51,4.4,No
D0544,2026-04-15,Bilaspur DC,Zone D - Rural,43.4,Medium,Normal,Van,384.3,500,166.0,304.09,194.85,4.3,Yes
D0519,2026-04-15,Raipur DC,Zone A - Urban,10.3,High,Rain,Van,401.2,500,88.0,204.71,68.13,3.7,No
D0720,2026-04-15,Bilaspur DC,Zone B - Suburban,26.9,High,Storm,Bike,22.8,50,143.0,98.05,53.12,3.1,No
D0783,2026-04-16,Raipur DC,Zone C - Semi-urban,13.1,High,Normal,Bike,14.6,50,92.0,92.13,20.0,5.0,Yes
D0419,2026-04-16,Raipur DC,Zone C - Semi-urban,23.4,Medium,Normal,Bike,46.5,50,89.0,114.8,44.04,4.6,Yes
D0068,2026-04-16,Raipur DC,Zone B - Suburban,6.0,High,Normal,Truck,1157.3,1500,88.0,258.22,35.5,3.6,No
D0845,2026-04-17,Bilaspur DC,Zone A - Urban,12.9,Medium,Normal,Bike,34.3,50,67.0,50.0,20.0,4.3,Yes
D0005,2026-04-17,Raipur DC,Zone A - Urban,38.5,Medium,Normal,Van,171.0,500,126.0,259.82,172.62,4.7,Yes
D0873,2026-04-17,Korba DC,Zone C - Semi-urban,12.3,Low,Normal,Van,301.7,500,79.0,153.67,53.2,4.6,Yes
D0403,2026-04-18,Korba DC,Zone B - Suburban,14.4,Low,Normal,Truck,1344.5,1500,85.0,306.68,107.58,3.8,No
D0035,2026-04-18,Bilaspur DC,Zone A - Urban,12.0,Medium,Normal,Van,389.9,500,74.0,191.68,56.4,4.5,Yes
D0156,2026-04-18,Bilaspur DC,Zone C - Semi-urban,9.9,High,Normal,Bike,22.6,50,78.0,136.04,20.0,3.7,No
D0618,2026-04-18,Bilaspur DC,Zone B - Suburban,16.7,High,Normal,Bike,24.0,50,95.0,90.24,22.64,3.9,Yes
D0407,2026-04-19,Raipur DC,Zone C - Semi-urban,24.1,Medium,Normal,Van,138.4,500,110.0,191.78,108.13,4.5,Yes
D0910,2026-04-19,Bilaspur DC,Zone B - Suburban,11.0,High,Normal,Van,252.7,500,82.0,191.79,48.32,4.8,Yes
D0607,2026-04-19,Bilaspur DC,Zone D - Rural,25.8,High,Storm,Van,432.2,500,157.0,275.41,91.45,3.8,No
D0864,2026-04-19,Raipur DC,Zone B - Suburban,27.9,Medium,Rain,Truck,1094.0,1500,145.0,442.82,207.84,4.6,Yes
D0892,2026-04-19,Korba DC,Zone C - Semi-urban,9.2,Medium,Normal,Bike,24.8,50,72.0,50.0,20.0,4.8,Yes
D0578,2026-04-19,Bilaspur DC,Zone A - Urban,26.2,Medium,Normal,Van,422.8,500,102.0,188.25,117.94,4.7,Yes
D0302,2026-04-19,Raipur DC,Zone D - Rural,34.9,Low,Normal,Van,249.0,500,110.0,238.72,143.97,3.5,No
D0702,2026-04-19,Bilaspur DC,Zone A - Urban,76.7,High,Normal,Bike,39.4,50,221.0,204.26,157.1,4.3,Yes
D0738,2026-04-20,Raipur DC,Zone B - Suburban,26.4,Medium,Normal,Van,164.6,500,99.0,203.13,106.11,4.0,Yes
D0278,2026-04-20,Korba DC,Zone D - Rural,30.0,Low,Normal,Bike,30.2,50,119.0,100.3,69.3,4.0,No
D0564,2026-04-21,Raipur DC,Zone B - Suburban,9.7,High,Normal,Bike,20.8,50,64.0,95.06,20.0,4.3,Yes
D0801,2026-04-21,Korba DC,Zone C - Semi-urban,7.3,Low,Normal,Van,134.7,500,51.0,105.52,22.46,4.8,Yes
D0895,2026-04-21,Bilaspur DC,Zone C - Semi-urban,6.5,High,Normal,Bike,37.6,50,78.0,100.83,20.0,4.5,Yes
D0080,2026-04-21,Raipur DC,Zone A - Urban,15.8,High,Normal,Bike,15.9,50,91.0,123.18,65.83,4.8,Yes
D0311,2026-04-21,Korba DC,Zone C - Semi-urban,17.4,Medium,Normal,Bike,27.6,50,102.0,98.38,32.9,4.3,Yes
D0055,2026-04-21,Raipur DC,Zone D - Rural,22.1,Medium,Rain,Truck,507.9,1500,111.0,310.23,140.62,4.2,Yes
D0897,2026-04-21,Raipur DC,Zone A - Urban,37.0,Low,Normal,Truck,1089.8,1500,116.0,453.84,235.54,4.4,Yes
D0871,2026-04-21,Raipur DC,Zone C - Semi-urban,37.2,Low,Rain,Van,186.0,500,137.0,237.38,156.89,4.3,Yes
D0894,2026-04-21,Raipur DC,Zone A - Urban,23.4,Medium,Normal,Truck,1287.2,1500,77.0,360.64,141.7,4.7,Yes
D0245,2026-04-22,Raipur DC,Zone B - Suburban,13.0,High,Normal,Van,332.7,500,96.0,147.63,20.0,4.0,Yes
D0761,2026-04-22,Raipur DC,Zone C - Semi-urban,28.3,Medium,Normal,Bike,13.7,50,115.0,153.12,55.72,4.8,Yes
D0917,2026-04-22,Bilaspur DC,Zone C - Semi-urban,3.1,Medium,Storm,Bike,36.3,50,85.0,116.5,20.0,4.0,Yes
D0550,2026-04-22,Raipur DC,Zone A - Urban,13.0,Medium,Rain,Truck,1097.1,1500,85.0,364.34,94.06,4.6,Yes
D0272,2026-04-22,Korba DC,Zone C - Semi-urban,10.3,Low,Normal,Truck,635.6,1500,73.0,240.4,46.46,4.6,Yes
D0956,2026-04-23,Korba DC,Zone D - Rural,49.3,Medium,Normal,Truck,929.2,1500,168.0,518.77,340.09,4.6,Yes
D0939,2026-04-23,Bilaspur DC,Zone D - Rural,17.7,Medium,Normal,Truck,1293.9,1500,92.0,407.68,153.98,4.8,Yes
D0743,2026-04-23,Raipur DC,Zone D - Rural,17.2,Low,Normal,Bike,20.6,50,82.0,63.38,28.23,5.0,Yes
D0267,2026-04-23,Raipur DC,Zone A - Urban,25.8,High,Storm,Bike,37.6,50,131.0,150.04,46.2,4.4,Yes
D0193,2026-04-23,Bilaspur DC,Zone D - Rural,26.0,Low,Normal,Van,232.9,500,107.0,240.59,102.42,4.8,Yes
D0247,2026-04-23,Raipur DC,Zone B - Suburban,22.0,Medium,Rain,Bike,40.7,50,105.0,65.24,24.7,4.5,Yes
D0547,2026-04-23,Bilaspur DC,Zone B - Suburban,11.0,Low,Normal,Van,341.0,500,68.0,144.61,49.16,4.0,Yes
D0540,2026-04-23,Bilaspur DC,Zone A - Urban,2.4,Medium,Normal,Van,241.6,500,50.0,85.5,20.0,4.7,Yes
D0191,2026-04-23,Raipur DC,Zone A - Urban,7.7,Medium,Normal,Van,147.5,500,72.0,120.75,43.24,5.0,Yes
D0637,2026-04-23,Korba DC,Zone A - Urban,29.8,Low,Normal,Van,257.2,500,107.0,257.56,130.07,4.7,Yes
D0189,2026-04-23,Bilaspur DC,Zone B - Suburban,10.5,Low,Normal,Bike,22.5,50,47.0,50.0,20.0,4.7,Yes
D0900,2026-04-23,Raipur DC,Zone C - Semi-urban,8.0,High,Normal,Van,293.6,500,87.0,198.1,38.34,4.6,Yes
D0854,2026-04-23,Raipur DC,Zone A - Urban,37.5,High,Normal,Truck,1289.0,1500,156.0,511.18,240.44,4.6,Yes
D0182,2026-04-23,Bilaspur DC,Zone B - Suburban,15.6,Low,Normal,Bike,43.0,50,78.0,55.5,21.7,4.7,Yes
D0346,2026-04-24,Raipur DC,Zone A - Urban,25.2,Medium,Rain,Van,167.6,500,105.0,149.53,94.81,4.8,Yes
D0522,2026-04-24,Korba DC,Zone C - Semi-urban,28.0,Medium,Normal,Truck,1336.9,1500,143.0,445.11,191.94,4.6,Yes
D0417,2026-04-24,Bilaspur DC,Zone D - Rural,33.0,Medium,Normal,Van,257.7,500,129.0,270.6,182.15,4.1,Yes
D0876,2026-04-25,Raipur DC,Zone A - Urban,15.8,Medium,Normal,Van,410.0,500,80.0,211.44,92.3,5.0,Yes
D0378,2026-04-25,Bilaspur DC,Zone B - Suburban,20.5,High,Normal,Truck,1446.0,1500,127.0,393.31,147.22,4.2,Yes
D0868,2026-04-25,Raipur DC,Zone A - Urban,9.2,Medium,Normal,Van,185.6,500,62.0,123.62,24.45,4.5,Yes
D0297,2026-04-25,Korba DC,Zone B - Suburban,31.3,Medium,Normal,Bike,21.6,50,116.0,136.46,52.21,4.8,Yes
D0696,2026-04-25,Raipur DC,Zone B - Suburban,10.5,High,Normal,Bike,22.9,50,96.0,98.13,20.0,4.5,Yes
D0800,2026-04-25,Bilaspur DC,Zone C - Semi-urban,17.3,Low,Normal,Bike,14.8,50,61.0,76.52,20.0,4.5,Yes
D0518,2026-04-25,Korba DC,Zone D - Rural,33.9,Low,Normal,Van,263.8,500,137.0,291.52,189.48,4.8,Yes
D0408,2026-04-26,Bilaspur DC,Zone B - Suburban,21.2,Medium,Normal,Van,362.3,500,100.0,211.48,95.14,3.8,No
D0167,2026-04-26,Bilaspur DC,Zone B - Suburban,34.8,High,Storm,Truck,710.1,1500,154.0,503.61,260.08,3.9,No
D0265,2026-04-26,Bilaspur DC,Zone B - Suburban,31.5,High,Normal,Truck,1038.1,1500,159.0,403.96,207.1,3.8,No
D0212,2026-04-26,Bilaspur DC,Zone B - Suburban,14.5,Medium,Storm,Van,427.6,500,103.0,135.07,49.69,3.8,No
D0333,2026-04-26,Raipur DC,Zone B - Suburban,35.5,Medium,Normal,Truck,1122.9,1500,120.0,402.8,223.43,3.8,No
D0642,2026-04-27,Korba DC,Zone A - Urban,10.1,High,Normal,Van,234.8,500,83.0,211.88,44.74,4.4,Yes
D0664,2026-04-27,Korba DC,Zone D - Rural,36.6,Low,Normal,Bike,29.2,50,122.0,85.99,69.9,4.8,Yes
D0675,2026-04-27,Raipur DC,Zone A - Urban,4.4,Medium,Normal,Van,342.0,500,60.0,126.41,20.0,4.4,Yes
D1000,2026-04-27,Korba DC,Zone C - Semi-urban,10.4,Medium,Normal,Bike,27.0,50,67.0,78.59,20.0,4.8,Yes
D0445,2026-04-27,Raipur DC,Zone C - Semi-urban,50.9,Medium,Normal,Van,279.3,500,167.0,364.06,223.46,4.8,Yes
D0566,2026-04-27,Bilaspur DC,Zone A - Urban,5.6,Medium,Normal,Van,432.2,500,56.0,168.4,20.0,4.4,Yes
D0012,2026-04-27,Bilaspur DC,Zone A - Urban,35.6,Medium,Normal,Bike,24.9,50,117.0,91.0,97.71,4.4,Yes
D0322,2026-04-27,Raipur DC,Zone D - Rural,22.0,Low,Rain,Van,386.3,500,98.0,182.34,106.3,3.8,No
D0429,2026-04-27,Raipur DC,Zone B - Suburban,2.6,Medium,Normal,Truck,244.6,1500,67.0,176.33,22.82,3.7,No
D0706,2026-04-28,Korba DC,Zone A - Urban,22.0,High,Normal,Van,427.0,500,95.0,273.01,121.49,3.5,No
D0952,2026-04-28,Raipur DC,Zone B - Suburban,16.6,Low,Normal,Truck,695.3,1500,71.0,298.56,112.87,4.7,Yes
D0938,2026-04-28,Raipur DC,Zone C - Semi-urban,6.3,Medium,Rain,Van,400.1,500,77.0,103.41,29.52,4.2,Yes
D0666,2026-04-28,Raipur DC,Zone A - Urban,29.4,Low,Rain,Van,102.1,500,116.0,222.92,126.73,4.9,Yes
D0178,2026-04-28,Bilaspur DC,Zone B - Suburban,9.2,Medium,Normal,Bike,25.2,50,67.0,63.57,20.0,4.6,Yes
D0653,2026-04-28,Bilaspur DC,Zone C - Semi-urban,15.0,Medium,Normal,Bike,30.8,50,75.0,75.37,29.66,4.7,Yes
D0805,2026-04-28,Bilaspur DC,Zone B - Suburban,27.0,Low,Normal,Van,263.4,500,97.0,202.64,120.43,4.9,Yes
D0442,2026-04-28,Korba DC,Zone C - Semi-urban,15.4,Medium,Normal,Van,376.7,500,94.0,231.11,94.53,4.7,Yes
D0752,2026-04-28,Raipur DC,Zone A - Urban,6.3,Low,Rain,Van,120.2,500,60.0,146.09,34.85,4.6,Yes
D0298,2026-04-29,Bilaspur DC,Zone A - Urban,41.8,Medium,Rain,Bike,16.1,50,145.0,100.73,77.07,4.4,Yes
D0704,2026-04-29,Bilaspur DC,Zone C - Semi-urban,11.0,High,Normal,Truck,1110.5,1500,82.0,351.05,83.6,4.3,Yes
D0878,2026-04-29,Bilaspur DC,Zone A - Urban,22.5,Low,Rain,Van,377.3,500,91.0,213.08,94.28,5.0,Yes
D0262,2026-04-30,Bilaspur DC,Zone A - Urban,8.6,Medium,Rain,Truck,713.1,1500,81.0,268.3,51.62,4.3,No
D0525,2026-04-30,Korba DC,Zone D - Rural,50.3,Medium,Normal,Truck,1220.2,1500,174.0,634.96,371.39,4.5,Yes
D0423,2026-04-30,Bilaspur DC,Zone B - Suburban,31.4,High,Normal,Bike,38.1,50,129.0,114.18,48.71,3.6,No
D0166,2026-05-01,Korba DC,Zone A - Urban,8.5,Low,Rain,Bike,34.7,50,54.0,94.12,44.96,5.0,Yes
D0842,2026-05-01,Raipur DC,Zone C - Semi-urban,16.1,Medium,Rain,Bike,45.5,50,103.0,82.28,20.0,4.6,Yes
D0911,2026-05-01,Raipur DC,Zone B - Suburban,10.2,Medium,Normal,Bike,34.8,50,76.0,75.08,20.0,4.0,Yes
D0164,2026-05-01,Bilaspur DC,Zone B - Suburban,13.5,Low,Storm,Truck,898.4,1500,96.0,306.22,112.81,4.2,Yes
D0677,2026-05-02,Korba DC,Zone A - Urban,13.8,High,Rain,Van,348.7,500,93.0,180.65,50.47,3.7,No
D0818,2026-05-02,Bilaspur DC,Zone C - Semi-urban,6.7,Low,Normal,Bike,38.1,50,56.0,83.04,20.0,4.3,Yes
D0600,2026-05-02,Bilaspur DC,Zone B - Suburban,20.1,High,Normal,Bike,32.9,50,111.0,75.56,20.0,4.5,Yes
D0583,2026-05-02,Korba DC,Zone B - Suburban,3.4,High,Storm,Bike,12.3,50,94.0,86.04,20.0,4.3,Yes
D0009,2026-05-02,Korba DC,Zone D - Rural,43.5,Low,Normal,Truck,1036.8,1500,151.0,521.42,317.84,4.7,Yes
D0437,2026-05-02,Korba DC,Zone A - Urban,53.5,Medium,Normal,Bike,39.6,50,158.0,106.33,100.34,3.7,No
D0207,2026-05-03,Bilaspur DC,Zone A - Urban,23.9,High,Normal,Bike,35.2,50,105.0,129.6,39.23,4.0,No
D0572,2026-05-03,Raipur DC,Zone B - Suburban,18.8,Low,Normal,Bike,21.9,50,79.0,83.99,47.4,4.1,No
D0754,2026-05-03,Korba DC,Zone D - Rural,27.3,Medium,Normal,Bike,29.1,50,115.0,102.41,37.57,4.0,No
D0103,2026-05-03,Bilaspur DC,Zone A - Urban,20.7,Low,Normal,Bike,22.6,50,70.0,74.01,57.28,5.0,Yes
D0325,2026-05-04,Raipur DC,Zone A - Urban,14.3,Medium,Normal,Van,274.1,500,81.0,169.87,59.01,5.0,Yes
D0490,2026-05-04,Bilaspur DC,Zone A - Urban,13.0,Medium,Normal,Truck,453.4,1500,81.0,233.29,47.46,4.2,Yes
D0132,2026-05-04,Bilaspur DC,Zone A - Urban,13.3,Medium,Normal,Truck,431.3,1500,62.0,257.93,106.74,4.7,Yes
D0084,2026-05-04,Raipur DC,Zone B - Suburban,55.9,High,Rain,Truck,1120.6,1500,195.0,576.86,367.27,4.4,Yes
D0418,2026-05-04,Korba DC,Zone A - Urban,10.7,Medium,Rain,Van,163.4,500,77.0,130.93,31.8,3.5,No
D0217,2026-05-04,Bilaspur DC,Zone C - Semi-urban,12.6,Low,Normal,Van,370.1,500,75.0,137.22,57.38,4.8,Yes
D0388,2026-05-05,Raipur DC,Zone D - Rural,39.3,Medium,Storm,Van,251.0,500,166.0,357.9,194.54,4.8,Yes
D0965,2026-05-06,Korba DC,Zone B - Suburban,22.4,Low,Normal,Bike,15.0,50,79.0,90.91,46.67,4.7,Yes
D0200,2026-05-06,Korba DC,Zone B - Suburban,25.2,Medium,Normal,Van,213.3,500,93.0,202.6,125.82,3.6,No
D0798,2026-05-06,Raipur DC,Zone A - Urban,15.1,Low,Normal,Truck,773.0,1500,73.0,317.88,117.14,4.7,Yes
D0441,2026-05-06,Bilaspur DC,Zone C - Semi-urban,9.3,Low,Normal,Bike,34.3,50,53.0,50.6,32.59,4.7,Yes
D0883,2026-05-06,Bilaspur DC,Zone A - Urban,20.2,Medium,Rain,Bike,44.5,50,96.0,91.24,53.41,4.5,Yes
D0627,2026-05-06,Raipur DC,Zone C - Semi-urban,25.1,Medium,Normal,Van,427.0,500,113.0,233.21,114.93,4.5,Yes
D0624,2026-05-06,Korba DC,Zone A - Urban,31.2,Medium,Rain,Bike,13.7,50,102.0,125.35,45.42,4.6,Yes
D0631,2026-05-07,Bilaspur DC,Zone A - Urban,13.1,Low,Normal,Van,327.8,500,71.0,154.09,60.82,4.7,Yes
D0351,2026-05-07,Bilaspur DC,Zone A - Urban,40.3,Medium,Rain,Bike,17.4,50,147.0,106.22,77.43,4.1,Yes
D0432,2026-05-07,Raipur DC,Zone A - Urban,28.9,Medium,Normal,Bike,20.7,50,103.0,127.64,61.53,4.4,Yes
D0858,2026-05-07,Bilaspur DC,Zone D - Rural,47.3,Low,Normal,Van,270.9,500,151.0,285.96,198.78,4.6,Yes
D0561,2026-05-08,Raipur DC,Zone A - Urban,10.5,High,Normal,Bike,20.7,50,82.0,79.46,20.0,4.2,No
D0161,2026-05-08,Bilaspur DC,Zone B - Suburban,8.5,Low,Normal,Truck,656.0,1500,47.0,251.66,85.38,4.5,Yes
D0483,2026-05-08,Bilaspur DC,Zone A - Urban,16.1,Medium,Normal,Truck,544.6,1500,92.0,283.21,85.31,4.5,Yes
D0337,2026-05-08,Raipur DC,Zone C - Semi-urban,8.1,High,Normal,Van,370.3,500,90.0,196.07,54.41,4.3,Yes
D0290,2026-05-08,Bilaspur DC,Zone A - Urban,24.0,Medium,Normal,Bike,11.3,50,113.0,61.33,24.47,4.9,Yes
D0294,2026-05-08,Korba DC,Zone D - Rural,26.5,Medium,Normal,Van,387.9,500,110.0,252.54,135.95,4.5,Yes
D0231,2026-05-08,Raipur DC,Zone B - Suburban,9.1,High,Normal,Truck,508.0,1500,78.0,282.28,71.68,4.6,Yes
D0277,2026-05-08,Bilaspur DC,Zone C - Semi-urban,36.2,High,Normal,Truck,1292.7,1500,153.0,550.1,253.63,4.4,Yes
D0094,2026-05-09,Bilaspur DC,Zone A - Urban,6.9,Medium,Normal,Bike,27.3,50,62.0,78.97,20.0,4.8,Yes
D0435,2026-05-09,Raipur DC,Zone C - Semi-urban,3.9,Medium,Normal,Van,318.9,500,64.0,146.07,20.0,4.3,Yes
D0235,2026-05-09,Korba DC,Zone C - Semi-urban,23.5,Medium,Normal,Van,313.7,500,108.0,175.96,73.99,4.8,Yes
D0446,2026-05-09,Bilaspur DC,Zone B - Suburban,5.3,Low,Normal,Bike,48.1,50,41.0,65.81,20.0,4.9,Yes
D0722,2026-05-09,Korba DC,Zone B - Suburban,35.5,Medium,Rain,Van,178.6,500,131.0,270.92,160.25,4.8,Yes
D0163,2026-05-09,Raipur DC,Zone D - Rural,46.8,High,Rain,Van,426.7,500,204.0,385.79,223.97,4.0,Yes
D0198,2026-05-09,Bilaspur DC,Zone D - Rural,41.7,Medium,Rain,Bike,18.7,50,165.0,149.4,93.59,4.3,No
D0249,2026-05-09,Bilaspur DC,Zone B - Suburban,19.8,Medium,Normal,Van,436.0,500,91.0,259.47,94.17,4.3,Yes
D0187,2026-05-10,Korba DC,Zone A - Urban,10.9,Low,Normal,Bike,26.3,50,53.0,50.0,29.37,4.3,Yes
D0195,2026-05-10,Raipur DC,Zone B - Suburban,19.2,High,Storm,Bike,25.3,50,132.0,65.14,37.54,3.7,No
D0978,2026-05-10,Bilaspur DC,Zone C - Semi-urban,21.9,High,Normal,Van,287.2,500,122.0,275.95,94.98,4.7,Yes
D0023,2026-05-10,Bilaspur DC,Zone C - Semi-urban,8.3,Low,Rain,Bike,33.8,50,69.0,71.59,20.0,4.4,Yes
D0509,2026-05-10,Bilaspur DC,Zone B - Suburban,16.7,Medium,Normal,Truck,1320.4,1500,80.0,370.56,117.32,4.5,Yes
D0353,2026-05-10,Bilaspur DC,Zone B - Suburban,11.6,Medium,Normal,Van,159.7,500,71.0,148.08,44.72,4.0,No
D0981,2026-05-10,Raipur DC,Zone C - Semi-urban,16.4,Low,Storm,Bike,29.0,50,107.0,99.07,26.32,4.1,Yes
D0863,2026-05-10,Raipur DC,Zone D - Rural,37.5,High,Normal,Van,162.8,500,160.0,271.14,177.62,3.4,No
D0201,2026-05-10,Bilaspur DC,Zone B - Suburban,25.6,Medium,Rain,Bike,15.1,50,122.0,84.69,54.1,4.4,Yes
D0052,2026-05-10,Bilaspur DC,Zone B - Suburban,13.9,Low,Normal,Bike,36.4,50,59.0,68.83,27.28,4.6,Yes
D0122,2026-05-11,Bilaspur DC,Zone B - Suburban,22.6,Medium,Normal,Truck,1177.7,1500,118.0,444.38,163.75,5.0,Yes
D0038,2026-05-11,Raipur DC,Zone D - Rural,47.0,Medium,Normal,Bike,35.5,50,138.0,149.56,92.03,4.6,Yes
D0188,2026-05-11,Korba DC,Zone D - Rural,30.0,High,Normal,Truck,1166.6,1500,140.0,501.13,206.58,3.9,No
D0258,2026-05-11,Raipur DC,Zone A - Urban,2.6,High,Normal,Bike,37.2,50,53.0,117.7,20.0,4.2,Yes
D0016,2026-05-11,Raipur DC,Zone A - Urban,18.4,High,Normal,Van,240.4,500,92.0,193.75,93.41,4.9,Yes
D0635,2026-05-11,Raipur DC,Zone D - Rural,26.1,Medium,Storm,Van,234.8,500,128.0,192.09,80.36,5.0,Yes
D0927,2026-05-11,Korba DC,Zone B - Suburban,19.7,Low,Rain,Bike,33.2,50,72.0,65.61,36.82,4.5,Yes
D0138,2026-05-12,Bilaspur DC,Zone C - Semi-urban,32.4,Low,Normal,Bike,26.6,50,112.0,116.27,49.68,5.0,Yes
D0613,2026-05-12,Raipur DC,Zone A - Urban,7.7,Medium,Normal,Bike,14.9,50,48.0,125.71,20.0,4.0,No
D0810,2026-05-12,Korba DC,Zone A - Urban,14.9,High,Normal,Van,365.3,500,83.0,225.96,53.54,4.2,Yes
D0808,2026-05-12,Bilaspur DC,Zone A - Urban,8.2,High,Rain,Van,300.7,500,75.0,207.13,41.52,4.4,Yes
D0045,2026-05-12,Raipur DC,Zone B - Suburban,47.8,Medium,Normal,Bike,35.5,50,147.0,159.97,90.46,4.9,Yes
D0788,2026-05-12,Raipur DC,Zone D - Rural,16.4,High,Rain,Van,159.0,500,116.0,163.1,67.67,4.0,No
D0064,2026-05-12,Bilaspur DC,Zone B - Suburban,11.3,High,Normal,Van,431.2,500,88.0,234.22,52.95,4.5,Yes
D0727,2026-05-13,Bilaspur DC,Zone A - Urban,18.0,Medium,Storm,Bike,43.7,50,116.0,72.98,23.29,4.4,Yes
D0949,2026-05-13,Korba DC,Zone C - Semi-urban,13.9,Low,Rain,Truck,1404.8,1500,95.0,346.24,95.76,3.2,No
D0584,2026-05-13,Bilaspur DC,Zone B - Suburban,22.5,Medium,Rain,Van,307.3,500,111.0,252.32,132.18,4.6,Yes
D0758,2026-05-13,Korba DC,Zone A - Urban,8.8,High,Normal,Bike,43.5,50,63.0,82.01,31.08,4.1,No
D0830,2026-05-13,Bilaspur DC,Zone B - Suburban,26.0,Medium,Normal,Bike,46.5,50,96.0,110.61,48.64,5.0,Yes
D0786,2026-05-13,Raipur DC,Zone A - Urban,7.6,High,Normal,Bike,27.2,50,62.0,80.33,20.0,4.4,Yes
D0153,2026-05-14,Bilaspur DC,Zone A - Urban,11.9,High,Normal,Bike,18.5,50,85.0,96.9,20.0,4.6,Yes
D0643,2026-05-14,Bilaspur DC,Zone B - Suburban,27.4,Low,Normal,Bike,21.6,50,105.0,85.04,37.59,4.8,Yes
D0694,2026-05-14,Bilaspur DC,Zone B - Suburban,12.0,Low,Normal,Van,246.0,500,69.0,140.89,51.78,4.6,Yes
D0066,2026-05-14,Bilaspur DC,Zone C - Semi-urban,11.4,High,Rain,Van,397.1,500,109.0,230.31,53.25,4.1,No
D0937,2026-05-14,Korba DC,Zone B - Suburban,32.4,Low,Normal,Bike,43.3,50,98.0,70.11,65.52,4.6,No
D0971,2026-05-14,Korba DC,Zone B - Suburban,27.9,Low,Storm,Van,242.3,500,123.0,170.22,108.46,4.1,No
D0040,2026-05-15,Korba DC,Zone A - Urban,18.6,Medium,Normal,Van,442.8,500,90.0,209.26,80.75,3.7,No
D0292,2026-05-15,Bilaspur DC,Zone A - Urban,20.2,Medium,Normal,Bike,41.4,50,74.0,96.0,46.13,3.8,No
D0520,2026-05-15,Korba DC,Zone A - Urban,8.4,Medium,Rain,Bike,32.5,50,75.0,50.0,20.0,4.0,No
D0107,2026-05-15,Korba DC,Zone B - Suburban,11.0,High,Normal,Bike,26.7,50,86.0,103.12,20.0,4.2,Yes
D0369,2026-05-15,Bilaspur DC,Zone C - Semi-urban,11.6,Low,Normal,Bike,23.9,50,69.0,50.0,20.0,4.8,Yes
D0095,2026-05-16,Korba DC,Zone A - Urban,9.6,Low,Normal,Van,181.0,500,51.0,100.83,36.59,4.3,Yes
D0681,2026-05-16,Raipur DC,Zone B - Suburban,13.2,Medium,Normal,Truck,531.3,1500,80.0,278.67,115.86,4.7,Yes
D0291,2026-05-16,Raipur DC,Zone B - Suburban,15.2,Low,Normal,Van,490.0,500,85.0,150.5,52.43,4.4,Yes
D0606,2026-05-16,Korba DC,Zone C - Semi-urban,23.7,High,Rain,Bike,19.0,50,134.0,132.67,34.09,3.6,No
D0944,2026-05-16,Korba DC,Zone A - Urban,57.2,Low,Normal,Truck,476.0,1500,146.0,588.87,405.41,4.2,No
D0099,2026-05-16,Raipur DC,Zone C - Semi-urban,4.5,Low,Rain,Truck,960.3,1500,83.0,211.12,20.0,4.7,Yes
D0926,2026-05-17,Bilaspur DC,Zone A - Urban,8.5,High,Rain,Van,347.0,500,90.0,233.03,49.8,4.2,Yes
D0597,2026-05-17,Raipur DC,Zone A - Urban,41.8,Medium,Normal,Van,249.6,500,144.0,330.34,210.94,4.5,Yes
D0171,2026-05-17,Bilaspur DC,Zone D - Rural,27.1,High,Normal,Van,170.2,500,155.0,241.04,116.98,4.7,Yes
D0433,2026-05-17,Korba DC,Zone A - Urban,36.1,Low,Normal,Bike,23.2,50,102.0,104.91,70.62,4.6,Yes
D0128,2026-05-17,Bilaspur DC,Zone A - Urban,18.9,High,Storm,Truck,812.7,1500,158.0,293.55,112.83,3.5,No
D0357,2026-05-17,Raipur DC,Zone D - Rural,18.8,High,Normal,Van,378.8,500,126.0,254.77,96.67,4.7,Yes
D0890,2026-05-18,Bilaspur DC,Zone C - Semi-urban,9.8,High,Storm,Van,140.2,500,123.0,151.16,62.61,4.4,Yes
D0789,2026-05-18,Raipur DC,Zone B - Suburban,20.5,Medium,Normal,Bike,31.0,50,64.0,128.91,73.94,4.4,Yes
D0473,2026-05-18,Raipur DC,Zone D - Rural,21.3,High,Rain,Van,196.5,500,140.0,198.58,70.47,4.2,No
D0976,2026-05-18,Raipur DC,Zone D - Rural,22.8,Medium,Normal,Van,114.7,500,88.0,210.89,92.1,5.0,Yes
D0529,2026-05-18,Bilaspur DC,Zone C - Semi-urban,2.9,Medium,Normal,Truck,1360.3,1500,61.0,322.82,42.11,4.4,Yes
D0214,2026-05-19,Korba DC,Zone B - Suburban,12.7,Low,Normal,Truck,443.7,1500,78.0,236.84,80.25,4.6,Yes
D0966,2026-05-19,Bilaspur DC,Zone A - Urban,13.0,Medium,Rain,Bike,23.8,50,71.0,58.58,23.45,5.0,Yes
D0097,2026-05-19,Raipur DC,Zone D - Rural,46.3,High,Normal,Truck,1020.2,1500,172.0,530.34,309.41,4.5,Yes
D0569,2026-05-20,Raipur DC,Zone A - Urban,23.4,High,Normal,Bike,18.3,50,109.0,102.24,26.99,3.7,No
D0434,2026-05-20,Raipur DC,Zone C - Semi-urban,25.4,Medium,Rain,Truck,1160.4,1500,121.0,396.21,158.24,4.0,Yes
D0957,2026-05-20,Bilaspur DC,Zone A - Urban,32.3,Low,Rain,Bike,39.2,50,113.0,96.25,56.61,4.5,Yes
D0487,2026-05-20,Korba DC,Zone D - Rural,36.5,High,Normal,Van,470.2,500,165.0,293.49,168.14,3.9,No
D0556,2026-05-20,Raipur DC,Zone D - Rural,21.6,High,Normal,Van,336.6,500,115.0,250.84,100.63,3.2,No
D0251,2026-05-20,Raipur DC,Zone A - Urban,15.6,Medium,Normal,Van,435.9,500,73.0,134.45,65.62,4.6,Yes
D0691,2026-05-21,Korba DC,Zone B - Suburban,2.0,Low,Normal,Van,276.4,500,54.0,100.71,20.0,4.6,Yes
D0594,2026-05-21,Raipur DC,Zone B - Suburban,29.2,Medium,Normal,Truck,1320.3,1500,103.0,374.76,196.14,4.9,Yes
D0626,2026-05-21,Raipur DC,Zone D - Rural,50.3,Medium,Normal,Truck,548.9,1500,167.0,533.31,359.09,4.9,Yes
D0552,2026-05-21,Raipur DC,Zone A - Urban,18.1,Low,Normal,Bike,21.3,50,75.0,96.95,33.97,4.4,Yes
D0505,2026-05-21,Korba DC,Zone A - Urban,14.2,Low,Rain,Van,365.5,500,73.0,163.27,59.46,4.2,Yes
D0961,2026-05-22,Raipur DC,Zone B - Suburban,47.6,Medium,Normal,Bike,17.3,50,145.0,160.13,71.37,4.5,Yes
D0125,2026-05-22,Korba DC,Zone B - Suburban,21.9,High,Normal,Bike,26.6,50,107.0,91.72,33.87,4.5,Yes
D0286,2026-05-22,Korba DC,Zone A - Urban,2.0,Medium,Normal,Truck,1332.5,1500,58.0,261.46,20.0,4.8,Yes
D0582,2026-05-22,Bilaspur DC,Zone C - Semi-urban,16.9,Medium,Normal,Van,408.4,500,95.0,149.63,56.8,4.8,Yes
D0765,2026-05-22,Bilaspur DC,Zone A - Urban,5.6,High,Normal,Van,260.7,500,72.0,147.05,21.21,4.4,Yes
D0377,2026-05-22,Bilaspur DC,Zone C - Semi-urban,19.5,Medium,Normal,Van,288.0,500,91.0,157.39,84.67,4.8,Yes
D0379,2026-05-23,Bilaspur DC,Zone B - Suburban,11.0,Low,Normal,Bike,26.2,50,51.0,50.0,20.0,4.4,Yes
D0989,2026-05-23,Bilaspur DC,Zone A - Urban,26.5,Low,Normal,Bike,45.6,50,91.0,114.98,63.39,4.9,Yes
D0661,2026-05-23,Raipur DC,Zone C - Semi-urban,15.5,Medium,Normal,Bike,39.3,50,81.0,63.71,24.31,5.0,Yes
D0140,2026-05-23,Raipur DC,Zone C - Semi-urban,9.2,Low,Normal,Truck,706.3,1500,61.0,262.7,74.18,4.8,Yes
D0460,2026-05-24,Korba DC,Zone C - Semi-urban,10.6,High,Normal,Van,200.2,500,90.0,227.54,84.61,4.2,Yes
D0575,2026-05-24,Raipur DC,Zone B - Suburban,12.0,Medium,Rain,Bike,22.6,50,57.0,50.09,22.18,4.9,Yes
D0565,2026-05-24,Bilaspur DC,Zone A - Urban,17.6,High,Normal,Truck,557.2,1500,105.0,320.93,117.29,4.3,Yes
D0806,2026-05-24,Raipur DC,Zone C - Semi-urban,11.8,Low,Rain,Van,291.7,500,75.0,158.59,78.9,4.3,Yes
D0376,2026-05-24,Bilaspur DC,Zone A - Urban,31.8,Low,Normal,Bike,22.4,50,117.0,86.27,71.19,4.4,Yes
D0215,2026-05-24,Raipur DC,Zone B - Suburban,22.2,Medium,Normal,Van,414.0,500,92.0,263.28,104.33,4.5,Yes
D0415,2026-05-24,Bilaspur DC,Zone B - Suburban,3.9,Medium,Normal,Bike,11.5,50,56.0,71.18,20.0,4.5,Yes
D0243,2026-05-24,Raipur DC,Zone B - Suburban,35.6,Medium,Normal,Bike,49.0,50,121.0,140.19,82.81,4.7,Yes
D0668,2026-05-24,Korba DC,Zone B - Suburban,20.7,Low,Storm,Van,176.7,500,103.0,203.71,106.8,4.4,Yes
D0453,2026-05-24,Korba DC,Zone A - Urban,4.4,Low,Storm,Van,422.4,500,67.0,116.48,24.82,4.6,Yes
D0293,2026-05-25,Korba DC,Zone A - Urban,30.3,Low,Normal,Van,229.9,500,104.0,214.94,133.92,4.6,Yes
D0591,2026-05-25,Korba DC,Zone A - Urban,7.2,Medium,Rain,Truck,1139.2,1500,67.0,260.82,56.82,4.5,Yes
D0610,2026-05-25,Raipur DC,Zone B - Suburban,19.6,Low,Normal,Van,121.1,500,85.0,219.36,84.43,4.3,Yes
D0760,2026-05-25,Korba DC,Zone A - Urban,36.2,Medium,Normal,Van,286.6,500,119.0,245.57,153.12,5.0,Yes
D0688,2026-05-25,Korba DC,Zone B - Suburban,16.7,High,Storm,Truck,1324.3,1500,139.0,360.77,107.74,4.5,Yes
D0886,2026-05-25,Bilaspur DC,Zone A - Urban,13.6,Low,Rain,Bike,12.2,50,67.0,50.0,20.0,4.3,Yes
D0208,2026-05-25,Bilaspur DC,Zone B - Suburban,27.7,High,Normal,Van,323.8,500,130.0,247.49,139.14,3.3,No
D0735,2026-05-25,Raipur DC,Zone A - Urban,3.8,Medium,Rain,Van,118.1,500,61.0,96.06,20.0,4.3,Yes
D0422,2026-05-25,Korba DC,Zone C - Semi-urban,21.9,Medium,Normal,Van,223.2,500,94.0,203.22,87.54,4.6,Yes
D0790,2026-05-25,Raipur DC,Zone C - Semi-urban,8.8,High,Normal,Bike,18.8,50,92.0,114.51,20.0,4.3,Yes
D0893,2026-05-26,Raipur DC,Zone A - Urban,30.0,Low,Normal,Van,449.4,500,91.0,252.92,151.43,4.8,Yes
D0276,2026-05-26,Raipur DC,Zone C - Semi-urban,13.9,Low,Normal,Bike,33.4,50,56.0,86.94,41.12,4.5,Yes
D0657,2026-05-26,Korba DC,Zone A - Urban,20.9,High,Normal,Van,341.1,500,101.0,238.62,104.01,4.3,Yes
D0071,2026-05-26,Korba DC,Zone B - Suburban,5.3,High,Storm,Bike,32.5,50,113.0,79.76,25.12,4.4,Yes
D0587,2026-05-26,Korba DC,Zone B - Suburban,20.2,Medium,Normal,Van,355.2,500,95.0,215.19,99.26,4.6,Yes
D0708,2026-05-26,Bilaspur DC,Zone A - Urban,20.8,Medium,Normal,Truck,935.3,1500,96.0,386.99,157.93,4.9,Yes
D0223,2026-05-27,Raipur DC,Zone A - Urban,7.1,Medium,Rain,Van,272.6,500,80.0,197.01,60.59,4.7,Yes
D0474,2026-05-27,Bilaspur DC,Zone C - Semi-urban,4.5,High,Normal,Van,462.4,500,74.0,187.31,32.19,4.2,Yes
D0256,2026-05-27,Bilaspur DC,Zone A - Urban,10.1,Medium,Normal,Bike,37.9,50,62.0,108.85,20.0,4.0,Yes
D0225,2026-05-27,Korba DC,Zone C - Semi-urban,22.0,Medium,Normal,Van,327.9,500,97.0,205.41,98.54,4.6,Yes
D0557,2026-05-27,Bilaspur DC,Zone B - Suburban,48.3,High,Normal,Bike,32.9,50,164.0,169.19,97.2,4.0,No
D0820,2026-05-27,Bilaspur DC,Zone C - Semi-urban,35.9,Medium,Normal,Van,303.4,500,134.0,274.56,146.76,4.6,Yes
D0655,2026-05-27,Raipur DC,Zone B - Suburban,6.8,Medium,Normal,Van,274.9,500,67.0,140.21,20.0,4.6,Yes
D0199,2026-05-27,Korba DC,Zone B - Suburban,4.1,High,Normal,Van,171.2,500,70.0,160.59,20.0,3.8,No
D0421,2026-05-27,Raipur DC,Zone D - Rural,39.5,Low,Normal,Truck,491.6,1500,137.0,489.14,310.7,4.4,Yes
D0314,2026-05-27,Bilaspur DC,Zone B - Suburban,9.7,High,Normal,Van,153.0,500,81.0,175.62,66.71,4.6,Yes
D0221,2026-05-28,Raipur DC,Zone A - Urban,3.4,Low,Normal,Truck,832.5,1500,43.0,230.19,40.63,4.9,Yes
D0289,2026-05-28,Korba DC,Zone C - Semi-urban,6.3,Low,Normal,Truck,1005.2,1500,51.0,205.89,29.29,4.6,Yes
D0629,2026-05-28,Raipur DC,Zone B - Suburban,24.5,Low,Normal,Bike,25.9,50,89.0,52.83,67.04,4.7,Yes
D0226,2026-05-28,Bilaspur DC,Zone C - Semi-urban,18.5,High,Normal,Van,139.6,500,108.0,207.57,100.7,4.3,Yes
D0259,2026-05-28,Bilaspur DC,Zone B - Suburban,8.4,Low,Normal,Bike,26.0,50,57.0,51.82,20.0,4.7,Yes
D0651,2026-05-29,Bilaspur DC,Zone C - Semi-urban,11.4,Medium,Normal,Bike,43.0,50,78.0,80.13,20.0,4.3,Yes
D0827,2026-05-29,Raipur DC,Zone B - Suburban,30.9,Low,Rain,Bike,14.1,50,105.0,65.73,73.4,4.6,Yes
D0723,2026-05-29,Bilaspur DC,Zone B - Suburban,6.1,Medium,Rain,Bike,38.3,50,66.0,97.0,20.0,4.6,Yes
D0017,2026-05-30,Korba DC,Zone D - Rural,15.9,High,Normal,Bike,26.3,50,110.0,152.49,42.33,4.1,Yes
D0914,2026-05-30,Raipur DC,Zone A - Urban,26.0,Medium,Rain,Bike,32.5,50,113.0,131.12,45.25,4.5,Yes
D0389,2026-05-30,Korba DC,Zone D - Rural,30.1,Low,Normal,Bike,29.6,50,119.0,94.54,34.53,4.6,Yes
D0975,2026-05-31,Bilaspur DC,Zone B - Suburban,19.2,Low,Normal,Van,324.9,500,80.0,143.54,95.53,4.6,Yes
D0763,2026-05-31,Bilaspur DC,Zone D - Rural,16.3,Medium,Normal,Bike,21.2,50,87.0,97.13,36.23,4.2,Yes
D0139,2026-05-31,Raipur DC,Zone B - Suburban,23.9,Low,Normal,Truck,1341.3,1500,96.0,374.24,173.77,4.6,Yes
D0872,2026-05-31,Raipur DC,Zone C - Semi-urban,18.0,High,Normal,Bike,32.9,50,104.0,124.7,42.49,4.3,Yes
D0537,2026-05-31,Raipur DC,Zone B - Suburban,2.0,Low,Normal,Van,319.9,500,54.0,97.56,20.4,4.4,Yes
D0113,2026-05-31,Raipur DC,Zone B - Suburban,28.1,Medium,Rain,Van,395.8,500,94.0,268.59,115.49,4.5,Yes
D0802,2026-05-31,Bilaspur DC,Zone C - Semi-urban,4.0,Low,Rain,Truck,632.8,1500,69.0,209.26,20.0,4.1,No
D0574,2026-05-31,Raipur DC,Zone A - Urban,4.4,Medium,Normal,Bike,42.1,50,51.0,50.74,20.0,4.5,Yes
D0350,2026-05-31,Raipur DC,Zone A - Urban,17.8,Low,Normal,Truck,469.6,1500,87.0,260.53,119.28,3.4,No
D0238,2026-05-31,Raipur DC,Zone B - Suburban,22.3,Medium,Rain,Van,202.9,500,108.0,222.16,97.68,4.7,Yes
D0536,2026-06-01,Raipur DC,Zone D - Rural,26.1,Medium,Normal,Truck,708.9,1500,136.0,372.33,172.83,3.9,No
D0531,2026-06-01,Raipur DC,Zone A - Urban,31.2,Medium,Storm,Van,426.5,500,146.0,303.04,165.16,4.5,Yes
D0931,2026-06-01,Raipur DC,Zone B - Suburban,7.7,High,Normal,Van,221.4,500,86.0,134.65,20.0,4.3,Yes
D0990,2026-06-01,Raipur DC,Zone A - Urban,26.4,Low,Rain,Van,189.3,500,96.0,180.55,112.07,4.9,Yes
D0176,2026-06-01,Raipur DC,Zone B - Suburban,17.9,Low,Rain,Van,247.8,500,99.0,154.5,74.78,3.7,No
D0673,2026-06-01,Bilaspur DC,Zone A - Urban,10.9,High,Normal,Van,360.1,500,74.0,194.41,36.47,4.5,Yes
D0924,2026-06-01,Raipur DC,Zone C - Semi-urban,13.1,Medium,Rain,Bike,19.4,50,72.0,63.23,35.13,4.6,Yes
D0486,2026-06-01,Raipur DC,Zone C - Semi-urban,11.9,Medium,Normal,Truck,630.7,1500,64.0,232.47,63.13,4.3,Yes
D0264,2026-06-01,Bilaspur DC,Zone B - Suburban,49.7,Medium,Normal,Van,121.6,500,157.0,307.29,221.03,4.0,Yes
D0015,2026-06-01,Raipur DC,Zone B - Suburban,18.9,High,Normal,Truck,738.2,1500,115.0,357.17,127.95,4.3,Yes
D0366,2026-06-01,Korba DC,Zone B - Suburban,8.9,Medium,Normal,Bike,34.9,50,64.0,140.15,38.28,4.5,Yes
D0260,2026-06-01,Raipur DC,Zone D - Rural,24.0,Medium,Normal,Bike,36.1,50,98.0,92.34,31.37,4.7,Yes
D0638,2026-06-02,Korba DC,Zone D - Rural,32.4,Medium,Normal,Bike,28.1,50,139.0,126.96,70.15,4.6,Yes
D0386,2026-06-02,Korba DC,Zone C - Semi-urban,4.0,Low,Normal,Bike,37.4,50,54.0,56.03,20.0,4.4,Yes
D0365,2026-06-02,Korba DC,Zone D - Rural,38.2,Medium,Rain,Bike,39.4,50,150.0,154.86,81.9,4.6,Yes
D0274,2026-06-02,Bilaspur DC,Zone B - Suburban,8.2,Medium,Rain,Bike,42.0,50,79.0,50.0,24.15,4.7,Yes
D0698,2026-06-02,Bilaspur DC,Zone B - Suburban,20.5,Medium,Normal,Van,360.8,500,88.0,217.13,100.79,4.6,Yes
D0083,2026-06-03,Bilaspur DC,Zone C - Semi-urban,8.7,High,Storm,Bike,34.3,50,106.0,83.69,20.0,3.0,No
D0452,2026-06-03,Raipur DC,Zone C - Semi-urban,8.3,Medium,Normal,Van,438.4,500,71.0,134.72,42.12,3.8,No
D0515,2026-06-03,Bilaspur DC,Zone D - Rural,18.0,Low,Rain,Van,258.2,500,95.0,129.5,56.09,4.8,Yes
D0951,2026-06-03,Korba DC,Zone A - Urban,4.0,Medium,Normal,Van,408.7,500,63.0,138.57,48.55,4.6,Yes
D0750,2026-06-03,Korba DC,Zone B - Suburban,2.0,High,Storm,Truck,634.3,1500,100.0,235.41,20.0,3.4,No
D0865,2026-06-03,Raipur DC,Zone B - Suburban,29.0,High,Rain,Van,125.8,500,129.0,260.31,114.7,3.7,No
D0838,2026-06-04,Raipur DC,Zone B - Suburban,52.1,Low,Normal,Bike,43.4,50,136.0,117.29,97.34,4.9,Yes
D0687,2026-06-04,Raipur DC,Zone B - Suburban,18.7,High,Normal,Truck,1117.6,1500,126.0,347.57,113.42,3.9,No
D0352,2026-06-04,Bilaspur DC,Zone C - Semi-urban,12.6,Medium,Normal,Van,399.9,500,82.0,134.31,44.37,4.2,Yes
D0813,2026-06-04,Raipur DC,Zone C - Semi-urban,17.4,High,Normal,Bike,47.5,50,102.0,120.99,26.11,4.2,Yes
D0170,2026-06-04,Bilaspur DC,Zone C - Semi-urban,26.6,High,Normal,Bike,20.0,50,118.0,113.6,33.14,4.4,Yes
D0674,2026-06-05,Bilaspur DC,Zone B - Suburban,18.2,High,Normal,Truck,611.6,1500,115.0,352.33,119.3,4.8,Yes
D0086,2026-06-06,Raipur DC,Zone A - Urban,7.0,Medium,Normal,Truck,900.7,1500,75.0,277.11,48.15,4.9,Yes
D0524,2026-06-06,Korba DC,Zone B - Suburban,34.5,Medium,Rain,Van,291.4,500,131.0,308.69,153.55,4.8,Yes
D0690,2026-06-06,Raipur DC,Zone D - Rural,29.0,Low,Normal,Bike,32.7,50,110.0,103.66,46.3,4.9,Yes
D0021,2026-06-07,Raipur DC,Zone B - Suburban,15.9,Low,Normal,Van,419.0,500,70.0,220.23,66.72,4.6,Yes
D0320,2026-06-07,Bilaspur DC,Zone A - Urban,18.4,Low,Normal,Van,431.5,500,75.0,143.08,77.8,4.4,Yes
D0420,2026-06-07,Raipur DC,Zone A - Urban,11.1,Medium,Normal,Van,247.7,500,69.0,151.14,55.01,4.5,Yes
D0300,2026-06-07,Korba DC,Zone A - Urban,17.2,Low,Normal,Van,265.5,500,72.0,207.52,75.2,4.4,Yes
D0239,2026-06-08,Bilaspur DC,Zone B - Suburban,17.3,High,Normal,Van,325.0,500,90.0,178.25,82.54,4.4,Yes
D0616,2026-06-08,Korba DC,Zone A - Urban,16.4,High,Normal,Truck,331.7,1500,106.0,350.89,156.24,4.1,Yes
D0662,2026-06-08,Bilaspur DC,Zone C - Semi-urban,17.0,Medium,Normal,Bike,46.5,50,104.0,111.87,29.27,4.6,Yes
D0815,2026-06-09,Bilaspur DC,Zone A - Urban,16.1,Low,Normal,Van,136.6,500,64.0,176.03,89.14,4.7,Yes
D0647,2026-06-09,Bilaspur DC,Zone A - Urban,7.4,Medium,Normal,Truck,906.8,1500,70.0,284.99,49.46,4.6,Yes
D0145,2026-06-09,Raipur DC,Zone B - Suburban,9.4,Medium,Normal,Bike,47.9,50,54.0,91.39,47.92,4.3,Yes
D0334,2026-06-09,Korba DC,Zone A - Urban,17.7,Low,Rain,Bike,22.1,50,76.0,106.69,66.75,4.3,Yes
D0205,2026-06-09,Korba DC,Zone B - Suburban,22.4,Low,Normal,Truck,950.6,1500,82.0,381.96,170.73,4.5,Yes
D0204,2026-06-09,Korba DC,Zone B - Suburban,19.4,High,Rain,Van,115.6,500,120.0,224.6,89.34,3.2,No
D0253,2026-06-09,Korba DC,Zone C - Semi-urban,13.1,Low,Normal,Truck,632.3,1500,65.0,334.78,91.27,4.7,Yes
D0179,2026-06-09,Korba DC,Zone A - Urban,5.3,Low,Rain,Bike,49.0,50,34.0,55.04,20.0,4.9,Yes
D0484,2026-06-09,Bilaspur DC,Zone B - Suburban,40.5,Low,Normal,Van,283.2,500,137.0,285.2,197.28,4.3,Yes
D0718,2026-06-10,Bilaspur DC,Zone B - Suburban,19.4,Low,Normal,Bike,32.4,50,90.0,112.11,53.71,4.7,Yes
D0689,2026-06-10,Korba DC,Zone A - Urban,6.4,High,Normal,Van,278.7,500,73.0,108.88,20.0,4.3,Yes
D0492,2026-06-10,Raipur DC,Zone C - Semi-urban,13.5,Low,Normal,Truck,769.9,1500,75.0,299.44,99.04,4.5,Yes
D0970,2026-06-10,Raipur DC,Zone B - Suburban,33.7,Low,Normal,Bike,34.7,50,110.0,98.39,68.03,4.8,Yes
D0499,2026-06-10,Raipur DC,Zone A - Urban,9.4,Low,Normal,Van,317.6,500,65.0,136.04,43.79,4.7,Yes
D0263,2026-06-10,Korba DC,Zone C - Semi-urban,8.3,Low,Rain,Bike,14.7,50,55.0,50.0,20.0,3.7,No
D0229,2026-06-10,Korba DC,Zone A - Urban,22.0,Medium,Normal,Van,420.0,500,94.0,222.74,94.6,4.8,Yes
D0025,2026-06-10,Raipur DC,Zone A - Urban,40.6,Low,Normal,Truck,467.4,1500,119.0,450.71,276.99,4.9,Yes
D0640,2026-06-10,Bilaspur DC,Zone B - Suburban,4.6,High,Normal,Truck,1182.3,1500,64.0,262.81,37.77,4.5,Yes
D0335,2026-06-10,Korba DC,Zone D - Rural,40.7,Low,Normal,Bike,30.3,50,123.0,85.61,81.77,4.6,Yes
D0283,2026-06-10,Raipur DC,Zone A - Urban,23.8,High,Rain,Van,373.0,500,106.0,271.86,122.65,4.4,Yes
D0356,2026-06-10,Korba DC,Zone D - Rural,40.5,Medium,Normal,Truck,1006.6,1500,152.0,508.5,263.53,5.0,Yes
D0751,2026-06-11,Korba DC,Zone B - Suburban,33.5,Low,Rain,Van,304.6,500,116.0,262.69,171.8,4.6,Yes
D0517,2026-06-11,Raipur DC,Zone B - Suburban,22.7,Low,Normal,Bike,12.1,50,86.0,113.81,65.65,4.6,Yes
D0110,2026-06-11,Raipur DC,Zone C - Semi-urban,23.8,Medium,Rain,Bike,15.8,50,112.0,122.65,45.1,4.4,Yes
D0073,2026-06-11,Raipur DC,Zone C - Semi-urban,17.2,High,Normal,Truck,476.1,1500,107.0,307.69,128.04,4.3,No
D0281,2026-06-12,Raipur DC,Zone A - Urban,17.6,High,Normal,Van,316.9,500,100.0,190.41,82.47,3.4,No
D0101,2026-06-12,Bilaspur DC,Zone B - Suburban,6.4,Medium,Normal,Bike,44.4,50,67.0,76.2,20.0,4.2,Yes
D0585,2026-06-12,Raipur DC,Zone A - Urban,14.5,Medium,Normal,Truck,1380.4,1500,82.0,336.22,95.47,4.8,Yes
D0100,2026-06-12,Bilaspur DC,Zone B - Suburban,6.3,Low,Rain,Truck,1099.4,1500,55.0,261.25,37.9,3.6,No
D0992,2026-06-12,Bilaspur DC,Zone C - Semi-urban,31.8,Low,Normal,Bike,40.8,50,106.0,143.3,97.46,4.2,Yes
D0489,2026-06-12,Raipur DC,Zone D - Rural,27.6,Medium,Normal,Van,313.2,500,112.0,205.68,117.45,4.1,Yes
D0528,2026-06-13,Bilaspur DC,Zone A - Urban,9.0,Medium,Normal,Van,150.5,500,70.0,140.26,58.79,4.5,Yes
D0526,2026-06-13,Korba DC,Zone D - Rural,44.1,Medium,Normal,Van,346.9,500,155.0,294.48,174.61,4.7,Yes
D0268,2026-06-13,Raipur DC,Zone C - Semi-urban,8.9,Low,Normal,Van,341.5,500,66.0,141.26,32.36,4.5,Yes
D0654,2026-06-13,Korba DC,Zone C - Semi-urban,40.1,Low,Normal,Van,142.7,500,120.0,304.33,189.64,4.6,Yes
D0222,2026-06-13,Bilaspur DC,Zone A - Urban,12.8,Low,Rain,Bike,17.2,50,68.0,50.0,32.03,4.8,Yes
D0061,2026-06-13,Raipur DC,Zone C - Semi-urban,6.9,Low,Rain,Bike,31.8,50,53.0,114.4,20.0,4.8,Yes
D0679,2026-06-13,Bilaspur DC,Zone A - Urban,18.6,High,Normal,Van,170.6,500,94.0,217.52,86.03,3.9,No
D0603,2026-06-14,Bilaspur DC,Zone C - Semi-urban,21.4,Low,Storm,Bike,45.8,50,96.0,140.23,47.03,3.7,No
D0173,2026-06-14,Korba DC,Zone B - Suburban,37.2,Medium,Normal,Bike,17.4,50,139.0,87.21,57.83,4.4,Yes
D0733,2026-06-14,Raipur DC,Zone D - Rural,61.8,Medium,Normal,Bike,28.6,50,218.0,196.57,133.01,4.8,Yes
D0641,2026-06-15,Raipur DC,Zone A - Urban,17.4,Medium,Normal,Van,219.7,500,94.0,185.24,80.84,3.9,No
D0770,2026-06-15,Raipur DC,Zone B - Suburban,13.2,Low,Rain,Van,409.9,500,77.0,146.02,63.38,5.0,Yes
D0269,2026-06-15,Raipur DC,Zone B - Suburban,2.0,Medium,Normal,Van,253.2,500,40.0,103.34,20.0,4.7,Yes
D0780,2026-06-15,Raipur DC,Zone D - Rural,35.5,Low,Normal,Van,163.2,500,124.0,235.57,157.76,4.7,Yes
D0604,2026-06-15,Korba DC,Zone B - Suburban,5.3,High,Normal,Van,441.9,500,77.0,158.2,20.0,4.3,Yes
D0581,2026-06-16,Raipur DC,Zone A - Urban,33.0,High,Normal,Bike,34.6,50,135.0,127.63,48.68,3.6,No
D0633,2026-06-16,Raipur DC,Zone D - Rural,18.6,Medium,Normal,Truck,869.4,1500,107.0,358.82,141.56,4.9,Yes
D0619,2026-06-16,Raipur DC,Zone B - Suburban,6.4,High,Rain,Van,421.1,500,73.0,199.82,38.61,3.9,Yes
D0043,2026-06-16,Bilaspur DC,Zone C - Semi-urban,27.4,Low,Rain,Truck,435.6,1500,111.0,386.83,195.62,3.8,No
D0980,2026-06-17,Korba DC,Zone C - Semi-urban,13.2,High,Normal,Truck,1190.1,1500,108.0,260.14,80.39,4.3,No
D0595,2026-06-17,Korba DC,Zone C - Semi-urban,54.1,Low,Rain,Truck,535.9,1500,178.0,565.07,370.83,4.8,Yes
D0500,2026-06-17,Raipur DC,Zone D - Rural,33.2,Medium,Normal,Bike,45.4,50,116.0,116.22,54.02,4.7,Yes
D0899,2026-06-17,Raipur DC,Zone A - Urban,14.5,High,Rain,Bike,34.0,50,96.0,100.82,40.19,4.8,Yes
D0413,2026-06-17,Raipur DC,Zone A - Urban,12.1,High,Normal,Van,229.0,500,84.0,225.36,63.23,4.0,Yes
D0230,2026-06-17,Korba DC,Zone A - Urban,16.5,Medium,Normal,Truck,1145.9,1500,80.0,305.43,108.82,4.6,Yes
D0282,2026-06-18,Bilaspur DC,Zone A - Urban,17.8,Medium,Normal,Van,475.7,500,85.0,216.77,59.45,4.3,No
D0903,2026-06-18,Bilaspur DC,Zone D - Rural,29.6,Low,Rain,Truck,1285.0,1500,127.0,433.65,201.42,4.6,Yes
D0395,2026-06-19,Raipur DC,Zone D - Rural,33.6,Low,Normal,Van,308.8,500,132.0,251.4,144.21,4.5,Yes
D0596,2026-06-19,Raipur DC,Zone D - Rural,25.2,Low,Storm,Van,258.6,500,121.0,241.45,119.47,3.4,No
D0361,2026-06-19,Korba DC,Zone C - Semi-urban,3.8,High,Normal,Van,173.1,500,69.0,171.89,20.0,4.6,Yes
D0824,2026-06-19,Raipur DC,Zone C - Semi-urban,47.1,Low,Normal,Truck,1082.4,1500,146.0,518.44,317.0,4.4,Yes
D0150,2026-06-19,Korba DC,Zone A - Urban,10.1,Low,Normal,Van,255.4,500,58.0,96.08,22.07,4.6,Yes
D0031,2026-06-19,Raipur DC,Zone A - Urban,10.4,Medium,Rain,Truck,1470.0,1500,66.0,311.3,61.79,4.6,Yes
D0141,2026-06-20,Bilaspur DC,Zone C - Semi-urban,38.8,Low,Rain,Truck,569.7,1500,127.0,438.68,264.48,4.8,Yes
D0494,2026-06-20,Bilaspur DC,Zone A - Urban,33.6,Low,Normal,Bike,25.9,50,94.0,127.95,63.87,4.5,Yes
D0175,2026-06-21,Raipur DC,Zone A - Urban,19.1,Medium,Normal,Bike,46.7,50,84.0,50.0,20.45,4.2,No
D0117,2026-06-21,Raipur DC,Zone C - Semi-urban,14.3,High,Normal,Bike,9.3,50,102.0,74.28,54.98,4.3,Yes
D0056,2026-06-21,Korba DC,Zone C - Semi-urban,10.6,Medium,Normal,Bike,43.5,50,84.0,56.49,35.09,5.0,Yes
D0203,2026-06-21,Raipur DC,Zone A - Urban,9.5,Medium,Normal,Van,403.7,500,76.0,204.02,39.78,4.5,Yes
D0319,2026-06-21,Raipur DC,Zone A - Urban,20.1,High,Rain,Truck,1217.9,1500,135.0,416.23,151.99,3.5,No
D0977,2026-06-21,Bilaspur DC,Zone B - Suburban,54.0,Low,Rain,Bike,39.8,50,161.0,153.63,107.07,3.6,No
D0947,2026-06-22,Korba DC,Zone A - Urban,24.8,Medium,Rain,Van,244.7,500,105.0,240.15,118.94,4.5,Yes
D0625,2026-06-22,Raipur DC,Zone B - Suburban,29.0,Low,Rain,Bike,27.1,50,115.0,111.92,60.59,4.6,Yes
D0648,2026-06-22,Raipur DC,Zone A - Urban,18.8,Medium,Normal,Van,341.4,500,88.0,240.68,103.46,4.4,Yes
D0372,2026-06-22,Korba DC,Zone C - Semi-urban,42.8,Medium,Rain,Bike,32.8,50,168.0,111.67,55.94,4.4,Yes
D0646,2026-06-22,Raipur DC,Zone B - Suburban,37.3,High,Normal,Van,220.0,500,135.0,273.28,162.22,4.1,Yes
D0741,2026-06-22,Raipur DC,Zone B - Suburban,26.4,Medium,Normal,Truck,538.3,1500,100.0,404.04,184.16,4.8,Yes
D0593,2026-06-23,Korba DC,Zone D - Rural,21.5,Medium,Storm,Van,370.1,500,121.0,221.33,105.67,3.8,No
D0344,2026-06-23,Korba DC,Zone C - Semi-urban,10.7,Medium,Rain,Van,400.4,500,86.0,202.2,65.43,5.0,Yes
D0033,2026-06-24,Korba DC,Zone A - Urban,17.4,Medium,Rain,Van,204.8,500,82.0,178.74,68.31,4.2,No
D0348,2026-06-24,Bilaspur DC,Zone A - Urban,13.7,Low,Normal,Van,200.0,500,67.0,125.03,55.44,4.5,Yes
D0121,2026-06-24,Raipur DC,Zone A - Urban,53.1,Medium,Normal,Bike,22.7,50,155.0,166.07,97.75,4.7,Yes
D0058,2026-06-24,Bilaspur DC,Zone C - Semi-urban,17.6,Low,Rain,Bike,28.4,50,94.0,78.03,23.95,5.0,Yes
D0296,2026-06-25,Raipur DC,Zone B - Suburban,8.9,Medium,Normal,Bike,14.9,50,59.0,65.97,30.44,4.1,No
D0461,2026-06-25,Raipur DC,Zone B - Suburban,23.0,Medium,Normal,Truck,394.9,1500,99.0,296.4,156.35,4.8,Yes
D0359,2026-06-25,Raipur DC,Zone B - Suburban,22.8,Low,Normal,Bike,37.6,50,74.0,81.89,66.26,4.6,Yes
D0554,2026-06-26,Korba DC,Zone B - Suburban,3.8,Medium,Normal,Bike,36.2,50,72.0,78.16,22.75,4.3,Yes
D0835,2026-06-26,Korba DC,Zone D - Rural,45.8,Medium,Rain,Van,469.0,500,158.0,308.96,195.66,4.1,Yes
D0717,2026-06-26,Bilaspur DC,Zone B - Suburban,6.3,Medium,Normal,Van,394.7,500,55.0,127.58,34.81,3.9,No
D0532,2026-06-26,Korba DC,Zone A - Urban,11.3,Medium,Normal,Van,366.9,500,75.0,168.08,65.49,4.0,No
D0709,2026-06-26,Korba DC,Zone D - Rural,41.4,Medium,Normal,Bike,39.4,50,148.0,195.75,104.68,4.0,No
D0998,2026-06-27,Bilaspur DC,Zone B - Suburban,20.9,Medium,Normal,Bike,21.0,50,89.0,90.89,43.2,4.5,Yes
D0237,2026-06-27,Raipur DC,Zone D - Rural,31.6,Medium,Rain,Van,374.8,500,133.0,276.78,136.54,4.7,Yes
D0488,2026-06-27,Raipur DC,Zone A - Urban,26.7,High,Normal,Truck,1436.1,1500,120.0,482.36,186.97,4.0,Yes
D0816,2026-06-27,Raipur DC,Zone C - Semi-urban,13.2,Low,Normal,Bike,42.2,50,75.0,50.0,37.67,4.7,Yes
D0683,2026-06-27,Bilaspur DC,Zone A - Urban,37.5,Low,Normal,Truck,937.0,1500,120.0,468.99,244.98,4.8,Yes
D0972,2026-06-27,Bilaspur DC,Zone B - Suburban,20.7,High,Normal,Bike,38.5,50,104.0,95.36,43.85,4.2,Yes
D0598,2026-06-27,Raipur DC,Zone A - Urban,4.9,Medium,Rain,Bike,38.3,50,47.0,91.85,20.0,4.4,Yes
D0493,2026-06-28,Raipur DC,Zone C - Semi-urban,6.1,Medium,Normal,Bike,21.6,50,71.0,59.48,20.0,4.6,Yes
D0778,2026-06-28,Raipur DC,Zone B - Suburban,16.2,High,Normal,Van,315.7,500,84.0,198.52,96.56,4.5,Yes
D0768,2026-06-28,Raipur DC,Zone B - Suburban,14.8,Medium,Normal,Bike,47.0,50,69.0,125.4,42.09,4.3,Yes
D0941,2026-06-28,Raipur DC,Zone C - Semi-urban,31.5,High,Rain,Van,348.6,500,151.0,293.68,145.92,4.7,Yes
D0133,2026-06-28,Raipur DC,Zone C - Semi-urban,20.5,Low,Normal,Van,366.5,500,95.0,169.59,77.07,5.0,Yes
D0454,2026-06-28,Raipur DC,Zone A - Urban,10.4,Low,Normal,Bike,19.7,50,64.0,53.46,44.62,4.8,Yes
D0946,2026-06-28,Korba DC,Zone B - Suburban,12.1,Medium,Rain,Van,195.7,500,76.0,126.69,40.44,4.2,Yes
D0394,2026-06-29,Bilaspur DC,Zone A - Urban,11.4,Medium,Normal,Van,370.5,500,54.0,187.9,67.06,4.8,Yes
D0472,2026-06-29,Bilaspur DC,Zone A - Urban,21.9,Medium,Rain,Bike,12.5,50,99.0,72.17,22.71,4.8,Yes
D0181,2026-06-29,Bilaspur DC,Zone C - Semi-urban,8.9,Low,Rain,Truck,752.0,1500,79.0,199.46,55.01,4.4,Yes
D0856,2026-06-29,Bilaspur DC,Zone A - Urban,29.6,High,Rain,Van,111.1,500,135.0,232.23,143.02,4.3,Yes
D0906,2026-06-29,Bilaspur DC,Zone B - Suburban,58.5,Low,Storm,Bike,12.6,50,183.0,144.14,113.81,3.3,No
D0002,2026-06-29,Korba DC,Zone A - Urban,13.5,High,Normal,Bike,43.4,50,102.0,109.02,20.0,3.9,No
D0571,2026-06-29,Bilaspur DC,Zone A - Urban,17.0,Low,Rain,Van,109.0,500,77.0,155.14,86.09,4.8,Yes
D0913,2026-06-30,Bilaspur DC,Zone C - Semi-urban,12.7,Low,Normal,Van,79.9,500,61.0,127.1,59.52,4.6,Yes
D0330,2026-06-30,Korba DC,Zone B - Suburban,18.0,Medium,Rain,Bike,24.4,50,99.0,122.23,39.59,4.5,Yes
D0730,2026-06-30,Korba DC,Zone A - Urban,9.2,Medium,Normal,Van,126.9,500,65.0,127.39,54.85,4.3,Yes
D0579,2026-06-30,Bilaspur DC,Zone A - Urban,40.7,Low,Normal,Van,376.0,500,131.0,281.42,189.53,4.5,Yes
