Delivery_ID,Delivery_Date,Vehicle_Type,Origin,Destination_Zone,Distance_KM,Traffic_Level,Weather_Condition,Package_Count,Vehicle_Capacity_KG,Load_Weight_KG,Delivery_Time_Minutes,Delivery_Cost_INR,Fuel_Cost_INR,Customer_Rating,On_Time_Delivery,Distance_KM_MinMax,Delivery_Time_Minutes_MinMax,Delivery_Cost_INR_MinMax,Fuel_Cost_INR_MinMax,Load_Weight_KG_MinMax,Distance_KM_Standardized,Delivery_Time_Minutes_Standardized,Delivery_Cost_INR_Standardized,Fuel_Cost_INR_Standardized,Load_Weight_KG_Standardized
D100001,2026-01-01 00:00:00.000000000,Bike,Warehouse A,Urban,15.22,Medium,Normal,2,50,31.82,69.45,150.98,30.63,4.84,Yes,0.2983034297571097,0.15830191643103986,0.22943402217341827,0.09594233228694336,0.08414168251921958,-0.7018112566976847,-1.853012812814117,-1.388532920119573,-0.8425161776518852,-0.7088182157457438
D100002,2026-01-01 02:08:17.297297297,Truck,Warehouse B,Urban,3.0,High,Rain,13,500,284.3,102.22,260.23,17.62,4.15,No,0.0,0.41568488846999685,0.5185087185457623,0.035437739797697945,0.8780165705032464,-2.108392459058487,-0.4703589381821745,0.14390559540152478,-1.088036876478428,2.0701197187300138
D100003,2026-01-01 04:16:34.594594594,Van,Warehouse C,Rural,28.7,Low,Rain,1,200,142.97,96.27,253.2,116.35,4.85,Yes,0.627364823629928,0.368952246308514,0.4999073902574549,0.4945936519009417,0.43363151854355647,0.849802049998192,-0.721405338977416,0.04529650831581896,0.7751651677294578,0.5145616615395082
D100004,2026-01-01 06:24:51.891891891,Van,Warehouse B,Urban,27.31,Medium,Normal,10,200,148.17,118.23,282.36,104.78,4.96,No,0.5934334187721225,0.541431039899466,0.5770645357605905,0.4407859551214975,0.44998192022890554,0.6898063158507685,0.20514574698283644,0.4543208297125717,0.5568197038229934,0.571795807845251
D100005,2026-01-01 08:33:09.189189189,Bike,Warehouse C,Urban,24.3,Medium,Normal,2,50,14.9,112.39,180.48,35.31,4.95,Yes,0.5199560600512633,0.49556236255105246,0.3074908051755615,0.11770724334379724,0.030939990881506754,0.343340733272535,-0.04125945984812328,-0.9747394536859586,-0.7541966641616298,-0.8950493225713528
D100006,2026-01-01 10:41:26.486486486,Bike,Warehouse B,Semi-urban,23.43,High,Normal,12,50,25.26,119.81,241.39,36.84,4.17,Yes,0.4987184181618455,0.5538407163053723,0.4686582171301562,0.12482269503546099,0.06351502193154841,0.24319951837450726,0.27181016937888364,-0.12036114722929923,-0.7253229770590462,-0.7810212926237576
D100007,2026-01-01 12:49:43.783783783,Bike,Warehouse B,Suburban,17.76,High,Normal,7,50,38.78,114.12,220.68,31.39,4.32,Yes,0.3603075796411571,0.5091501727929627,0.4138597094700076,0.09947680502267177,0.10602606631345607,-0.40944495113332796,0.0317338634083084,-0.4108581875628635,-0.828173692555177,-0.6322125122288265
D100008,2026-01-01 14:58:01.081081081,Truck,Warehouse C,Semi-urban,9.77,Low,Normal,8,500,323.095,77.19,309.11,68.88,4.84,Yes,0.16526302941535453,0.21909362236883434,0.6478448389913475,0.27382862457853735,1.0,-1.3291326603692375,-1.5264415284182906,0.8295403289362729,-0.12067400008729855,2.497119469870647
D100009,2026-01-01 17:06:18.378378378,Van,Warehouse A,Urban,24.12,Medium,Normal,5,200,22.46,108.35,241.31,76.59,4.53,No,0.5155620651775906,0.46383129123468425,0.468446537718625,0.3096849203580979,0.05471095948559121,0.3226218612246673,-0.2117178563544723,-0.1214832990026783,0.024826736880622216,-0.8118396790960807
D100010,2026-01-01 19:14:35.675675675,Van,Warehouse B,Suburban,13.33,Low,Normal,6,200,14.54,75.85,176.42,52.7,4.44,Yes,0.25216648358354693,0.20856896010053405,0.2967480750403513,0.19858156028368795,0.029808039995597963,-0.9193594132002966,-1.5829797094377234,-1.0316886561849579,-0.42601795911984774,-0.899011686546366
D100011,2026-01-01 21:22:52.972972972,Bike,Warehouse A,Urban,37.47,Medium,Normal,12,50,24.25,151.19,227.6,67.97,4.55,Yes,0.8414500183083119,0.800306314797361,0.4321699785674594,0.26959655853970466,0.060339270834970996,1.859271538108195,1.5958162293712654,-0.3137920591655548,-0.13784723882151478,-0.7921379248869885
D100012,2026-01-01 23:31:10.270270270,Truck,Warehouse C,Urban,24.56,Low,Normal,1,500,309.51,100.26,331.35,171.24,4.6,Yes,0.526302941535457,0.4002906063462143,0.706691715397031,0.7498662946169049,0.9572845755970254,0.3732679928972327,-0.553056576091195,1.1414985219357165,1.8110322821482858,2.347595262646893
D100013,2026-01-02 01:39:27.567567567,Truck,Warehouse C,Rural,27.35,Medium,Normal,15,500,188.89,132.22,378.38,203.44,4.46,Yes,0.5944098620773831,0.6513116556707508,0.8311327494509563,0.8996163236832925,0.5780181426572546,0.6944105096391838,0.7954212338946726,1.8011834957110682,2.4187007296667087,1.019983199685606
D100014,2026-01-02 03:47:44.864864864,Bike,Warehouse A,Urban,15.11,Medium,Normal,6,50,28.47,89.96,99.96,21.7,4.88,Yes,0.2956182106676431,0.31939208294062194,0.09443547746937261,0.05441227764213463,0.07360825066423506,-0.7144727896158263,-0.9876411018375796,-2.104185213592217,-1.0110403775382055,-0.7456902138465588
D100015,2026-01-02 05:56:02.162162162,Bike,Warehouse B,Suburban,19.26,Medium,Normal,12,50,29.97,120.17,202.12,16.31,4.72,Yes,0.39692420358842917,0.5566682375117814,0.3647500859947609,0.029345424950587132,0.07832471268885499,-0.23678768406776304,0.2869995314438058,-0.6711973989868596,-1.1127587915793329,-0.7291803639506714
D100016,2026-01-02 08:04:19.459459459,Bike,Warehouse C,Suburban,18.08,Medium,Normal,15,50,31.13,100.55,226.92,23.66,4.62,No,0.3681191260832417,0.4025683317624882,0.43037070356944396,0.06352749680269736,0.0819721099878944,-0.37261140082600785,-0.5408207010944523,-0.3233303492392789,-0.9740518633414321,-0.7164127466978519
D100017,2026-01-02 10:12:36.756756756,Bike,Warehouse A,Urban,28.93,Medium,Rain,8,50,7.81,141.73,250.11,38.93,4.56,Yes,0.6329793726351763,0.7260053408733897,0.491731272987061,0.13454249505871407,0.00864684704513654,0.8762761642815786,1.1966735484430326,0.001953396069044109,-0.685881143043099,-0.9730858797459138
D100018,2026-01-02 12:20:54.054054054,Van,Warehouse B,Rural,33.49,Medium,Rain,13,200,146.65,155.68,352.19,132.12,4.53,Yes,0.7442939094348834,0.8355717876217406,0.7618342021009179,0.5679339611673061,0.44520257204395736,1.4011542561608963,1.7852613284587673,1.433819058901022,1.0727717334861515,0.5550658266174187
D100019,2026-01-02 14:29:11.351351351,Van,Warehouse C,Urban,14.15,Low,Normal,3,200,145.03,79.79,216.32,47.12,4.78,Yes,0.272183571341389,0.23951460885956644,0.4023231815415552,0.17263108940820832,0.44010879305736783,-0.8249734405377878,-1.4167405801716302,-0.4720154592120352,-0.5313219944351523,0.5372351887298602
D100020,2026-01-02 16:37:28.648648648,Bike,Warehouse A,Semi-urban,35.12,High,Normal,11,50,26.64,156.64,295.07,52.61,4.2,Yes,0.7840839741242523,0.8431118441721646,0.6106951022676155,0.19816300430182537,0.06785416699419874,1.5887751530388097,1.8257662939652255,0.6326026927082067,-0.4277164113023527,-0.7658322307195413
D100021,2026-01-02 18:45:45.945945945,Van,Warehouse B,Rural,32.39,Low,Normal,1,200,139.79,92.38,224.34,126.93,4.47,Yes,0.7174417185402172,0.3383993088281495,0.4235440425475616,0.5437972328798977,0.4236326190513622,1.2745389269794818,-0.8855348346233805,-0.35951974393076086,0.9748276576283685,0.47956077976022704
D100022,2026-01-02 20:54:03.243243243,Bike,Warehouse A,Suburban,26.15,Medium,Normal,11,50,27.27,137.67,231.09,49.53,4.77,Yes,0.5651165629195655,0.6941171850455545,0.44140449289550965,0.18383908847808395,0.06983508104453912,0.5562846959867316,1.0253712984886327,-0.26483818805188303,-0.48584121932585406,-0.7588980937632687
D100023,2026-01-02 23:02:20.540540540,Bike,Warehouse C,Rural,27.13,Medium,Normal,4,50,39.19,123.65,442.20000000000005,31.01,4.8,Yes,0.5890394238984499,0.5840009425070689,0.9999999999999999,0.09770956865480758,0.1073152326001855,0.6690874438029006,0.4338300314047202,2.6963800729244003,-0.8353449351035309,-0.6276998199239506
D100024,2026-01-03 01:10:37.837837837,Bike,Warehouse C,Urban,22.9,Medium,Rain,1,50,42.18,102.69,172.34,36.32,4.65,No,0.4857805443671426,0.4193763744894753,0.28595242505225826,0.12240437158469945,0.11671671356926125,0.1821939506780075,-0.45052838215297064,-1.0889183966273015,-0.7351362563357414,-0.5947901857981485
D100025,2026-01-03 03:18:55.135135135,Van,Warehouse C,Suburban,22.49,Low,Normal,14,200,95.58,118.57,280.58,93.25,4.86,Yes,0.47577200048822155,0.5441014765944078,0.5723546688540204,0.38716428322288104,0.28462276164573075,0.13500096434675307,0.21949125559970692,0.429352952754882,0.3392291075531977,-0.007039529504559134
D100026,2026-01-03 05:27:12.432432432,Van,Warehouse B,Urban,4.88,Medium,Rain,8,200,26.78,88.65,181.2,25.72,4.57,No,0.04589283534724764,0.30910304743952244,0.3093959198793427,0.0731077781653296,0.06829437011649661,-1.8919953510029792,-1.0429135026849348,-0.964640087725545,-0.9351761800529863,-0.7642913113959252
D100027,2026-01-03 07:35:29.729729729,Bike,Warehouse C,Semi-urban,36.12,High,Normal,5,50,20.7,143.91,252.84,51.27,4.54,Yes,0.808495056755767,0.7431275526233114,0.4989548329055644,0.19193117079409372,0.04917697737670382,1.7038799977491863,1.288653574280617,0.04024682533561235,-0.4530044771307591,-0.8312112363072551
D100028,2026-01-03 09:43:47.027027027,Van,Warehouse C,Rural,42.33,Medium,Normal,1,200,55.74,153.08,300.86,171.09,4.52,Yes,0.9600878798974732,0.8151508011310087,0.6260153996771888,0.7491687013138006,0.15935353027182542,2.4186810834006254,1.6755603802121075,0.7138184273065333,1.8082015285107775,-0.4455411427393269
D100029,2026-01-03 11:52:04.324324324,Van,Warehouse A,Urban,16.82,Medium,Rain,14,200,154.27,115.33,239.49,70.11,4.63,Yes,0.33736116196753324,0.5186537857367264,0.46363083110628944,0.27954888966399255,0.4691621991290266,-0.5176435051610822,0.08278699701540763,-0.14701225184705713,-0.09746182025973137,0.6389358640885263
D100030,2026-01-03 14:00:21.621621621,Bike,Warehouse C,Semi-urban,11.18,Medium,Normal,8,50,37.54,102.92,114.39,10.0,4.65,Yes,0.19968265592579032,0.42118284637134784,0.1326171513243193,0.0,0.10212712437310358,-1.1668348293276063,-0.4408240675003813,-1.9017770874689268,-1.231839161263844,-0.6458606548094267
D100031,2026-01-03 16:08:38.918918918,Van,Warehouse A,Urban,22.78,Low,Normal,9,200,61.56,109.4,255.58,88.5,4.85,Yes,0.4828512144513609,0.47207822808671074,0.5062048527505092,0.36507382862457854,0.17765340292735077,0.16838136931276262,-0.16741555033178215,0.07868052357385327,0.24958857569877188,-0.38148292514328397
D100032,2026-01-03 18:16:56.216216216,Bike,Warehouse B,Suburban,20.69,Medium,Normal,10,50,26.13,120.95,208.34,30.77,4.74,Yes,0.4318320517514952,0.562794533459001,0.38120816024131443,0.09659341936984071,0.06625056990582796,-0.0721877561319245,0.3199098159178039,-0.5839500986066195,-0.8398741409235442,-0.7714455796841431
D100033,2026-01-03 20:25:13.513513513,Bike,Warehouse A,Suburban,22.85,High,Normal,2,50,31.48,124.49,177.13,34.95,4.45,Yes,0.48455999023556695,0.5905984919886899,0.298626729817691,0.11603301941634693,0.08307261779363906,0.17643870844248902,0.4692718762228715,-1.0217295591962163,-0.7609904728916494,-0.7125604483888115
D100034,2026-01-03 22:33:30.810810810,Truck,Warehouse A,Rural,33.53,Low,Storm,9,500,194.25,155.89,429.65,225.025,4.36,No,0.745270352740144,0.8372211749921457,0.966792792316037,0.9999999999999999,0.5948716336252299,1.4057584499493112,1.7941217896633044,2.5203425134755224,2.8260461781041366,1.0789783966469102
D100035,2026-01-04 00:41:48.108108108,Truck,Warehouse A,Suburban,24.05,Low,Normal,8,500,188.2,107.25,389.28,171.85,4.62,Yes,0.5138532893933846,0.45519164310398996,0.8599740692720871,0.752703174049529,0.5758485701259295,0.31456452209494085,-0.25812979599728975,1.9540766748339966,1.8225440136074855,1.0123886687334978
D100036,2026-01-04 02:50:05.405405405,Truck,Warehouse B,Urban,31.58,Low,Storm,7,500,323.095,136.39,385.04,225.025,4.42,Yes,0.6976687416086903,0.6840637763116555,0.8487550604609319,0.9999999999999999,1.0,1.1813040027640767,0.9713646778133538,1.8946026308448947,2.8260461781041366,2.497119469870647
D100037,2026-01-04 04:58:22.702702702,Bike,Warehouse A,Urban,24.54,Medium,Storm,3,50,23.84,134.21,185.65,32.05,4.37,No,0.5258147198828268,0.6669415645617343,0.3211705871457676,0.10254621555633063,0.05905010454824154,0.37096589600302526,0.8793846519757704,-0.9022203953313216,-0.815718376550141,-0.7966506171918644
D100038,2026-01-04 07:06:40.000000000,Bike,Warehouse B,Urban,11.6,High,Rain,2,50,21.45,115.36,143.05,20.45,4.5,Yes,0.2099353106310265,0.5188894125039271,0.2084513005053846,0.04859900011626554,0.05153520838901378,-1.1184907945492482,0.08405277718748454,-1.499766214655795,-1.034629991184107,-0.8229563113593115
D100039,2026-01-04 09:14:57.297297297,Van,Warehouse A,Urban,30.9,Low,Normal,7,200,108.49,124.49,295.44,134.01,4.64,Yes,0.6810692054192603,0.5905984919886899,0.6116741195459475,0.57672363678642,0.3252157781376263,1.1030327083610205,0.4692718762228715,0.6377926446600859,1.1084392293187544,0.13505524526604454
D100040,2026-01-04 11:23:14.594594594,Van,Warehouse A,Urban,33.12,Medium,Normal,15,200,130.86,148.75,323.04,118.09,4.71,Yes,0.7352618088612228,0.7811420043983663,0.6847035165242239,0.5026857342169514,0.3955539484647916,1.3585654636180564,1.4928661087090154,1.0249350064759424,0.8080019099245529,0.3812721400467113
D100041,2026-01-04 13:31:31.891891891,Bike,Warehouse B,Semi-urban,43.965,Low,Rain,5,50,10.27,131.98,301.4,69.98,5.0,Yes,1.0,0.6494266415331447,0.6274442357050245,0.27894430880130217,0.016381844765513225,2.6068775045020915,0.7852949925180575,0.721392951776843,-0.09991514007890503,-0.9460097259166586
D100042,2026-01-04 15:39:49.189189189,Van,Warehouse C,Suburban,11.01,High,Normal,6,200,95.03,98.89,192.58,30.6,4.54,Yes,0.19553277187843282,0.3895303173107132,0.339507316169661,0.09580281362632252,0.28289339223670346,-1.1864026529283704,-0.6108605372827045,-0.8050139979623402,-0.8430823283793867,-0.013093141133051128
D100043,2026-01-04 17:48:06.486486486,Bike,Warehouse A,Suburban,21.94,Low,Normal,4,50,38.7,91.7,179.02,50.39,4.54,Yes,0.46234590504088857,0.33305843543826574,0.30362765591511653,0.18783862341588187,0.105774521672143,0.07169329975604627,-0.914225851857122,-0.9952187235501304,-0.4696115651374738,-0.6330930375566071
D100044,2026-01-04 19:56:23.783783783,Truck,Warehouse B,Urban,3.34,Medium,Normal,2,500,148.6,53.65,254.87,27.56,4.84,No,0.008299768094714999,0.03420515237197608,0.5043261979731695,0.0816649226834089,0.45133397267596326,-2.069256811856959,-2.51965703677459,0.06872142658511193,-0.9004522687662192,0.576528631482072
D100045,2026-01-04 22:04:41.081081081,Bike,Warehouse C,Semi-urban,24.43,Medium,Normal,9,50,39.66,126.4,210.08,39.74,4.8,Yes,0.5231295007933602,0.6056000628338046,0.38581218744211887,0.13830949889547728,0.10879305736789974,0.3583043630848839,0.5498598805117645,-0.5595432975356198,-0.6705950734005548,-0.6225267336232392
D100046,2026-01-05 00:12:58.378378378,Van,Warehouse B,Semi-urban,15.61,Medium,Normal,3,200,93.81,70.47,202.93,47.45,4.53,Yes,0.30782375198340045,0.16631322651586544,0.36689334003651464,0.1741657946750378,0.27905733645667924,-0.656920367260638,-1.8099762869635043,-0.6598356122813942,-0.5250943364326341,-0.026521152381706152
D100047,2026-01-05 02:21:15.675675675,Bike,Warehouse A,Urban,35.39,Medium,Normal,12,50,41.51,152.15,286.08,49.05,4.48,Yes,0.7906749664347613,0.8078463713477853,0.5869076283967929,0.1816067899081502,0.11461002719826432,1.6198534611106117,1.636321194877725,0.5065008871747084,-0.4948996309658803,-0.6021645854183115
D100048,2026-01-05 04:29:32.972972972,Van,Warehouse A,Semi-urban,13.8,Medium,Normal,14,200,154.64,116.89,268.39,51.2,4.56,Yes,0.26363969242035884,0.5309063776311655,0.5401000185219483,0.19160562725264502,0.47032559309509947,-0.8652601361864195,0.14860756596340377,0.25836507628621225,-0.45432549549492957,0.6430082937295116
D100049,2026-01-05 06:37:50.270270270,Van,Warehouse C,Suburban,6.49,Medium,Rain,7,200,80.59,86.38,200.96,40.09,4.34,No,0.08519467838398632,0.2912739553879987,0.3616807345275579,0.13993721660272063,0.23748958447969562,-1.7066765510192727,-1.1386908690387498,-0.6874685997008593,-0.6639899815797023,-0.1720279627974599
D100050,2026-01-05 08:46:07.567567567,Bike,Warehouse A,Urban,16.23,Low,Normal,14,50,15.0,97.72,214.84,30.18,4.68,Yes,0.32295862321493957,0.38034087338988376,0.39840711242822735,0.0938495523776305,0.031254421683148084,-0.5855553635402043,-0.6602259639937016,-0.49277526701955193,-0.8510084385644097,-0.8939486659116271
D100051,2026-01-05 10:54:24.864864864,Truck,Warehouse C,Suburban,4.2,Low,Storm,8,500,133.34,100.08,212.42,16.18,4.32,Yes,0.029293299157817643,0.39887684574300974,0.39200381022940745,0.028740844087896747,0.40335183234549654,-1.9702666454060351,-0.5606512571236563,-0.5267203581642758,-1.1152121113985067,0.4085684252079116
D100052,2026-01-05 13:02:42.162162162,Van,Warehouse B,Suburban,26.01,Medium,Normal,2,200,110.43,102.38,245.33,107.8,4.53,Yes,0.5616990113511534,0.41694156456173415,0.4790834281480696,0.4548308336239972,0.3313157356894681,0.5401700177272791,-0.4636081105977648,-0.06509517239036867,0.6138122103914914,0.15640798446472565
D100053,2026-01-05 15:10:59.459459459,Truck,Warehouse C,Urban,3.48,Low,Rain,14,500,243.08,89.57,314.56,12.34,4.7,Yes,0.011717319663127057,0.3163289349670122,0.6622654989019129,0.010882455528426926,0.7484081940666908,-2.053142133597506,-1.0040962440745786,0.905986918497737,-1.1876794045187162,1.6164290435910296
D100054,2026-01-05 17:19:16.756756756,Truck,Warehouse C,Rural,32.23,Low,Normal,6,500,323.095,109.28,400.39,212.58,4.38,Yes,0.7135359453191747,0.4711357210179077,0.8893710475484876,0.9421230089524474,1.0,1.2561221518258212,-0.17247867102008974,2.109915502362046,2.5911879846455412,2.497119469870647
D100055,2026-01-05 19:27:34.054054054,Van,Warehouse C,Semi-urban,3.38,Medium,Rain,11,200,133.71,76.09,165.3,17.15,4.71,Yes,0.009276211399975587,0.21045397423814016,0.2673246368375095,0.03325194744797115,0.40451522631156944,-2.064652618068544,-1.5728534680611082,-1.1876677526846793,-1.0969065712092871,0.4126408548488972
D100056,2026-01-05 21:35:51.351351351,Truck,Warehouse A,Semi-urban,17.44,High,Normal,8,500,304.94,119.84,280.2,128.04,4.35,Yes,0.3524960331990724,0.554076343072573,0.571349191649247,0.5489594233228693,0.9429150879620167,-0.4462785014406485,0.27307594955096054,0.42402273183133043,0.9957752345459288,2.2972952532974236
D100057,2026-01-05 23:44:08.648648648,Bike,Warehouse C,Suburban,33.15,Medium,Rain,7,50,40.28,141.53,264.38,53.4,4.8,Yes,0.7359941413401684,0.7244344957587183,0.5294895880189452,0.2018369956981746,0.11074252833807599,1.3620186089593678,1.1882350139625208,0.2021172186455753,-0.41280777547814296,-0.6157026623329391
D100058,2026-01-06 01:52:25.945945945,Bike,Warehouse B,Suburban,22.89,Low,Normal,11,50,21.38,90.07,190.52,49.37,4.46,Yes,0.48553643354082754,0.32025604775369143,0.3340565713227317,0.18309498895477266,0.05131510682786486,0.18104290223090397,-0.9829999078732978,-0.833909406126857,-0.4888606898725295,-0.8237267710211197
D100059,2026-01-06 04:00:43.243243243,Bike,Warehouse B,Semi-urban,13.09,Low,Rain,3,50,16.6,99.83,170.53,22.59,5.0,Yes,0.2463078237519834,0.3969132893496701,0.28116317836636406,0.05855133124055342,0.03628531450940935,-0.946984575930787,-0.5711994252242967,-1.1143070805000082,-0.9942445726223237,-0.876338159356014
D100060,2026-01-06 06:09:00.540540540,Bike,Warehouse B,Suburban,19.75,High,Storm,1,50,5.58,131.85,143.48,30.99,4.31,Yes,0.4088856340778713,0.6484055922086083,0.2095890773423649,0.09761655621439365,0.001635040168534909,-0.18038631015967868,0.7798099451057245,-1.4937346488738819,-0.8357223689218656,-0.9976305232577997
D100061,2026-01-06 08:17:17.837837837,Van,Warehouse C,Urban,20.14,Low,Normal,14,200,147.55,111.39,248.91,70.83,4.58,No,0.4184059563041621,0.487708136977694,0.4885560818140924,0.2828973375188931,0.44803244925872937,-0.13549542072263174,-0.08345213225068485,-0.014878880531645529,-0.08387420279969211,0.5649717365549511
D100062,2026-01-06 10:25:35.135135135,Bike,Warehouse C,Suburban,23.78,Low,Normal,6,50,21.09,117.61,208.62,42.53,4.92,Yes,0.5072622970828756,0.5365614200439837,0.3819490381816738,0.15128473433321704,0.05040325750310501,0.2834862140231392,0.17898629009324807,-0.580022567399792,-0.6179430557429025,-0.8269186753343244
D100063,2026-01-06 12:33:52.432432432,Truck,Warehouse C,Semi-urban,9.07,Medium,Rain,8,500,323.095,97.62,313.5,50.28,4.83,No,0.14817527157329424,0.37955545083254794,0.659460746699124,0.18732705499360536,1.0,-1.409706051666501,-0.6644452312339575,0.8911184075004615,-0.4716874511383131,2.497119469870647
D100064,2026-01-06 14:42:09.729729729,Bike,Warehouse B,Suburban,24.74,Medium,Normal,6,50,12.32,126.21,217.82,53.27,4.63,Yes,0.5306969364091296,0.6041077599748664,0.4062921705077659,0.20123241483548426,0.022827676199160468,0.3939868649451005,0.5418432727552773,-0.4509751134611734,-0.41526109529731664,-0.9234462643922792
D100065,2026-01-06 16:50:27.027027027,Bike,Warehouse B,Urban,3.0,Medium,Rain,5,50,22.2,69.87,120.14,11.47,4.61,No,0.0,0.1616006911718505,0.1478316090281269,0.006836414370422046,0.05389343940132375,-2.108392459058487,-1.835291890405041,-1.8211224287572902,-1.2040977756162636,-0.8147013864113678
D100066,2026-01-06 18:58:44.324324324,Van,Warehouse B,Semi-urban,14.96,Low,Normal,11,200,58.62,105.63,220.14,82.16,4.62,Yes,0.2919565482729159,0.4424677976751492,0.41243087344217166,0.33558888501337053,0.16840913735909568,-0.7317385163223826,-0.3264819252894397,-0.418432712033174,0.12994205528675928,-0.41384223093922323
D100067,2026-01-06 21:07:01.621621621,Bike,Warehouse A,Urban,16.09,Low,Normal,12,50,16.91,86.92,159.41,27.25,5.0,Yes,0.3195410716465275,0.2955152371976123,0.2517397401635223,0.08022322985699336,0.03726004999449746,-0.6016700417996571,-1.1159068259413665,-1.2702861769997298,-0.9063024929504029,-0.8729261237108639
D100068,2026-01-06 23:15:18.918918918,Truck,Warehouse A,Urban,25.07,High,Storm,8,500,315.84,151.43,242.18,182.85,4.05,Yes,0.5387525936775296,0.8021913289349671,0.47074855131902726,0.803860016277177,0.9771880453409215,0.431971463699525,1.6059424707478807,-0.10927989846717844,2.030132613691419,2.417266829207538
D100069,2026-01-07 01:23:36.216216216,Bike,Warehouse A,Urban,20.18,Low,Normal,2,50,36.06,73.81,136.11,28.05,4.67,Yes,0.41938239960942264,0.19254633993088277,0.19008811155504987,0.08394372747354957,0.09747354850881193,-0.13089122693421676,-1.6690527611389485,-1.5971128809964488,-0.8912051402170259,-0.6621503733733688
D100070,2026-01-07 03:31:53.513513513,Truck,Warehouse A,Urban,8.76,Medium,Rain,15,500,162.98,107.7,342.61,60.97,4.68,Yes,0.14060783595752468,0.4587260446120013,0.7364855925700525,0.2370422043948378,0.49654912195198636,-1.4453885535267177,-0.23914309341613693,1.299441384038852,-0.2699490752385633,0.7348030591506453
D100071,2026-01-07 05:40:10.810810810,Van,Warehouse A,Semi-urban,12.12,Medium,Normal,12,200,63.85,103.55,252.76,40.07,4.83,Yes,0.22262907359941408,0.4261310084825636,0.4987431534940331,0.1398442041623067,0.1848538682849372,-1.0586362752998524,-0.4142426838867677,0.03912467356223288,-0.6643674153980368,-0.3562778876355627
D100072,2026-01-07 07:48:28.108108108,Bike,Warehouse A,Suburban,21.59,Medium,Normal,15,50,29.43,128.35,240.0,20.8,4.82,Yes,0.4538020261198584,0.6209158027018535,0.464980287354801,0.05022671782350889,0.07662678635999182,0.03140660410741429,0.6321355916967591,-0.13985853429176426,-1.0280248993632548,-0.7351239099131908
D100073,2026-01-07 09:56:45.405405405,Bike,Warehouse A,Urban,19.37,Medium,Normal,1,50,39.85,80.92,156.33,30.57,4.56,Yes,0.3996094226778958,0.24838988375746152,0.24359008281956976,0.09566329496570165,0.10939047589101827,-0.22412615114962167,-1.3690628603567359,-1.3134890202748324,-0.8436484791068883,-0.6204354859697602
D100074,2026-01-07 12:05:02.702702702,Truck,Warehouse A,Rural,27.37,Low,Normal,1,500,136.92,104.99,332.19,191.2,4.74,Yes,0.5948980837300134,0.4374410933081998,0.708914349218109,0.8426927101499824,0.41460845504425603,0.6967126065333913,-0.3534852356270791,1.1532811155561988,2.187711232846041,0.4479719336260959
D100075,2026-01-07 14:13:20.000000000,Van,Warehouse C,Rural,28.15,Medium,Normal,15,200,36.61,137.92,337.74,103.99,4.62,Yes,0.6139387281825949,0.6960807414388941,0.7235996083930885,0.4371119637251482,0.09920291791783922,0.7864943854074847,1.035919466589273,1.2311303948343875,0.5419110679987835,-0.6560967617448767
D100076,2026-01-07 16:21:37.297297297,Van,Warehouse B,Rural,37.57,High,Normal,14,200,89.99,172.29,302.03,143.09,4.17,Yes,0.8438911265714634,0.9660304743952246,0.629111211070833,0.6189512847343331,0.2670460798339805,1.8707820225792327,2.4860816170653144,0.7302298969922049,1.2797941828425834,-0.06856623678323266
D100077,2026-01-07 18:29:54.594594594,Van,Warehouse A,Urban,15.86,High,Normal,4,200,128.23,99.99,176.46,63.7,4.34,Yes,0.3139265226412791,0.3981699654414075,0.296853914746117,0.2497384025113359,0.3872844183816246,-0.6281441560830437,-0.564448597639887,-1.0311275802982678,-0.21842935903591432,0.3523248698959219
D100078,2026-01-07 20:38:11.891891891,Bike,Warehouse B,Suburban,19.3,Low,Normal,6,50,21.64,67.55,226.73,20.21,4.85,Yes,0.39790064689368976,0.14337888784165875,0.42986796496705726,0.04748285083129869,0.052132626912132315,-0.23218349027934806,-1.9331788903789842,-0.3259954597010547,-1.0391591970041203,-0.8208650637058325
D100079,2026-01-07 22:46:29.189189189,Bike,Warehouse A,Rural,43.965,Low,Rain,13,50,34.87,176.615,310.94,76.89,4.46,Yes,1.0,1.0000000000000002,0.6526870055301245,0.3110801069643065,0.0937318219692801,2.6068775045020915,2.6685649252063937,0.855209550752324,0.030488244155638528,-0.6752481876241061
D100080,2026-01-08 00:54:46.486486486,Bike,Warehouse C,Semi-urban,8.61,High,Normal,9,50,8.75,99.26,164.44,10.0,4.37,Yes,0.13694617356279748,0.3924363807728558,0.2650490831635487,0.0,0.01160249658056503,-1.4626542802332743,-0.5952492484937565,-1.1997308842485068,-1.231839161263844,-0.962739707144491
D100081,2026-01-08 03:03:03.783783783,Truck,Warehouse C,Urban,5.19,Medium,Normal,1,500,323.095,69.68,265.22,38.38,4.42,Yes,0.05346027096301721,0.1601083883129124,0.5317122218400232,0.1319846529473317,1.0,-1.856312849142762,-1.8433084981615275,0.2138998122660583,-0.6962605730472956,2.497119469870647
D100082,2026-01-08 05:11:21.081081081,Van,Warehouse A,Urban,26.27,High,Normal,12,200,154.53,139.59,242.18,95.87,4.4,No,0.5680458928353472,0.7091972981464028,0.47074855131902726,0.39934891291710267,0.46997971921329407,0.5700972773519768,1.1063812295015516,-0.10927989846717844,0.3886729377550074,0.6417975714038134
D100083,2026-01-08 07:19:38.378378378,Bike,Warehouse B,Suburban,14.57,Low,Normal,1,50,24.77,77.99,92.84,12.68,4.58,Yes,0.28243622604662516,0.22537700282752116,0.07559600984309264,0.012463667015463316,0.061974311003505894,-0.7766294057594295,-1.4926873904962414,-2.2040567214229743,-1.181263029607031,-0.7864145102564143
D100084,2026-01-08 09:27:55.675675675,Bike,Warehouse C,Rural,29.45,Medium,Rain,13,50,34.27,150.77,290.31,25.28,4.27,No,0.645673135603564,0.7970075400565506,0.598100177281507,0.0710615044762237,0.09184523715943214,0.9361306835309745,1.5780953069621901,0.5658346621921388,-0.9434797240563436,-0.681852127582461
D100085,2026-01-08 11:36:12.972972973,Bike,Warehouse C,Suburban,13.75,Medium,Normal,13,50,20.35,83.43,168.43,19.34,4.87,Yes,0.2624191382887831,0.26810398994659135,0.27560659381366914,0.0434368096732938,0.04807646957095918,-0.8710153784219384,-1.263159252626306,-1.1437635645512145,-1.0555775681016677,-0.8350635346162957
D100086,2026-01-08 13:44:30.270270270,Bike,Warehouse B,Suburban,21.26,Medium,Normal,5,50,42.8,109.75,146.62,38.51,4.69,No,0.4457463688514586,0.4748272070373861,0.217897494244966,0.13258923381002208,0.11866618453943747,-0.0065779946470098,-0.15264811499088585,-1.4496901917687444,-0.693807253228122,-0.5879661145078484
D100087,2026-01-08 15:52:47.567567567,Van,Warehouse B,Urban,32.79,Medium,Normal,10,200,89.5,133.76,294.7,142.34,4.39,No,0.7272061515928231,0.6634071630537228,0.6097160849892835,0.6154633182188117,0.26550536890593796,1.3205808648636324,0.860397949394617,0.6274127407563274,1.2656404146550424,-0.07395945441588914
D100088,2026-01-08 18:01:04.864864864,Van,Warehouse A,Semi-urban,26.42,Low,Normal,5,200,120.39,121.61,231.7,108.27,4.58,Yes,0.5717075552300744,0.5679783223374175,0.44301854840843524,0.4570166259737239,0.36263304353294445,0.5873630040585336,0.34775697970349434,-0.25628178077986613,0.6226819051223503,0.2660333877734175
D100089,2026-01-08 20:09:22.162162162,Truck,Warehouse C,Semi-urban,21.26,Medium,Rain,5,500,226.33,121.71,371.14,172.29,4.7,Yes,0.4457463688514586,0.5687637448947533,0.8119757627073795,0.754749447738635,0.6957410347917682,-0.0065779946470098,0.35197624694375024,1.699628760220242,1.8308475576108427,1.4320690530869542
D100090,2026-01-08 22:17:39.459459459,Van,Warehouse A,Suburban,8.67,Low,Normal,10,200,88.48,70.52,176.86,41.43,4.71,Yes,0.13841083852068836,0.16670593779453335,0.2979123118037732,0.14616905011045228,0.2622981747291964,-1.4557479895506515,-1.8078666533433765,-1.0255168214313712,-0.638701915751296,-0.08518615234509248
D100091,2026-01-09 00:25:56.756756756,Bike,Warehouse C,Semi-urban,10.79,Medium,Rain,6,50,8.01,94.1,442.20000000000005,17.99,4.63,Yes,0.19016233369949953,0.3519085768143261,0.9999999999999999,0.03715846994535518,0.009275708648419197,-1.2117257187646533,-0.8129634380909746,2.6963800729244003,-1.0810543508392414,-0.970884566426462
D100092,2026-01-09 02:34:14.054054054,Van,Warehouse B,Rural,15.0,High,Normal,8,200,137.28,117.0,251.91,56.75,3.85,No,0.2929329915781765,0.531770342444235,0.4964940597465137,0.21741657946750376,0.41574040593016487,-0.7271343225339676,0.15324875992768552,0.02720181097007797,-0.34958761090712687,0.451934297601109
D100093,2026-01-09 04:42:31.351351351,Van,Warehouse B,Urban,13.52,Medium,Normal,3,200,89.6,83.8,163.46,63.74,4.62,No,0.2568045892835347,0.27101005340873385,0.26245601037229116,0.2499244273921637,0.2658197997075793,-0.8974894927053251,-1.2475479638373588,-1.213477243472403,-0.2176744913992455,-0.07285879775616338
D100094,2026-01-09 06:50:48.648648648,Van,Warehouse B,Suburban,27.65,High,Rain,9,200,24.54,154.53,262.33,115.52,4.31,No,0.6017331868668375,0.8265394282123784,0.5240653030984572,0.49073363562376465,0.061251120159730846,0.7289419630522964,1.7367397551958212,0.17336207945273074,0.7595016642685791,-0.7889460205737837
D100095,2026-01-09 08:59:05.945945945,Van,Warehouse A,Urban,21.26,Low,Normal,13,200,25.2,108.91,307.13,112.25,4.91,Yes,0.4457463688514586,0.46822965755576496,0.6426057735559493,0.47552610161609116,0.06332636345056361,-0.0065779946470098,-0.1880899598090377,0.8017670725451351,0.6977912349709009,-0.7816816866195931
D100096,2026-01-09 11:07:23.243243243,Van,Warehouse A,Semi-urban,18.23,Medium,Normal,1,200,145.27,93.31,203.32,61.67,4.61,No,0.37178078847796897,0.34570373861137293,0.3679252771677294,0.2402976398093245,0.44086342698130704,-0.3553456741194511,-0.8462956492889979,-0.6543651223861703,-0.2567388915968584,0.5398767647132023
D100097,2026-01-09 13:15:40.540540540,Van,Warehouse A,Suburban,19.82,High,Normal,4,200,97.64,138.01,251.05,68.66,4.63,Yes,0.41059440986207735,0.6967876217404962,0.494218506072553,0.2728054877339844,0.29110003615954216,-0.1723289710299523,1.0397168071055036,0.015138679406250773,-0.12482577208897719,0.01563399768579284
D100098,2026-01-09 15:23:57.837837837,Van,Warehouse A,Suburban,14.49,Low,Normal,9,200,89.28,91.05,246.99,48.69,4.46,Yes,0.280483339436104,0.3279531888155828,0.4834757759373428,0.1799325659806999,0.26481362114232704,-0.7858377933362597,-0.9416510889187873,-0.041810523092748395,-0.5016934396959,-0.07638089906728594
D100099,2026-01-09 17:32:15.135135135,Bike,Warehouse C,Semi-urban,21.64,Low,Normal,15,50,17.98,115.15,224.55,30.18,4.58,Yes,0.45502258025143416,0.5172400251335219,0.4240997010028311,0.0938495523776305,0.04062445957205968,0.0371618463429332,0.07519231598294687,-0.3565740955256401,-0.8510084385644097,-0.8611490974517976
D100100,2026-01-09 19:40:32.432432432,Bike,Warehouse A,Suburban,26.13,Medium,Normal,14,50,36.27,113.53,275.29,51.9,4.83,Yes,0.5646283412669352,0.5045161797046811,0.5583573677665175,0.1948610626671317,0.09813385319225872,0.553982599092524,0.006840186690796933,0.35515066674017676,-0.4411153118532248,-0.6598389943879446
D100101,2026-01-09 21:48:49.729729729,Bike,Warehouse A,Rural,19.07,Low,Normal,8,50,35.36,108.68,194.29,23.62,4.81,Yes,0.3922860978884413,0.4664231856738926,0.3440319635911411,0.06334147192186955,0.09527253289732261,-0.25865760456273473,-0.19779427446162645,-0.7810280038063581,-0.9748067309781008,-0.6698549699914496
D100102,2026-01-09 23:57:07.027027027,Van,Warehouse C,Suburban,22.4,Medium,Normal,10,200,138.5,125.46,249.12,84.78,4.7,Yes,0.4735750030513852,0.5982170907948476,0.4891117402693619,0.34777351470759216,0.4195764617101891,0.1246415283228192,0.5101987684533561,-0.011933232126524774,0.17938588548856896,0.465362308849764
D100103,2026-01-10 02:05:24.324324324,Bike,Warehouse C,Urban,27.46,High,Normal,9,50,6.79,131.28,237.59,44.53,4.18,Yes,0.5970950811668497,0.6439286836317939,0.45860344508242257,0.16058597837460759,0.0054396528683949875,0.7070720425573251,0.7557601218362648,-0.17366335646481543,-0.5801996739094601,-0.984312577675117
D100104,2026-01-10 04:13:41.621621621,Van,Warehouse C,Semi-urban,16.68,Medium,Normal,1,200,67.35,100.33,162.32,73.47,4.53,Yes,0.3339436103991212,0.4008404021363493,0.25943957875797097,0.2951749796535286,0.19585894634238366,-0.5337581834205349,-0.5501030890230159,-1.2294679062430582,-0.03405293877954808,-0.3177549045451589
D100105,2026-01-10 06:21:58.918918918,Truck,Warehouse C,Semi-urban,25.61,Low,Normal,9,500,323.095,113.02,393.41,161.38,4.59,Yes,0.5519345782985475,0.5005105246622683,0.8709020188923874,0.7040111614928496,1.0,0.49412807984312823,-0.014678076234509682,2.0120077601347033,1.6249574097094144,2.497119469870647
D100106,2026-01-10 08:30:16.216216216,Bike,Warehouse A,Urban,42.52,Medium,Normal,3,50,37.44,145.0,281.19,72.1,4.54,Yes,0.9647259855974613,0.751688658498272,0.5739687243669461,0.28880362748517613,0.10181269357146225,2.4405510038955973,1.3346435871994096,0.43790936002689934,-0.059907155335456236,-0.6469613114691525
D100107,2026-01-10 10:38:33.513513513,Van,Warehouse A,Semi-urban,19.17,Medium,Storm,11,200,71.01,147.75,442.20000000000005,71.44,4.42,Yes,0.39472720615159285,0.7732877788250079,0.9999999999999999,0.28573421695151724,0.20736711368245633,-0.24714712009169693,1.4506734363064537,2.6963800729244003,-0.07236247134049217,-0.2774708707991937
D100108,2026-01-10 12:46:50.810810810,Van,Warehouse C,Rural,35.15,Low,Normal,12,200,163.08,128.18,279.67,139.78,4.69,Yes,0.7848163066031978,0.6195805843543827,0.5699468155478526,0.6035577258458318,0.49686355275362776,1.592228298380121,0.6249628373883241,0.416588476332693,1.217328885908236,0.7359037158103714
D100109,2026-01-10 14:55:08.108108108,Bike,Warehouse B,Urban,14.1,Medium,Rain,10,50,31.77,100.98,208.08,32.5,4.53,Yes,0.27096301720981325,0.4059456487590324,0.38052020215383797,0.10463899546564352,0.08398446711839891,-0.8307286827733066,-0.5226778519613506,-0.5875970918701021,-0.8072261156376165,-0.7093685440756067
D100110,2026-01-10 17:03:25.405405405,Bike,Warehouse A,Rural,33.45,Medium,Normal,9,50,34.3,137.48,266.42,48.44,4.65,Yes,0.7433174661296229,0.6926248821866163,0.5348874130129917,0.1787699104755261,0.09193956639992452,1.3965500623724814,1.017354690732146,0.23073208886674756,-0.5064113624250802,-0.6815219305845434
D100111,2026-01-10 19:11:42.702702702,Bike,Warehouse C,Urban,23.68,Medium,Normal,1,50,22.29,109.14,173.88,23.27,4.3,Yes,0.5048211888197242,0.4700361294376375,0.29002725372423455,0.0617137542146262,0.05417642712280095,0.2719757295521014,-0.1783856451564484,-1.0673169749897502,-0.9814118227989533,-0.8137107954176147
D100112,2026-01-10 21:20:00.000000000,Bike,Warehouse A,Urban,21.56,Low,Normal,1,50,32.19,99.28,161.04,20.55,4.75,Yes,0.4530696936409129,0.39259346528432293,0.25605270817347126,0.04906406231833507,0.0853050764852925,0.02795345876610286,-0.5944053950457054,-1.247422334617127,-1.032742822092435,-0.7047457861047581
D100113,2026-01-10 23:28:17.297297297,Truck,Warehouse A,Urban,11.84,Medium,Normal,9,500,323.095,90.67,301.31,82.65,4.81,No,0.21579397046259002,0.3249685830977066,0.6272060963670519,0.33786768980351123,1.0,-1.0908656318187577,-0.9576843044317606,0.7201305310317917,0.13918918383595286,2.497119469870647
D100114,2026-01-11 01:36:34.594594594,Truck,Warehouse B,Rural,33.65,Low,Normal,11,500,133.32,120.3,407.72,225.025,4.56,Yes,0.7481996826559257,0.5576892868363179,0.9087661736300371,0.9999999999999999,0.4032889461851682,1.4195710313145562,0.2924845788561386,2.2127326585979246,2.8260461781041366,0.40834829387596633
D100115,2026-01-11 03:44:51.891891891,Van,Warehouse B,Semi-urban,31.7,Low,Normal,14,200,122.66,154.69,342.37,127.28,4.38,Yes,0.7005980715244721,0.8277961043041155,0.7358505543354588,0.5454249505871409,0.36977062273020256,1.1951165841293219,1.743490582780231,1.2960749287187139,0.9814327494492208,0.29101829394919365
D100116,2026-01-11 05:53:09.189189189,Truck,Warehouse B,Urban,23.59,High,Normal,6,500,303.43,115.31,336.16,161.92,4.39,Yes,0.5026241913828878,0.5184967012252593,0.7194189400153467,0.706522497384025,0.9381671828572327,0.2616162935281675,0.08194314356735657,1.2089678973101465,1.6351481228044435,2.2806753377355635
D100117,2026-01-11 08:01:26.486486486,Truck,Warehouse A,Suburban,27.7,Medium,Rain,4,500,323.095,126.95,349.48,203.83,4.72,No,0.6029537409984133,0.6099198868991518,0.7546635620352974,0.9014300662713638,1.0,0.7346972052878153,0.5730658503331733,1.3958061675777989,2.4260606891242302,2.497119469870647
D100118,2026-01-11 10:09:43.783783783,Bike,Warehouse C,Suburban,18.1,Low,Normal,7,50,9.32,99.5,177.83,27.35,4.82,Yes,0.3686073477358721,0.3943213949104618,0.3004789246685894,0.0806882920590629,0.013394752149920607,-0.37030930393179995,-0.5851230071171419,-1.0119107311791473,-0.9044153238587307,-0.9564659641840539
D100119,2026-01-11 12:18:01.081081081,Truck,Warehouse A,Urban,26.0,Low,Normal,5,500,323.095,116.01,351.7,167.9,4.58,Yes,0.5614549005248383,0.5239946591266101,0.7605376657052891,0.7343332170677828,1.0,0.5390189692801752,0.1114780142491498,1.426945879289074,1.7480008344864368,2.497119469870647
D100120,2026-01-11 14:26:18.378378378,Van,Warehouse A,Rural,34.23,Low,Normal,10,200,35.13,122.79,298.32,143.45,4.6,Yes,0.7623581105822042,0.5772463085139806,0.6192945783610719,0.6206255086617833,0.09454934205354756,1.4863318412465745,0.3975443331385173,0.6781901085017404,1.2865879915726026,-0.672386480308819
D100121,2026-01-11 16:34:35.675675675,Truck,Warehouse C,Semi-urban,12.39,Low,Normal,14,500,321.61,72.03,337.78,101.98,4.67,Yes,0.2292200659099231,0.17856581841030472,0.7237054480988541,0.42776421346355076,0.9953307025956262,-1.0275579672280506,-1.7441557180155083,1.2316914707210767,0.503978969256174,2.480774718473718
D100122,2026-01-11 18:42:52.972972972,Truck,Warehouse C,Suburban,22.55,Low,Normal,7,500,265.84,94.7,358.29,159.09,4.54,Yes,0.47723666544611254,0.35662111215834125,0.7779747572301747,0.6933612370654574,0.8199726445202571,0.14190725502937593,-0.7876478346494373,1.5193831316211934,1.581741237510123,1.8669384993446265
D100123,2026-01-11 20:51:10.270270270,Bike,Warehouse C,Rural,24.07,Low,Normal,8,50,17.56,113.75,188.47,37.97,4.66,Yes,0.5143415110460149,0.50624410933082,0.32863228640224373,0.1300778979188466,0.039303850205166094,0.31686661898914836,0.01612257461936043,-0.8626645453197016,-0.7039979663231514,-0.865771855422646
D100124,2026-01-11 22:59:27.567567567,Bike,Warehouse C,Suburban,14.94,Medium,Rain,8,50,30.34,113.25,168.61,16.17,4.54,Yes,0.2914683266202856,0.5023169965441407,0.2760828724896145,0.02869433786768981,0.07948810665492792,-0.7340406132165903,-0.004973761581920354,-1.141238723061111,-1.115400828307674,-0.7251079343096859
D100125,2026-01-12 01:07:44.864864864,Bike,Warehouse B,Rural,33.51,Medium,Rain,1,50,9.23,140.22,264.02,48.33,4.76,No,0.7447821310875137,0.7141454602576187,0.5285370306670546,0.17825834205324959,0.01311176442844341,1.4034563530551034,1.132962613115165,0.19706753566536828,-0.5084872484259195,-0.957456555177807
D100126,2026-01-12 03:16:02.162162162,Van,Warehouse B,Semi-urban,22.38,Medium,Normal,8,200,54.31,118.88,252.42,93.54,4.56,Yes,0.47308678139875493,0.5465362865221489,0.4978435159950254,0.3885129636088827,0.15485716980835443,0.12233943142861171,0.23257098404450108,0.03435552852537083,0.34470189791904693,-0.46128053297340615
D100127,2026-01-12 05:24:19.459459459,Truck,Warehouse A,Suburban,10.49,Medium,Normal,6,500,212.05,98.38,270.8,82.48,4.74,No,0.18283900891004518,0.3855246622683003,0.5464768607943269,0.33707708405999304,0.6508403163173865,-1.2462571721777662,-0.6323788002080111,0.2921698984592638,0.13598099638011021,1.2748952820781068
D100128,2026-01-12 07:32:36.756756756,Truck,Warehouse B,Urban,28.43,Low,Storm,4,500,120.07,125.1,333.22,202.58,4.62,Yes,0.620773831319419,0.5953895695884386,0.7116397216415737,0.8956167887454947,0.36162686496769214,0.8187237419263903,0.495009406388434,1.1677288196384576,2.4024710754783287,0.2625112864622948
D100129,2026-01-12 09:40:54.054054054,Bike,Warehouse A,Rural,36.58,High,Normal,13,50,34.13,150.68,257.01,69.41,4.21,Yes,0.8197241547662638,0.7963006597549482,0.50998862223163,0.27629345424950585,0.09140503403713428,1.7568282263159596,1.5742979664459595,0.09873898652300783,-0.11067200390143628,-0.6833930469060772
D100130,2026-01-12 11:49:11.351351351,Van,Warehouse A,Suburban,14.36,High,Normal,14,200,94.53,123.42,290.99,58.23,4.38,Yes,0.2773098986940071,0.5821944706251964,0.5998994522795226,0.22429950005813276,0.2813212382284968,-0.8008014231486087,0.4241257167521309,0.5753729522658629,-0.3216575083503795,-0.01859642443168024
D100131,2026-01-12 13:57:28.648648648,Van,Warehouse B,Urban,7.7,High,Normal,12,200,32.81,92.91,237.54,21.83,4.15,Yes,0.11473208836811911,0.3425620483820295,0.4584711454502155,0.055016858504825,0.08725454745546875,-1.567399688919717,-0.8631727182500228,-0.17436470132317766,-1.008587057719032,-0.6979217148144581
D100132,2026-01-12 16:05:45.945945945,Bike,Warehouse B,Urban,18.84,High,Normal,8,50,6.49,107.07,156.89,19.52,4.56,Yes,0.38667154888319294,0.4537778825007853,0.24507183870028834,0.044273921637018945,0.0044963604634710025,-0.28513171884612143,-0.26572447702975116,-1.3056339578611778,-1.052180663736658,-0.9876145476542947
D100133,2026-01-12 18:14:03.243243243,Bike,Warehouse A,Suburban,16.43,High,Normal,3,50,22.8,119.6,159.35,34.52,4.52,Yes,0.3278408397412425,0.552191328934967,0.2515809806048739,0.11403325194744797,0.05578002421117173,-0.562534394598129,0.2629497081743454,-1.2711277908297645,-0.7691052999858395,-0.808097446453013
D100134,2026-01-12 20:22:20.540540540,Bike,Warehouse A,Suburban,20.91,Medium,Normal,13,50,9.53,118.82,253.44,39.42,4.68,Yes,0.43720248993042843,0.5460650329877473,0.5005424284920487,0.13682129984885477,0.014055056833367396,-0.04686469029564178,0.2300394237003473,0.04866296363595697,-0.6766340144939056,-0.9541545851986296
D100135,2026-01-12 22:30:37.837837837,Truck,Warehouse B,Semi-urban,17.1,Low,Normal,4,500,103.27,85.48,310.81,106.54,4.64,Yes,0.3441962651043574,0.2842051523719762,0.6523430264863862,0.4489710498779212,0.30880249029194895,-0.4854141486421766,-1.176664274201055,0.8533860541205828,0.5900338798364229,0.07760096762835661
D100136,2026-01-13 00:38:55.135135135,Bike,Warehouse A,Rural,15.94,Medium,Normal,15,50,44.93,109.87,199.66,22.23,4.58,Yes,0.3158794092518003,0.4757697141061892,0.35824094409017526,0.05687710731310312,0.12536356061439777,-0.6189357685062137,-0.14758499430257827,-0.705703566018273,-1.0010383813523434,-0.5645221276556883
D100137,2026-01-13 02:47:12.432432432,Van,Warehouse C,Urban,16.89,Medium,Rain,6,200,137.51,106.72,276.96,66.17,4.97,Yes,0.33906993775173927,0.45102890355010994,0.5627761754822319,0.2612254389024532,0.4164635967739399,-0.5095861660313558,-0.28049191237064747,0.3785755850094689,-0.17181628247161293,0.45446580791847824
D100138,2026-01-13 04:55:29.729729729,Van,Warehouse B,Semi-urban,17.56,Medium,Normal,11,200,58.49,118.79,201.12,64.23,4.82,No,0.3554253631148541,0.5458294062205468,0.36210409335062044,0.2522032321823044,0.16800037731696196,-0.43246592007540363,0.228773643528271,-0.6852242961541007,-0.20842736285005206,-0.41527308459686674
D100139,2026-01-13 07:03:47.027027027,Bike,Warehouse B,Urban,25.07,Medium,Normal,7,50,27.53,100.49,276.11,26.32,4.59,Yes,0.5387525936775296,0.4020970782280867,0.5605270817347127,0.07589815137774676,0.07065260112880659,0.431971463699525,-0.5433522614386062,0.36665272241731445,-0.9238531655029536,-0.7560363864479814
D100140,2026-01-13 09:12:04.324324324,Truck,Warehouse B,Semi-urban,14.41,Low,Normal,4,500,122.38,64.26,302.02,94.68,4.86,Yes,0.2785304528255828,0.11753848570530945,0.6290847511443916,0.39381467271247533,0.3688902164856069,-0.7950461809130898,-2.0719927825834112,0.7300896280205326,0.36621562556410914,0.2879364553019613
D100141,2026-01-13 11:20:21.621621621,Truck,Warehouse C,Semi-urban,33.43,Medium,Normal,4,500,196.32,118.5,412.67,225.025,4.9,Yes,0.7428292444769925,0.5435516808042727,0.9218638372185323,0.9999999999999999,0.6013803512192054,1.3942479654782736,0.2165377685315279,2.2821657995757683,2.8260461781041366,1.1017619895032347
D100142,2026-01-13 13:28:38.918918918,Bike,Warehouse A,Suburban,4.71,High,Normal,7,50,10.8,92.81,94.77,10.0,4.35,Yes,0.04174295129989014,0.3417766258246937,0.08070277564628367,0.0,0.018048328014212276,-1.911563174603743,-0.8673919854902787,-2.1769848098901985,-1.231839161263844,-0.9401762456201117
D100143,2026-01-13 15:36:56.216216216,Van,Warehouse B,Semi-urban,30.49,Medium,Normal,6,200,55.81,143.03,259.92,128.59,4.65,Yes,0.6710606615403393,0.7362158341187559,0.5176884608260788,0.5515172654342517,0.15957363183297435,1.055839722029766,1.2515240225663633,0.13955725727968,1.0061546645501256,-0.4447706830775188
D100144,2026-01-13 17:45:13.513513513,Bike,Warehouse B,Urban,18.21,Medium,Rain,13,50,43.75,129.61,184.48,29.58,4.55,Yes,0.37129256682533873,0.6308121269242855,0.3180747757521233,0.09105917916521332,0.1216532771550301,-0.3576477710136586,0.6852983589239875,-0.9186318650169939,-0.8623314531144425,-0.577509876240453
D100145,2026-01-13 19:53:30.810810810,Bike,Warehouse A,Suburban,26.88,Low,Rain,11,50,44.68,131.18,235.37,36.61,4.81,No,0.5829366532405712,0.6431432610744581,0.4527293414124307,0.12375305197070106,0.12457748361029447,0.6403112326253065,0.7515408545960088,-0.2048030681760908,-0.7296634659698923,-0.567273769305003
D100146,2026-01-13 22:01:48.108108108,Bike,Warehouse C,Semi-urban,20.64,Medium,Normal,8,50,36.59,107.48,204.38,14.4,4.64,Yes,0.43061149761991946,0.4569981149858624,0.37073002937051824,0.02046273689105918,0.09914003175751097,-0.07794299836744342,-0.24842548134470044,-0.6394966113888947,-1.1488037212302706,-0.656316893076822
D100147,2026-01-14 00:10:05.405405405,Van,Warehouse C,Suburban,29.12,High,Normal,1,200,175.34,116.41,273.97,114.09,4.28,Yes,0.6376174783351641,0.5271363493559534,0.5548646574762521,0.4840832461341705,0.5354127690348547,0.8981460847765503,0.12835508321017405,0.3366351624794185,0.732515146257668,0.8708442222927572
D100148,2026-01-14 02:18:22.702702702,Van,Warehouse B,Suburban,16.9,Medium,Normal,10,200,143.35,108.95,198.19,71.77,4.7,Yes,0.33931404857805436,0.4685438265786994,0.35435133490328885,0.28726892221834666,0.4348263555897935,-0.5084351175842522,-0.186402252912935,-0.7263231048541174,-0.0661348133379742,0.5187441568464664
D100149,2026-01-14 04:26:40.000000000,Bike,Warehouse C,Suburban,11.21,High,Rain,13,50,11.86,142.18,186.0,10.93,4.23,Yes,0.20041498840473576,0.7295397423814012,0.3220966845712169,0.004325078479246597,0.021381294511610357,-1.163381683986295,1.215660251024186,-0.8973109813227872,-1.214288488711293,-0.9285092850270179
D100150,2026-01-14 06:34:57.297297297,Bike,Warehouse C,Semi-urban,31.36,Medium,Rain,11,50,8.16,141.82,279.08,37.84,4.93,Yes,0.6922983034297571,0.7267122211749921,0.5683856798878097,0.12947331705615628,0.009747354850881192,1.1559809369277938,1.2004708889592635,0.4083126070040203,-0.7064512861423251,-0.9692335814368734
D100151,2026-01-14 08:43:14.594594594,Truck,Warehouse B,Urban,19.09,Medium,Normal,7,500,323.095,98.07,362.23,132.65,4.85,No,0.3927743195410716,0.38308985234055914,0.7883999682480881,0.5703987908382746,1.0,-0.25635550766852727,-0.6454585286528053,1.5746491064601238,1.082773729672014,2.497119469870647
D100152,2026-01-14 10:51:31.891891891,Bike,Warehouse C,Urban,21.77,Low,Normal,12,50,36.39,104.19,210.42,35.34,4.71,Yes,0.4581960209935311,0.431157712849513,0.38671182494112655,0.11784676200441808,0.0985111701542283,0.05212547615528205,-0.38723937354912824,-0.5547741524987582,-0.7536305134341281,-0.6585182063962736
D100153,2026-01-14 12:59:49.189189189,Bike,Warehouse B,Semi-urban,29.88,Medium,Normal,7,50,38.06,131.26,219.79,28.82,4.57,No,0.6561699011351153,0.6437715991203268,0.41150477601672253,0.08752470642948494,0.1037621645416385,0.9856257667564363,0.7549162683882131,-0.42334212604170834,-0.8766739382111505,-0.6401372401788523
D100154,2026-01-14 15:08:06.486486486,Van,Warehouse B,Semi-urban,11.74,Medium,Normal,11,200,117.22,96.1,222.01,57.79,4.58,Yes,0.21335286219943855,0.367617027961043,0.4173788796867143,0.22225322636902684,0.3526655871209143,-1.1023761162897954,-0.7285780932858515,-0.39220241433043296,-0.3299610523537368,0.2311425716601089
D100155,2026-01-14 17:16:23.783783783,Truck,Warehouse B,Urban,24.76,Medium,Normal,7,500,287.93,124.12,363.64,163.33,4.57,Yes,0.53118515806176,0.5876924285265474,0.7921308178763261,0.7130798744332054,0.8894304086028267,0.3962889618393084,0.4536605874339241,1.5944270314659332,1.661757206997021,2.110073555478061
D100156,2026-01-14 19:24:41.081081081,Bike,Warehouse C,Urban,15.28,Medium,Normal,7,50,44.99,95.73,201.74,19.54,4.52,Yes,0.2997680947150006,0.3647109644989004,0.3637446087899875,0.04436693407743285,0.12555221909538258,-0.6949049660150622,-0.7441893820747989,-0.6765276199104111,-1.0518032299183235,-0.5638617336598528
D100157,2026-01-14 21:32:58.378378378,Van,Warehouse A,Urban,18.94,High,Normal,10,200,70.64,120.47,219.3,85.21,4.4,Yes,0.38911265714634446,0.5590245051837889,0.41020823962109376,0.34977328217649106,0.2062037197163834,-0.27362123437508357,0.2996573331645741,-0.43021530565365623,0.18750071258275894,-0.2815433004401793
D100158,2026-01-14 23:41:15.675675675,Van,Warehouse C,Urban,20.58,Low,Rain,14,200,94.06,119.45,256.78,83.32,4.6,Yes,0.42914683266202847,0.5510131950989633,0.5093800439234777,0.34098360655737703,0.27984341346078256,-0.08484928905006628,0.2566208073139615,0.09551280017454211,0.15183321675015585,-0.023769510732391596
D100159,2026-01-15 01:49:32.972972973,Bike,Warehouse C,Suburban,8.0,High,Storm,10,50,28.46,120.6,120.31,20.77,3.95,No,0.12205541315757353,0.5600455545083255,0.14828142777763073,0.050087199162888035,0.07357680758407094,-1.532868235506604,0.30514238057690696,-1.8187378562388594,-1.0285910500907565,-0.7458002795125313
D100160,2026-01-15 03:57:50.270270270,Van,Warehouse A,Semi-urban,13.77,Low,Normal,8,200,174.57,101.95,228.53,67.51,4.58,Yes,0.2629073599414134,0.41356424756519006,0.4346307517265101,0.26745727241018485,0.5329916518622164,-0.8687132815277309,-0.48175095973086596,-0.3007470448000204,-0.14652821664320642,0.8623691660128682
D100161,2026-01-15 06:06:07.567567567,Bike,Warehouse C,Semi-urban,30.81,Medium,Normal,9,50,44.28,138.35,271.94,34.54,4.62,Yes,0.678872207982424,0.6994580584354382,0.549493292408647,0.11412626438786187,0.12331976040372913,1.0926732723370867,1.0540623157223747,0.30816056122991853,-0.7687278661675052,-0.5716763959439062
D100162,2026-01-15 08:14:24.864864864,Van,Warehouse A,Suburban,21.26,Low,Normal,9,200,157.37,101.68,243.25,115.58,4.59,No,0.4457463688514586,0.4114436066603834,0.4735797634482575,0.49101267294500633,0.4789095539799078,-0.0065779946470098,-0.4931429812795574,-0.09427111849823049,0.7606339657235824,0.6730562205400268
D100163,2026-01-15 10:22:42.162162162,Van,Warehouse A,Suburban,19.5,Medium,Normal,2,200,78.82,89.54,214.12,88.6,4.89,Yes,0.40278286341999264,0.3160933081998115,0.3965019977244463,0.36553889082664803,0.23192415929064408,-0.20916252133727284,-1.005362024246655,-0.5028746329799656,0.2514757447904439,-0.19150958567460707
D100164,2026-01-15 12:30:59.459459459,Van,Warehouse B,Semi-urban,21.94,Medium,Normal,13,200,125.98,124.03,302.87,84.75,4.66,Yes,0.46234590504088857,0.5869855482249451,0.631333844891911,0.34763399604697126,0.3802097253446947,0.07169329975604627,0.4498632469176934,0.7420124906126879,0.1788197347610673,0.32756009505209105
D100165,2026-01-15 14:39:16.756756756,Bike,Warehouse A,Suburban,17.65,Low,Normal,13,50,32.53,101.63,242.18,24.11,4.51,Yes,0.3576223605516904,0.41105089538171535,0.47074855131902726,0.06562027671201022,0.08637414121087301,-0.4221064840514697,-0.495252614899686,-0.10927989846717844,-0.9655596024289075,-0.7010035534616903
D100166,2026-01-15 16:47:34.054054054,Truck,Warehouse C,Rural,42.85,Medium,Normal,7,500,149.11,154.23,442.20000000000005,225.025,4.57,Yes,0.9727816428658611,0.8241831605403707,0.9999999999999999,0.9999999999999999,0.4529375697643341,2.4785356026500214,1.7240819534750522,2.6963800729244003,2.8260461781041366,0.582141980446674
D100167,2026-01-15 18:55:51.351351351,Bike,Warehouse C,Suburban,18.4,High,Normal,7,50,42.43,115.38,152.53,33.85,4.48,No,0.37593067252532647,0.5190464970153943,0.233535310771836,0.11091733519358214,0.11750279057336455,-0.3357778505186873,0.0848966306355356,-1.366791229510349,-0.7817493329000428,-0.592038544148834
D100168,2026-01-15 21:04:08.648648648,Bike,Warehouse B,Urban,21.85,Low,Normal,4,50,14.36,99.25,201.01,12.5,4.57,Yes,0.46014890760405225,0.39235783851712225,0.36181303415976496,0.011626555051738166,0.02924206455264357,0.06133386373211239,-0.5956711752177823,-0.6867672548424975,-1.184659933972041,-0.9009928685338724
D100169,2026-01-15 23:12:25.945945946,Bike,Warehouse A,Semi-urban,29.17,High,Normal,9,50,8.38,140.15,232.87,51.51,4.36,No,0.6388380324667399,0.7135956644674837,0.4461143598020796,0.19304732007906056,0.010439102614492119,0.9039013270120693,1.130009126046986,-0.2398703110941937,-0.4484752713107461,-0.9668121367854766
D100170,2026-01-16 01:20:43.243243243,Van,Warehouse A,Urban,13.78,Medium,Normal,8,200,105.99,100.19,244.63,43.78,4.75,Yes,0.26315147076772855,0.39974081055607913,0.4772312332971713,0.15709801185908612,0.31735500809659306,-0.8675622330806272,-0.5560100631593745,-0.07491400040743773,-0.594353442097001,0.10753882877289897
D100171,2026-01-16 03:29:00.540540540,Van,Warehouse B,Semi-urban,32.47,Medium,Normal,12,200,117.46,145.67,327.6,141.01,4.71,Yes,0.7193946051507384,0.7569509896324222,0.6967692429815043,0.6092779909312869,0.3534202210448535,1.2837473145563119,1.3629126777091252,1.0888976575585623,1.240541065735803,0.23378414764345085
D100172,2026-01-16 05:37:17.837837837,Bike,Warehouse C,Urban,7.76,Low,Storm,1,50,6.44,103.09,87.2,14.81,4.33,Yes,0.11619675332601,0.4225180647188187,0.06067261133014051,0.022369491919544238,0.004339145062650339,-1.5604933982370943,-0.4336513131919458,-2.2831684214462142,-1.1410663279544149,-0.9881648759841576
D100173,2026-01-16 07:45:35.135135135,Van,Warehouse B,Urban,33.04,Low,Normal,2,200,56.19,108.93,275.74,140.23,4.83,No,0.7333089222507018,0.4683867420672322,0.5595480644563807,0.6056505057551446,0.1607684688792114,1.3493570760412266,-0.18724610636098604,0.3614627704654351,1.2258211468207605,-0.44058818777056075
D100174,2026-01-16 09:53:52.432432432,Bike,Warehouse A,Semi-urban,17.02,Low,Normal,13,50,19.08,98.43,226.95,19.03,4.66,Yes,0.3422433784938362,0.3859173735469683,0.4304500833487681,0.041995116846878275,0.04408319839011429,-0.4946225362190069,-0.6302691665878826,-0.32290954232426167,-1.0614277922858513,-0.8490418741948136
D100175,2026-01-16 12:02:09.729729729,Van,Warehouse B,Urban,18.06,Low,Rain,15,200,71.33,101.43,258.19,61.57,4.61,Yes,0.36763090443061147,0.4094800502670437,0.5131108935517158,0.23983257760725496,0.20837329224770856,-0.3749134977202153,-0.5036911493801978,0.11529072518035251,-0.25862606068853056,-0.2739487694880712
D100176,2026-01-16 14:10:27.027027027,Bike,Warehouse B,Semi-urban,4.88,Low,Storm,13,50,5.73,117.52,158.72,10.0,4.14,Yes,0.04589283534724764,0.5358545397423814,0.2499140052390654,0.0,0.0021066863709969033,-1.8919953510029792,0.1751889495770174,-1.2799647360451263,-1.231839161263844,-0.9959795382682108
D100177,2026-01-16 16:18:44.324324324,Van,Warehouse C,Urban,16.36,Medium,Normal,2,200,28.18,70.97,165.3,74.17,4.44,Yes,0.3261320639570365,0.17024033930254467,0.2673246368375095,0.2984304150680153,0.0726964013394752,-0.5705917337278554,-1.7888799507622235,-1.1876677526846793,-0.02084275513784317,-0.7488821181597636
D100178,2026-01-16 18:27:01.621621621,Van,Warehouse A,Suburban,11.68,High,Rain,12,200,122.65,138.19,242.78,52.02,4.38,Yes,0.21188819724154767,0.698201382343701,0.4723361469055115,0.19541913730961513,0.3697391796500385,-1.109282406972418,1.047311488137965,-0.10086376016683381,-0.43885070894321815,0.29090822828322116
D100179,2026-01-16 20:35:18.918918918,Truck,Warehouse C,Semi-urban,15.14,High,Normal,12,500,323.095,119.21,342.18,111.57,4.34,Yes,0.29635054314658854,0.5491281809613572,0.7353478157330721,0.4723636786420183,1.0,-0.7110196442745148,0.24649456593734634,1.2934098182569382,0.6849584851475303,2.497119469870647
D100180,2026-01-16 22:43:36.216216216,Bike,Warehouse B,Suburban,18.9,Medium,Normal,11,50,35.15,113.48,227.23,30.68,4.83,No,0.3881362138410838,0.5041234684260132,0.4311909612891275,0.09617486338797814,0.09461222821387583,-0.278225428163499,0.004730553070668974,-0.3189820111174341,-0.841572593106049,-0.6721663489768738
D100181,2026-01-17 00:51:53.513513513,Bike,Warehouse C,Urban,27.66,Low,Normal,15,50,22.89,121.16,274.19,45.84,4.87,Yes,0.6019772976931527,0.5644439208294062,0.555446775857963,0.1666782932217184,0.056063011932648926,0.7300930114994004,0.3287702771223415,0.33972107985621114,-0.5554777588085553,-0.8071068554592596
D100182,2026-01-17 03:00:10.810810810,Bike,Warehouse A,Urban,21.66,Low,Normal,15,50,17.39,113.2,225.79,30.16,4.66,Yes,0.45551080190406446,0.5019242852654728,0.4273807318815652,0.0937565399372166,0.03876931784237583,0.03946394323714068,-0.007083395202048313,-0.33918074303826135,-0.8513858723827442,-0.8676429717441799
D100183,2026-01-17 05:08:28.108108108,Truck,Warehouse B,Urban,22.46,Medium,Normal,8,500,218.2,117.8,333.17,160.18,4.84,Yes,0.4750396680092762,0.5380537229029217,0.7115074220093667,0.6984304150680153,0.6701778106183282,0.13154781900544207,0.18700289784973467,1.1670274747800953,1.602311380609349,1.3425856666512446
D100184,2026-01-17 07:16:45.405405405,Truck,Warehouse C,Urban,11.24,Low,Normal,15,500,323.095,73.61,315.3,71.83,4.62,Yes,0.2011473208836812,0.19097549481621112,0.6642235334585769,0.2875479595395884,1.0,-1.1599285386449838,-1.677491295619461,0.9163668224014957,-0.06500251188297089,2.497119469870647
D100185,2026-01-17 09:25:02.702702702,Bike,Warehouse A,Semi-urban,12.95,Medium,Normal,1,50,38.56,75.88,116.7,16.68,4.68,No,0.2428902721835713,0.20880458686773473,0.13872939433228373,0.031066155098244383,0.10533431854984514,-0.9630992541902398,-1.5817139292656464,-1.8693749550125998,-1.1057762659401462,-0.6346339568802232
D100186,2026-01-17 11:33:20.000000000,Van,Warehouse C,Rural,43.965,Medium,Normal,4,200,145.85,145.33,357.02,209.91,4.67,Yes,1.0,0.7542805529374805,0.7746143465721163,0.9297058481571909,0.44268712563082674,2.6068775045020915,1.3485671690922554,1.5015689722187968,2.540800569897895,0.5462605733396119
D100187,2026-01-17 13:41:37.297297297,Truck,Warehouse B,Rural,26.12,Medium,Normal,10,500,269.66,126.71,335.8,183.15,4.94,Yes,0.56438423044062,0.6080348727615457,0.7184663826634561,0.8052552028833856,0.831983901142956,0.5528315506454206,0.5629396089565581,1.2039182143299396,2.0357941209664356,1.9089835837461535
D100188,2026-01-17 15:49:54.594594594,Van,Warehouse A,Semi-urban,33.25,Medium,Normal,12,200,154.56,139.54,293.76,117.23,4.51,Yes,0.7384352496033199,0.7088045868677348,0.6072288519037915,0.49868619927915353,0.4700740484537865,1.3735290934304056,1.1042715958814229,0.6142274574191207,0.7917722557361726,0.6421277684017311
D100189,2026-01-17 17:58:11.891891891,Van,Warehouse A,Semi-urban,18.06,High,Normal,5,200,145.39,119.8,242.33,68.97,4.36,No,0.36763090443061147,0.5537621740496387,0.47114545021564835,0.27424718056039993,0.44124074394327656,-0.3749134977202153,0.2713882426548578,-0.10717586389209217,-0.11897554790479356,0.541197552704873
D100190,2026-01-17 20:06:29.189189189,Bike,Warehouse B,Semi-urban,20.02,High,Normal,9,50,41.53,125.19,232.31,21.57,4.25,No,0.4154766263883803,0.5960964498900408,0.44463260392136095,0.05380769677944425,0.11467291335859262,-0.14930800208787703,0.4988067469046647,-0.24772537350784882,-1.0134936973573794,-0.6019444540863663
D100191,2026-01-17 22:14:46.486486486,Bike,Warehouse A,Urban,28.56,Medium,Rain,7,50,29.34,143.21,200.37,44.11,4.66,Yes,0.6239472720615159,0.7376295947219604,0.3601195988675151,0.1586327171259156,0.07634379863851462,0.8336873717387392,1.2591187035988245,-0.6957444690295316,-0.5881257840944831,-0.7361145009069441
D100192,2026-01-18 00:23:03.783783783,Truck,Warehouse B,Rural,42.18,High,Rain,8,500,311.23,168.96,410.99,225.025,4.1,No,0.9564262175027463,0.939875903235941,0.9174185695763765,0.9999999999999999,0.9626927853852564,2.401415356694069,2.345580017964785,2.258600612334803,2.8260461781041366,2.366526557194178
D100193,2026-01-18 02:31:21.081081081,Truck,Warehouse A,Semi-urban,19.11,High,Normal,14,500,115.74,129.8,405.44,132.08,4.36,Yes,0.3932625411937019,0.6323044297832234,0.9027333104013969,0.5677479362864782,0.3480120112566226,-0.25405341077431975,0.6933149666804741,2.180751333056614,1.0720168658494829,0.2148528530961667
D100194,2026-01-18 04:39:38.378378378,Van,Warehouse B,Suburban,16.89,Medium,Rain,11,200,75.79,126.37,242.85,61.64,4.9,Yes,0.33906993775173927,0.6053644360666038,0.47252136639060127,0.24015812114870366,0.22239690600091186,-0.5095861660313558,0.5485941003396876,-0.09988187736512703,-0.2573050423243601,-0.22485948246429938
D100195,2026-01-18 06:47:55.675675675,Bike,Warehouse A,Urban,19.55,Medium,Normal,9,50,15.38,116.69,174.75,30.9,4.99,Yes,0.40400341755156843,0.5293355325164939,0.2923292673246368,0.0971980002325311,0.03244925872938513,-0.2034072791017539,0.14016903148289134,-1.0551135744542504,-0.8374208211043704,-0.889766170604669
D100196,2026-01-18 08:56:12.972972973,Bike,Warehouse C,Suburban,22.7,Medium,Normal,13,50,16.7,105.1,256.46,29.03,4.8,Yes,0.48089832784083975,0.4383050581212692,0.5085333262773527,0.08850133705383094,0.03659974531105066,0.15917298173593228,-0.34884404166279737,0.09102419308102504,-0.8727108831186391,-0.8752375026962881
D100197,2026-01-18 11:04:30.270270270,Van,Warehouse C,Suburban,27.13,High,Normal,7,200,148.65,124.55,281.53,111.38,4.2,Yes,0.5890394238984499,0.5910697455230914,0.5748683618659538,0.47148006045808627,0.45149118807678396,0.6690874438029006,0.4718034365670253,0.44267850506376094,0.6813728638733533,0.5770789598119351
D100198,2026-01-18 13:12:47.567567567,Truck,Warehouse C,Semi-urban,20.03,High,Normal,5,500,97.51,116.74,347.54,155.8,4.32,Yes,0.4157207372146955,0.5297282437951618,0.7495303363056649,0.6780606906173701,0.2906912761174084,-0.14815695364077308,0.14227866510301931,1.368593987073351,1.5196533743941103,0.01420314402814932
D100199,2026-01-18 15:21:04.864864864,Truck,Warehouse B,Suburban,24.95,Low,Normal,13,500,95.25,112.05,368.73,165.41,4.74,Yes,0.5358232637617478,0.4928919258561105,0.805598920435001,0.7227531682362515,0.2835851400003144,0.41815888233427967,-0.05560496846499436,1.6658239380471913,1.7010103241038008,-0.01067169648165433
D100200,2026-01-18 17:29:22.162162162,Van,Warehouse A,Suburban,33.11,Medium,Normal,15,200,73.6,143.07,343.43,138.23,4.64,Yes,0.7350176980349078,0.7365300031416901,0.7386553065382476,0.5963492617137541,0.21551087144496672,1.3574144151709528,1.2532117294624654,1.3109434397159896,1.188077764987318,-0.24896386331229503
D100201,2026-01-18 19:37:39.459459459,Van,Warehouse C,Rural,35.05,Medium,Rain,5,200,69.52,150.56,323.37,120.58,4.46,Yes,0.7823751983400462,0.7953581526861453,0.6855766940967902,0.5142657830484827,0.2026820947380005,1.5807178139090834,1.569234845757652,1.0295638825411317,0.8549924203071886,-0.2938706550291086
D100202,2026-01-18 21:45:56.756756756,Bike,Warehouse A,Urban,21.26,Medium,Normal,10,50,9.08,117.87,230.48,31.87,4.69,Yes,0.4457463688514586,0.5386035186930569,0.43979043738258394,0.1017091035926055,0.012640118225981416,-0.0065779946470098,0.18995638491791428,-0.2733945953239003,-0.8191152809151507,-0.9591075401673959
D100203,2026-01-18 23:54:14.054054054,Bike,Warehouse A,Suburban,7.85,Low,Normal,11,50,21.19,80.68,180.97,13.61,4.82,Yes,0.11839375076284632,0.24650486961985552,0.30878734157119037,0.016788745494709906,0.050717688304746336,-1.5501339622131605,-1.3791891017333504,-0.9678662740740103,-1.1637123570544803,-0.8258180186745987
D100204,2026-01-19 02:02:31.351351351,Truck,Warehouse A,Urban,3.0,High,Storm,6,500,276.89,116.71,297.68,15.02,4.13,No,0.0,0.529492617027961,0.6176011430688221,0.023346122543890235,0.854717248101624,-2.108392459058487,0.1410128849309424,0.6692128943147063,-1.1371032728619035,1.98856106024433
D100205,2026-01-19 04:10:48.648648648,Van,Warehouse B,Semi-urban,23.11,Medium,Normal,5,200,151.28,119.46,252.75,78.14,4.61,Yes,0.4909068717197608,0.5510917373546967,0.49871669356759174,0.31689338449017557,0.4597607181599509,0.2063659680671867,0.2570427340379867,0.038984404590560594,0.05407785780154006,0.6060262299627242
D100206,2026-01-19 06:19:05.945945945,Bike,Warehouse C,Rural,31.24,High,Normal,13,50,8.69,121.42,252.08,46.56,4.44,Yes,0.6893689735139753,0.5664860194784794,0.4969438784960176,0.17002674107661897,0.011413838099580232,1.1421683555625486,0.33974037194700774,0.02958638348850919,-0.5418901413485161,-0.9634001011403265
D100207,2026-01-19 08:27:23.243243243,Bike,Warehouse B,Urban,15.88,High,Normal,12,50,31.96,115.89,218.62,36.08,4.61,Yes,0.3144147442939094,0.5230521520578071,0.4084089646230782,0.12128822229973256,0.08458188564151745,-0.6258420591888361,0.10641489356084222,-0.4397535957273803,-0.7396654621557545,-0.7072772964221274
D100208,2026-01-19 10:35:40.540540540,Van,Warehouse B,Semi-urban,21.95,Medium,Normal,11,200,48.53,106.57,239.55,86.63,4.47,No,0.4625900158672037,0.4498507697141061,0.46378959066493786,0.35637716544587833,0.13668306947348563,0.0728443482031498,-0.2868208132310319,-0.14617063801702262,0.21429851368450312,-0.5248984879055587
D100209,2026-01-19 12:43:57.837837837,Bike,Warehouse A,Urban,19.52,Medium,Normal,9,50,31.91,112.29,191.43,33.75,4.63,Yes,0.40327108507262294,0.49477693999371664,0.33646442462889947,0.1104522729915126,0.08442467024069678,-0.20686042444306535,-0.045478727088379196,-0.8211449297046676,-0.7836365019917149,-0.7078276247519905
D100210,2026-01-19 14:52:15.135135135,Bike,Warehouse C,Rural,41.02,Medium,Normal,3,50,38.72,136.92,271.99,70.55,4.62,Yes,0.9281093616501892,0.6882265158655356,0.549625592040854,0.2815951633530985,0.10583740783247127,2.2678937368300325,0.9937267941867115,0.30886190608828074,-0.08915827625637407,-0.632872906224662
D100211,2026-01-19 17:00:32.432432432,Van,Warehouse B,Semi-urban,20.69,Low,Normal,3,200,111.17,91.64,141.46,102.53,4.71,Yes,0.4318320517514952,0.33258718190386427,0.20424417220120125,0.43032205557493314,0.33364252362161395,-0.0721877561319245,-0.9167574122012758,-1.5220689811517087,0.5143583992603706,0.16455284374669668
D100212,2026-01-19 19:08:49.729729729,Van,Warehouse B,Semi-urban,14.02,Medium,Normal,15,200,129.1,114.06,260.2,47.66,4.43,Yes,0.2690101305992921,0.5086789192585611,0.518429338766438,0.17514242529938379,0.39001996635590414,-0.8399370703501368,0.02920230306415461,0.14348478848650711,-0.5211312813401228,0.3619005828355366
D100213,2026-01-19 21:17:07.027027027,Van,Warehouse A,Urban,27.92,Low,Normal,7,200,8.69,105.31,279.75,104.09,4.9,Yes,0.6083241791773465,0.4399544454916745,0.5701584949593839,0.43757702592721776,0.011413838099580232,0.7600202711240985,-0.3399835804582591,0.41771062810607207,0.5437982370904557,-0.9634001011403265
D100214,2026-01-19 23:25:24.324324324,Bike,Warehouse C,Rural,30.26,Medium,Normal,7,50,17.02,129.65,203.69,43.05,4.71,Yes,0.6654461125350909,0.6311262959472197,0.3689042944460613,0.15370305778397858,0.03760592387630292,1.0293656077463798,0.6869860658200896,-0.6491751704342911,-0.6081297764662076,-0.8717154013851656
D100215,2026-01-20 01:33:41.621621621,Van,Warehouse B,Semi-urban,24.21,Low,Normal,6,200,162.94,117.96,259.83,101.76,4.74,Yes,0.517759062614427,0.539310398994659,0.5174503214881061,0.4267410766189978,0.4964233496313298,0.33298129724860115,0.19375372543414437,0.13829483653462782,0.49982719725449537,0.7343627964867551
D100216,2026-01-20 03:41:58.918918918,Bike,Warehouse A,Urban,16.18,Low,Rain,3,50,15.88,100.18,157.7,10.0,4.73,Yes,0.32173806908336383,0.3996622683003457,0.2472150927420421,0.0,0.03402141273759178,-0.5913106057757233,-0.5564319898833998,-1.2942721711557124,-1.231839161263844,-0.8842628873060399
D100217,2026-01-20 05:50:16.216216216,Bike,Warehouse A,Semi-urban,14.8,Low,Normal,14,50,33.92,79.74,203.01,27.43,4.62,Yes,0.28805077505187354,0.2391218975808984,0.36710501944804586,0.08106034182071852,0.09074472935368749,-0.7501552914760429,-1.4188502137917587,-0.6587134605080152,-0.902905588585393,-0.6857044258915014
D100218,2026-01-20 07:58:33.513513513,Van,Warehouse B,Urban,20.67,Low,Normal,13,200,44.93,102.92,301.55,83.87,4.8,Yes,0.4313438300988649,0.42118284637134784,0.6278411346016457,0.34354144866875946,0.12536356061439777,-0.074489853026132,-0.4408240675003813,0.7234969863519296,0.1622126467543527,-0.5645221276556883
D100219,2026-01-20 10:06:50.810810810,Van,Warehouse B,Rural,32.1,Medium,Normal,7,200,134.5,133.26,311.79,124.13,4.7,Yes,0.710362504577078,0.6594800502670437,0.6549360992776438,0.5307754912219508,0.40699922964453594,1.2411585220134727,0.8393016131933363,0.8671324133444793,0.9219869230615488,0.4213360424607311
D100220,2026-01-20 12:15:08.108108108,Truck,Warehouse A,Urban,23.84,Medium,Normal,5,500,121.76,115.71,361.13,170.28,4.39,Yes,0.5087269620407665,0.5216383914546026,0.7854893763395335,0.7454016974770374,0.36694074551543066,0.29039250470576167,0.09882021252838084,1.559219519576158,1.7929154588682332,0.28111238401166133
D100221,2026-01-20 14:23:25.405405405,Van,Warehouse C,Semi-urban,17.85,Medium,Normal,7,200,155.28,98.68,204.36,78.52,4.68,Yes,0.36250457707799344,0.387880929940308,0.37067710951763544,0.31866062085803976,0.47233795022560404,-0.3990855151093941,-0.6197209984872422,-0.6397771493322393,0.06124910034989403,0.6500524963517571
D100222,2026-01-20 16:31:42.702702702,Van,Warehouse A,Suburban,5.31,Low,Normal,2,200,127.58,52.22,151.87,29.46,4.66,Yes,0.05638960087879895,0.02297360980207347,0.23178895562670335,0.0905011045227299,0.38524061817095595,-1.8425002677775173,-2.579992558310253,-1.3760489816407282,-0.8645960560244489,0.34517060160770413
D100223,2026-01-20 18:40:00.000000000,Bike,Warehouse B,Urban,16.54,Low,Rain,6,50,34.81,97.76,199.08,24.93,4.8,Yes,0.3305260588307091,0.3806550424128181,0.35670626835657393,0.06943378676898035,0.09354316348829532,-0.5498728616799877,-0.6585382570975988,-0.7138391663752726,-0.9500848158771961,-0.6759085816199416
D100224,2026-01-20 20:48:17.297297297,Bike,Warehouse C,Urban,26.35,Low,Rain,14,50,13.54,117.83,245.3,42.13,5.0,Yes,0.5699987794458684,0.5382893496701225,0.47900404836874544,0.14942448552493898,0.026663731979184677,0.5793056649288072,0.18826867802181155,-0.06551597930538593,-0.6254917321095911,-0.9100182531436242
D100225,2026-01-20 22:56:34.594594594,Bike,Warehouse B,Urban,17.62,Low,Normal,8,50,5.43,103.24,222.86,28.74,4.76,Yes,0.35689002807274506,0.42369619855482243,0.41962797343423375,0.0871526566678293,0.0011633939660729148,-0.42555962939278075,-0.4273224123315619,-0.38027955173827765,-0.8781836734844883,-0.9992815082473883
D100226,2026-01-21 01:04:51.891891891,Bike,Warehouse B,Suburban,18.03,High,Rain,1,50,36.06,136.25,167.46,36.89,4.62,Yes,0.3668985719516661,0.6829641847313854,0.27303998094885296,0.12505522613649572,0.09747354850881193,-0.37836664306152634,0.9654577036769958,-1.1573696548034382,-0.7243793925132103,-0.6621503733733688
D100227,2026-01-21 03:13:09.189189189,Truck,Warehouse A,Urban,27.89,Low,Normal,4,500,126.28,110.73,399.88,198.28,4.6,Yes,0.607591846698401,0.48252434809927747,0.8880215912999759,0.8756191140565049,0.3811530177496187,0.7565671257827871,-0.11129929603637534,2.1027617848067535,2.3213228045364276,0.33086206503126847
D100228,2026-01-21 05:21:26.486486486,Van,Warehouse A,Suburban,14.3,Medium,Normal,11,200,6.65,97.78,208.38,62.36,4.61,No,0.2758452337361162,0.38081212692428523,0.38131399994708004,0.24350656900360423,0.004999449746097128,-0.8077077138312312,-0.6576944036495478,-0.58338902271993,-0.24371742486432083,-0.9858534969987333
D100229,2026-01-21 07:29:43.783783783,Truck,Warehouse C,Urban,7.66,Low,Normal,1,500,184.16,71.23,253.31,60.76,4.66,Yes,0.11375564506285853,0.17228243795161802,0.5001984494483104,0.2360655737704918,0.5631455657396198,-1.572003882708132,-1.7779098559375572,0.04683946700421568,-0.2739121303310748,0.9679221396805746
D100230,2026-01-21 09:38:01.081081081,Van,Warehouse B,Urban,18.71,Low,Normal,14,200,50.39,111.14,267.08,90.51,4.76,Yes,0.3834981081410961,0.48574458058435444,0.5366337681581244,0.37442157888617605,0.14253148238401434,-0.30009534865847026,-0.09400030035132524,0.23998984099712628,0.28752067444138163,-0.5044262740346585
D100231,2026-01-21 11:46:18.378378378,Van,Warehouse C,Semi-urban,16.13,Medium,Normal,1,200,116.32,86.0,207.9,59.83,4.6,Yes,0.3205175149517881,0.28828934967012254,0.3800439234778926,0.23174049529124519,0.3498357099061423,-0.5970658480112422,-1.154724084551723,-0.5901219333602056,-0.2914628028836255,0.22123666172257644
D100232,2026-01-21 13:54:35.675675675,Van,Warehouse A,Urban,12.27,Medium,Normal,10,200,84.49,94.06,203.07,62.09,4.46,No,0.22629073599414135,0.3515944077913917,0.36726377900669427,0.2422509010580165,0.24975238574370742,-1.0413705485932958,-0.8146511449870768,-0.6578718466779806,-0.24881278141183547,-0.1291023530681529
D100233,2026-01-21 16:02:52.972972973,Van,Warehouse A,Rural,30.6,Low,Normal,12,200,156.1,118.1,268.33,142.17,4.7,Yes,0.6737458806298059,0.5404099905749292,0.5399412589632999,0.6146727124752934,0.4749162827990629,1.0685012549479078,0.199660699570503,0.25752346245617774,1.2624322271991995,0.6590778809615088
D100234,2026-01-21 18:11:10.270270270,Van,Warehouse A,Semi-urban,23.93,Low,Rain,14,200,165.47,125.51,299.96,91.54,4.53,No,0.5109239594776028,0.5986098020735157,0.6236340062974622,0.37921171956749217,0.5043784489128554,0.3007519407296956,0.5123084020734847,0.7011942198560157,0.30695851608560454,0.7622094099778184
D100235,2026-01-21 20:19:27.567567567,Bike,Warehouse B,Semi-urban,19.93,Medium,Normal,14,50,15.76,118.85,214.54,28.16,4.87,Yes,0.41327962895154396,0.5463006597549481,0.39761331463498517,0.08445529589582605,0.033644095775622176,-0.15966743811181092,0.2313052038724242,-0.49698333616972445,-0.8891292542161866,-0.8855836752977108
D100236,2026-01-21 22:27:44.864864864,Van,Warehouse A,Suburban,22.46,Low,Normal,11,200,31.89,98.62,257.56,86.41,4.8,Yes,0.4750396680092762,0.3874096764059064,0.5114439181859073,0.3553540286013254,0.08436178408036851,0.13154781900544207,-0.622252558831396,0.10645377996499064,0.21014674168282446,-0.7080477560839357
D100237,2026-01-22 00:36:02.162162162,Bike,Warehouse C,Rural,43.965,Low,Normal,8,50,26.34,139.27,288.02,75.02,4.59,Yes,1.0,0.7066839459629282,0.5920408541264253,0.3023834437856063,0.06691087458927476,2.6068775045020915,1.0928795743327322,0.5337130676791563,-0.004801817858630238,-0.7691342006987187
D100238,2026-01-22 02:44:19.459459459,Bike,Warehouse B,Urban,17.26,High,Rain,7,50,7.11,111.76,180.59,11.0,4.42,Yes,0.34810203832539977,0.4906142004398367,0.30778186436641697,0.004650622020695265,0.006445831433647242,-0.4669973734885163,-0.06784084346173688,-0.9731964949975619,-1.2129674703471227,-0.9807904763639945
D100239,2026-01-22 04:52:36.756756756,Van,Warehouse C,Urban,22.23,Medium,Normal,12,200,108.39,121.63,246.44,84.92,4.62,Yes,0.46942511900402784,0.5681354068488846,0.4820204799830655,0.34842460179048945,0.32490134733598497,0.10507370472205539,0.3486008331515454,-0.0495253165347312,0.18202792221690994,0.1339545886063188
D100240,2026-01-22 07:00:54.054054054,Bike,Warehouse A,Urban,15.93,Medium,Normal,10,50,42.69,101.75,182.05,21.71,4.69,Yes,0.31563529842548516,0.4119934024505184,0.31164501362686203,0.054458783862341584,0.11832031065763202,-0.6200868169533174,-0.4901894942113784,-0.9527172251333896,-1.0108516606290383,-0.5891768368335468
D100241,2026-01-22 09:09:11.351351351,Truck,Warehouse C,Semi-urban,13.23,Medium,Normal,13,500,237.19,100.12,319.85,89.72,4.69,Yes,0.24972537532039546,0.3991910147659441,0.6762627999894159,0.3707475874898267,0.7298882198500165,-0.9308698976713342,-0.5589635502275536,0.9801892045124432,0.27261203861717176,1.5516003663331785
D100242,2026-01-22 11:17:28.648648648,Truck,Warehouse C,Urban,15.32,Medium,Normal,1,500,234.31,91.79,274.11,104.27,4.65,Yes,0.3007445380202612,0.3337653157398681,0.5552350964464318,0.43841413789094286,0.7208326127627462,-0.6903007722266471,-0.9104285113408914,0.3385989280828321,0.5471951414554654,1.519901454533075
D100243,2026-01-22 13:25:45.945945945,Truck,Warehouse C,Suburban,16.17,Medium,Rain,11,500,323.095,104.83,351.76,109.28,4.82,Yes,0.32149395825704874,0.4361844172164624,0.7606964252639375,0.4617137542146262,1.0,-0.5924616542228268,-0.3602360632114888,1.4277874931191084,0.6417423129482389,2.497119469870647
D100244,2026-01-22 15:34:03.243243243,Bike,Warehouse C,Rural,34.88,Medium,Normal,14,50,37.23,135.06,302.78,58.54,4.53,Yes,0.7782253142926889,0.673617656299089,0.6310957055539383,0.2257411928845483,0.10115238888801545,1.56114999030832,0.9152484235179476,0.7407500698676357,-0.3158072841661959,-0.6492726904545767
D100245,2026-01-22 17:42:20.540540540,Bike,Warehouse C,Semi-urban,38.79,Medium,Normal,13,50,15.86,154.49,290.27,62.49,4.58,Yes,0.8736726473819113,0.8262252591894441,0.5979943375757413,0.24411114986629462,0.033958526577263504,2.011209933125892,1.7350520482997192,0.5652735863054489,-0.241264105045147,-0.8844830186379851
D100246,2026-01-22 19:50:37.837837837,Truck,Warehouse B,Suburban,14.27,Low,Storm,2,500,239.97,84.25,314.13,113.52,4.45,No,0.27511290125717075,0.2745444549167452,0.6611277220649324,0.4814323915823741,0.7386293961356454,-0.8111608591725427,-1.2285612612562058,0.8999553527158233,0.7217582824351367,1.5821986214735564
D100247,2026-01-22 21:58:55.135135135,Van,Warehouse A,Urban,16.67,Medium,Normal,4,200,28.71,91.75,185.7,72.92,4.49,No,0.3336994995728061,0.33345114671693366,0.3213028867779747,0.29261713754214624,0.07436288458817426,-0.5349092318676385,-0.9121162182369941,-0.9015190504729598,-0.044432368783744694,-0.7430486378632167
D100248,2026-01-23 00:07:12.432432432,Truck,Warehouse A,Semi-urban,19.5,Medium,Normal,1,500,323.095,120.16,268.9,127.72,4.58,No,0.40278286341999264,0.5565896952560477,0.5414494747704599,0.5474712242762468,1.0,-0.20916252133727284,0.28657760471977994,0.2655187938415051,0.9897362934525781,2.497119469870647
D100249,2026-01-23 02:15:29.729729729,Truck,Warehouse C,Suburban,23.17,High,Normal,3,500,193.86,107.35,298.91,160.83,4.19,No,0.49237153667765166,0.4559770656613258,0.620855714021115,0.7014533193814673,0.5936453534988287,0.21327225874980957,-0.25391052875703385,0.6864659778304132,1.614577979705218,1.0746858356739797
D100250,2026-01-23 04:23:47.027027027,Truck,Warehouse B,Urban,22.11,Medium,Storm,8,500,121.29,131.92,325.98,152.56,4.35,Yes,0.46649578908824607,0.6489553879987433,0.6924827348979968,0.6629926752703174,0.3654629207477164,0.09126112335681008,0.7827634321739037,1.0661740841476315,1.4585090958239333,0.27593929771095
D100251,2026-01-23 06:32:04.324324324,Bike,Warehouse C,Urban,30.27,Medium,Normal,8,50,41.47,106.31,204.31,47.45,4.71,No,0.665690223361406,0.44780867106503297,0.3705448098854284,0.1741657946750378,0.1144842548776078,1.0305166561934833,-0.2977909080556975,-0.6404784941906014,-0.5250943364326341,-0.6026048480822018
D100252,2026-01-23 08:40:21.621621621,Van,Warehouse B,Rural,15.0,Low,Normal,8,200,52.74,84.66,273.53,68.75,4.56,Yes,0.2929329915781765,0.27776468740182214,0.5537004207128302,0.27322404371584696,0.14992060622258557,-0.7271343225339676,-1.2112622655711558,0.33046332772583165,-0.12312731990647222,-0.47856084253110154
D100253,2026-01-23 10:48:38.918918918,Truck,Warehouse A,Semi-urban,3.0,Medium,Normal,6,500,188.27,89.67,223.84,22.49,4.85,Yes,0.0,0.31711435752434813,0.4222210462254914,0.05808626903848388,0.5760686716870784,-2.108392459058487,-0.9998769768343221,-0.3665331925143815,-0.996131741713996,1.013159128395306
D100254,2026-01-23 12:56:56.216216216,Bike,Warehouse A,Semi-urban,16.03,Low,Normal,6,50,19.33,90.73,190.76,25.55,4.86,Yes,0.3180764066886367,0.32543983663210807,0.33469160955732535,0.07231717242181142,0.0448692753942176,-0.6085763324822796,-0.9551527440876068,-0.8305429508067194,-0.9383843675088289,-0.846290232545499
D100255,2026-01-23 15:05:13.513513513,Bike,Warehouse B,Rural,40.78,Medium,Normal,5,50,12.33,137.92,265.65,61.25,4.89,Yes,0.9222507018186257,0.6960807414388941,0.5328499986770034,0.23834437856063245,0.0228591192793246,2.2402685740995416,1.035919466589273,0.2199313780479713,-0.26466500178188135,-0.9233361987263066
D100256,2026-01-23 17:13:30.810810810,Van,Warehouse B,Suburban,7.47,Low,Normal,13,200,102.28,101.25,221.99,36.36,4.29,Yes,0.10911753936287073,0.4080662896638392,0.4173259598338316,0.12259039646552726,0.3056896253556998,-1.5938738032031037,-0.5112858304126592,-0.39248295227377755,-0.7343813886990725,0.06670446669707102
D100257,2026-01-23 19:21:48.108108108,Truck,Warehouse A,Suburban,3.0,Medium,Storm,9,500,189.39,82.08,254.96,16.45,4.69,Yes,0.0,0.2575007854225573,0.5045643373111421,0.029996512033484468,0.5795902966654612,-2.108392459058487,-1.3201193603697645,0.06998384733016369,-1.110116754850992,1.025486482984235
D100258,2026-01-23 21:30:05.405405405,Van,Warehouse B,Suburban,24.57,Low,Normal,4,200,85.52,104.68,251.33,86.62,4.72,Yes,0.5265470523617722,0.43500628338045877,0.4949593840129123,0.3563306592256714,0.2529910230006131,0.3744190413443367,-0.3665649640718727,0.019066210613078314,0.21410979677533606,-0.11776558947297693
D100259,2026-01-23 23:38:22.702702702,Van,Warehouse A,Urban,21.95,Medium,Normal,10,200,7.66,114.55,239.34,92.96,4.71,Yes,0.4625900158672037,0.5125274897895067,0.46323393220966835,0.3858156028368794,0.008175200842674549,0.0728443482031498,0.04987671254140957,-0.1491162864221434,0.3337563171873484,-0.9747368647355025
D100260,2026-01-24 01:46:40.000000000,Bike,Warehouse B,Suburban,11.28,High,Normal,15,50,22.34,112.59,215.45,19.92,4.33,Yes,0.20212376418894173,0.4971332076657242,0.40002116794115294,0.046134170445297065,0.05433364252362162,-1.1553243448565687,-0.032820925367610845,-0.48421885974753504,-1.0446319873699694,-0.8131604670877517
D100261,2026-01-24 03:54:57.297297297,Van,Warehouse A,Semi-urban,12.12,Low,Normal,12,200,81.4,95.31,256.04,59.07,4.5,Yes,0.22262907359941408,0.36141218975808986,0.5074220093668139,0.2282060225555168,0.2400364739729904,-1.0586362752998524,-0.7619103044838748,0.08513289627078433,-0.30580528798033363,-0.1631126438536807
D100262,2026-01-24 06:03:14.594594594,Truck,Warehouse C,Suburban,12.24,Medium,Rain,12,500,323.095,95.66,328.04,66.26,4.75,Yes,0.2255584035151959,0.36416116870876525,0.6979334797449261,0.2616439948843158,1.0,-1.0448236939346072,-0.7471428691429784,1.0950694923121482,-0.17011783028910796,2.497119469870647
D100263,2026-01-24 08:11:31.891891891,Bike,Warehouse A,Rural,32.88,Medium,Normal,12,50,11.13,141.89,266.36,48.52,4.94,Yes,0.7294031490296595,0.7272620169651272,0.5347286534543433,0.1791419602371817,0.01908594965962866,1.3309403008875667,1.2034243760274423,0.22989047503671306,-0.5049016271517425,-0.9365440786430165
D100264,2026-01-24 10:19:49.189189189,Van,Warehouse B,Suburban,14.99,Low,Normal,7,200,64.12,87.34,228.78,60.81,4.72,Yes,0.29268888075186134,0.29881401193842283,0.4352922498875452,0.23629810487152658,0.18570283144936878,-0.7282853709810714,-1.0981859035322905,-0.29724032050821014,-0.27296854578523866,-0.3533061146543029
D100265,2026-01-24 12:28:06.486486486,Truck,Warehouse A,Suburban,23.95,High,Normal,1,500,182.16,110.69,335.13,155.56,4.18,No,0.5114121811302331,0.482210179076343,0.7166935675918819,0.6769445413324031,0.5568569497067932,0.30305403762390304,-0.11298700293247807,1.1945201932278877,1.515124168574097,0.9459090064860581
D100266,2026-01-24 14:36:23.783783783,Van,Warehouse A,Suburban,3.0,Low,Normal,15,200,47.4,93.0,233.2,11.31,4.47,Yes,0.0,0.3432689286836318,0.4469875373746459,0.0060923148471108,0.1331300014149386,-2.108392459058487,-0.8593753777337921,-0.23524143502900435,-1.2071172461629391,-0.5373359081604605
D100267,2026-01-24 16:44:41.081081081,Van,Warehouse A,Suburban,13.15,Medium,Normal,9,200,166.79,92.98,245.13,62.1,4.66,No,0.24777248870987428,0.34311184417216467,0.47855422961924154,0.24229740727822346,0.508528935494521,-0.9400782852481643,-0.8602192311818432,-0.06790055182381716,-0.2486240645026683,0.7767380778861992
D100268,2026-01-24 18:52:58.378378378,Van,Warehouse B,Semi-urban,10.99,Medium,Normal,7,200,96.31,86.09,200.44,60.65,4.59,Yes,0.19504455022580253,0.2889962299717248,0.36030481835260486,0.2355540053482153,0.2869181064977125,-1.1887047498225778,-1.1509267440354924,-0.6947625862278248,-0.2759880163319141,0.0009952641114394155
D100269,2026-01-24 21:01:15.675675675,Bike,Warehouse B,Urban,17.95,Medium,Rain,10,50,10.2,105.62,183.46,34.78,4.81,Yes,0.36494568534114485,0.44238925541941565,0.31537586325510014,0.11524241367282874,0.0161617432043643,-0.3875750306383567,-0.32690385201346495,-0.9329393001275796,-0.7641986603474921,-0.9467801855784665
D100270,2026-01-24 23:09:32.972972972,Bike,Warehouse A,Suburban,15.7,Medium,Storm,12,50,33.62,127.77,216.23,20.95,4.61,Yes,0.3100207494202368,0.6163603518693057,0.40208504220358254,0.05092431112661318,0.08980143694876348,-0.6465609312367041,0.6076638417032735,-0.4732778799570869,-1.0251941457257465,-0.6890063958706789
D100271,2026-01-25 01:17:50.270270270,Truck,Warehouse B,Urban,26.38,Low,Normal,9,500,119.55,134.61,371.89,194.75,4.77,Yes,0.5707311119248138,0.6700832547910778,0.8139602571904848,0.8592024183234507,0.35999182479915726,0.5827588102701182,0.8962617209367953,1.710148933095673,2.2547057356004014,0.2567878718317206
D100272,2026-01-25 03:26:07.567567567,Truck,Warehouse C,Suburban,5.13,Low,Storm,7,500,323.095,88.23,279.39,43.2,4.39,Yes,0.05199560600512633,0.3058042726987119,0.5692059376074933,0.1544006510870829,1.0,-1.863219139825385,-1.0606344250940107,0.41266094512586504,-0.6052990228286993,2.497119469870647
D100273,2026-01-25 05:34:24.864864864,Truck,Warehouse C,Suburban,20.36,Medium,Normal,2,500,323.095,103.91,328.77,138.64,4.68,Yes,0.4237763944830953,0.42895852968897263,0.6998650543751486,0.5982560167422392,1.0,-0.11017235488634901,-0.39905332182184555,1.1053091272442337,1.1958151582631735,2.497119469870647
D100274,2026-01-25 07:42:42.162162162,Truck,Warehouse A,Semi-urban,24.47,Medium,Normal,15,500,323.095,135.95,422.16,166.64,4.71,Yes,0.5241059440986208,0.680607917059378,0.9469743074114253,0.7284734333217067,1.0,0.3629085568732988,0.9527999019562268,2.415281053692887,1.7242225039313677,2.497119469870647
D100275,2026-01-25 09:50:59.459459459,Van,Warehouse B,Rural,43.965,High,Normal,6,200,166.2,170.89,242.18,186.05,3.98,Yes,1.0,0.9550345585925226,0.47074855131902726,0.8187420067434019,0.5066737937648371,2.6068775045020915,2.427011875701728,-0.10927989846717844,2.090522024624927,0.7702442035938167
D100276,2026-01-25 11:59:16.756756756,Van,Warehouse A,Suburban,16.15,High,Normal,10,200,158.02,113.2,223.15,56.19,4.44,Yes,0.32100573660441833,0.5019242852654728,0.42039531130103447,0.2148122311359144,0.4809533541905765,-0.5947637511170347,-0.007083395202048313,-0.3762117515597778,-0.3601557578204908,0.6802104888282448
D100277,2026-01-25 14:07:34.054054054,Van,Warehouse A,Semi-urban,22.6,High,Normal,12,200,104.94,137.92,319.85,87.91,4.19,No,0.4784572195776883,0.6960807414388941,0.6762627999894159,0.3623299616323683,0.3140534846793591,0.14766249726489486,1.035919466589273,0.9801892045124432,0.2384542780579063,0.09598193384577787
D100278,2026-01-25 16:15:51.351351351,Van,Warehouse C,Suburban,5.57,Medium,Normal,11,200,6.57,80.23,236.65,26.17,4.87,Yes,0.0627364823629928,0.2429704681118442,0.45611621199693053,0.07520055807464249,0.004747905104784067,-1.812573008152819,-1.3981758043145032,-0.1868486398020221,-0.9266839191404618,-0.986734022326514
D100279,2026-01-25 18:24:08.648648648,Van,Warehouse A,Suburban,3.0,Medium,Normal,4,200,50.12,63.68,127.15,20.31,4.65,Yes,0.0,0.11298303487276151,0.16638001746355144,0.047947913033368206,0.14168251921958275,-2.108392459058487,-2.0964645325768974,-1.7227938796149298,-1.037272027912448,-0.5073980470159182
D100280,2026-01-25 20:32:25.945945945,Van,Warehouse B,Urban,26.76,High,Normal,3,200,76.19,137.42,224.6,104.01,4.47,No,0.5800073233247894,0.6921536286522147,0.4242320006350381,0.43720497616556214,0.22365462920747714,0.6264986512600617,1.0148231303879922,-0.3558727506672783,0.5422885018171181,-0.22045685582539618
D100281,2026-01-25 22:40:43.243243243,Truck,Warehouse B,Urban,19.96,Medium,Normal,2,500,323.095,97.23,294.18,150.83,4.48,Yes,0.41401196143048946,0.3764923028589381,0.6083401688143305,0.6549470991745145,1.0,-0.15621429277049947,-0.6809003734709566,0.6201187542293622,1.4258610705380057,2.497119469870647
D100282,2026-01-26 00:49:00.540540540,Bike,Warehouse B,Suburban,43.965,Low,Rain,6,50,40.72,134.99,244.82,49.35,4.82,No,1.0,0.673067860508954,0.477733971899558,0.1830019765143588,0.11212602386529782,2.6068775045020915,0.9122949364497686,-0.07224888994566195,-0.48923812369086384,-0.6108597730301455
D100283,2026-01-26 02:57:17.837837837,Bike,Warehouse B,Suburban,9.01,High,Normal,8,50,22.92,99.1,193.72,19.08,4.55,No,0.14671060661540336,0.3911797046811184,0.3425237477839811,0.04222764794791302,0.05615734117314132,-1.4166123423491237,-0.6020000760781667,-0.7890233351916854,-1.0604842077400152,-0.806776658461342
D100284,2026-01-26 05:05:35.135135135,Bike,Warehouse A,Urban,24.16,High,Normal,6,50,26.22,114.15,188.82,28.89,4.16,Yes,0.5165385084828512,0.5093857995601634,0.32955838382769287,0.08785024997093362,0.06653355762730516,0.3272260550130822,0.0329996435803853,-0.8577551313111672,-0.87535291984698,-0.7704549886903898
D100285,2026-01-26 07:13:52.432432432,Van,Warehouse A,Urban,34.95,Medium,Normal,9,200,96.73,104.14,316.02,154.26,4.68,Yes,0.779934090076895,0.4307650015708451,0.6661286481623578,0.6708987327054993,0.2882387158646061,1.5692073294380462,-0.38934900716925624,0.9264661883619089,1.4905909703823592,0.0056180220822878895
D100286,2026-01-26 09:22:09.729729729,Bike,Warehouse B,Urban,23.36,Low,Normal,14,50,39.02,94.34,219.3,39.47,4.75,Yes,0.49700964237763945,0.3537935909519322,0.41020823962109376,0.13705383094988954,0.10678070023739526,0.23514217924478087,-0.8028371967143595,-0.43021530565365623,-0.6756904299480696,-0.6295709362454844
D100287,2026-01-26 11:30:27.027027027,Van,Warehouse A,Rural,34.21,Medium,Rain,5,200,11.65,124.26,331.19,134.18,4.76,Yes,0.761869888929574,0.5887920201068175,0.7062683565739686,0.5775142425299383,0.020720989828163564,1.4840297443523673,0.4595675615702827,1.1392542183889576,1.1116474167745973,-0.9308206640124421
D100288,2026-01-26 13:38:44.324324324,Van,Warehouse A,Urban,20.07,High,Normal,2,200,179.05,115.81,234.91,76.21,4.3,Yes,0.416697180519956,0.5224238140119385,0.4515121847961261,0.30791768399023367,0.5470781517757479,-0.14355275985235813,0.10303947976863737,-0.21125544087302187,0.01765549433226797,0.9116785843685853
D100289,2026-01-26 15:47:01.621621621,Bike,Warehouse A,Suburban,7.43,High,Normal,8,50,19.9,87.15,120.59,10.0,4.27,No,0.10814109605761014,0.29732170907948474,0.1490223057179901,0.0,0.046661530963573186,-1.5984779969915186,-1.106202511288777,-1.8148103250320318,-1.231839161263844,-0.8400164895850617
D100290,2026-01-26 17:55:18.918918918,Van,Warehouse A,Urban,30.84,Low,Rain,9,200,137.3,110.44,241.97,115.21,4.74,Yes,0.6796045404613694,0.48024662268300344,0.47019289286375765,0.48929194279734906,0.41580329209049316,1.096126417678398,-0.12353517103311847,-0.11222554687229919,0.7536514400843956,0.45215442893305424
D100291,2026-01-26 20:03:36.216216216,Bike,Warehouse A,Suburban,15.11,Low,Normal,14,50,27.44,94.91,229.4,30.57,4.75,Yes,0.2956182106676431,0.35827049952874646,0.4369327653269123,0.09566329496570165,0.07036961340732939,-0.7144727896158263,-0.7787873734448997,-0.28854364426452056,-0.8436484791068883,-0.7570269774417347
D100292,2026-01-26 22:11:53.513513513,Bike,Warehouse A,Urban,24.04,High,Normal,10,50,10.38,122.26,206.66,28.73,4.26,Yes,0.5136091785670694,0.5730835689601006,0.3767628925991584,0.08710615044762236,0.01672771864731869,0.31341347364783695,0.3751822167651596,-0.6075152858475847,-0.8783723903936553,-0.9447990035909601
D100293,2026-01-27 00:20:10.810810810,Truck,Warehouse B,Urban,7.5,Medium,Normal,4,500,124.34,80.63,292.57,54.82,4.58,No,0.10984987184181617,0.2461121583411875,0.6040801206572644,0.20844087896756192,0.37505306019777696,-1.5904206578617923,-1.381298735353479,0.5975354497901038,-0.3860099743763988,0.30950932583258756
D100294,2026-01-27 02:28:28.108108108,Bike,Warehouse B,Suburban,10.56,Medium,Rain,6,50,41.54,99.5,151.69,12.24,4.88,Yes,0.1845477846942512,0.3943213949104618,0.231312676950758,0.010417393326357396,0.11470435643875673,-1.2381998330480397,-0.5851230071171419,-1.3785738231308318,-1.1895665736103884,-0.6018343884203937
D100295,2026-01-27 04:36:45.405405405,Bike,Warehouse C,Urban,43.965,High,Normal,15,50,21.37,160.9,231.36,52.59,4.17,Yes,1.0,0.8765708451146719,0.44211891090942756,0.19806999186141144,0.05128366374770073,2.6068775045020915,2.0055070784001385,-0.26105092581672773,-0.42809384512068704,-0.8238368366870922
D100296,2026-01-27 06:45:02.702702702,Van,Warehouse A,Urban,17.22,Low,Normal,11,200,119.49,70.36,227.15,75.33,4.36,Yes,0.3471255950201391,0.16544926170279606,0.43097928187759627,0.3038251366120218,0.35980316631817244,-0.47160156727693164,-1.8146174809277862,-0.32010416289081317,0.0010484063255533829,0.2561274778358851
D100297,2026-01-27 08:53:20.000000000,Van,Warehouse A,Urban,31.63,Medium,Normal,10,200,53.2,133.71,293.99,121.37,4.88,Yes,0.698889295740266,0.6630144517750551,0.6078374302119439,0.517939774444832,0.15136698791013567,1.1870592449995954,0.8582883157744897,0.6174536437675864,0.8699010561313985,-0.47349782189636275
D100298,2026-01-27 11:01:37.297297297,Bike,Warehouse A,Urban,19.37,Low,Normal,8,50,14.9,94.53,174.46,28.78,4.61,Yes,0.3996094226778958,0.3552858938108703,0.2915619294578361,0.08733868154865713,0.030939990881506754,-0.22412615114962167,-0.7948205889578729,-1.05918137463275,-0.8774288058478193,-0.8950493225713528
D100299,2026-01-27 13:09:54.594594594,Van,Warehouse B,Urban,5.26,Medium,Normal,9,200,61.27,66.8,190.0,10.0,4.71,Yes,0.05516904674722321,0.13748821866163985,0.33268065514777856,0.0,0.17674155360259092,-1.8482555100130358,-1.9648233946809053,-0.8412033926538226,-1.231839161263844,-0.38467482945648884
D100300,2026-01-27 15:18:11.891891892,Bike,Warehouse B,Urban,27.14,High,Normal,12,50,35.52,120.91,254.02,54.31,4.41,Yes,0.589283534724765,0.5624803644360666,0.5020771042256501,0.20606906173700734,0.09577562217994876,0.6702384922500046,0.3182221090217011,0.05679856399295702,-0.39563453674392657,-0.6680939193358882
D100301,2026-01-27 17:26:29.189189189,Bike,Warehouse A,Semi-urban,15.28,Medium,Normal,5,50,20.45,91.97,203.91,31.46,4.48,Yes,0.2997680947150006,0.33517907634307254,0.36948641282777217,0.09980234856412044,0.04839090037260049,-0.6949049660150622,-0.9028338303084306,-0.646089253057498,-0.8268526741910065,-0.8339628779565698
D100302,2026-01-27 19:34:46.486486486,Van,Warehouse C,Suburban,25.59,High,Storm,12,200,38.46,174.82,299.28,91.2,3.81,No,0.5514463566459172,0.9859016650958217,0.6218347312994468,0.3776305080804558,0.10501988774820381,0.49182598294892077,2.592829078243795,0.6916559297822916,0.30054214117391925,-0.6357346135399491
D100303,2026-01-27 21:43:03.783783783,Van,Warehouse A,Suburban,20.2,Medium,Rain,6,200,59.73,88.58,272.12,73.86,4.9,Yes,0.41987062126205293,0.3085532516493873,0.5499695710845922,0.2969887222415998,0.17189931925731441,-0.12858913004000927,-1.0458669897531143,0.31068540272002204,-0.02669297932202679,-0.4016249420162666
D100304,2026-01-27 23:51:21.081081081,Van,Warehouse B,Urban,7.66,Medium,Normal,11,200,90.06,78.49,195.25,29.56,4.86,Yes,0.11375564506285853,0.2293041156142004,0.3465721165295159,0.09096616672479942,0.2672661813951294,-1.572003882708132,-1.4715910542949606,-0.7675621825258064,-0.8627088869327768,-0.06779577712142451
D100305,2026-01-28 01:59:38.378378378,Van,Warehouse B,Rural,33.31,Low,Rain,4,200,121.22,128.94,309.03,133.55,4.66,Yes,0.7398999145612108,0.625549795790135,0.6476331595798162,0.5745843506569003,0.3652428191865675,1.3804353841130286,0.6570292684142706,0.828418177162893,1.099758251497063,0.27516883804914183
D100306,2026-01-28 04:07:55.675675675,Truck,Warehouse C,Suburban,37.57,Medium,Normal,5,500,240.14,148.89,393.26,225.025,4.81,Yes,0.8438911265714634,0.7822415959786364,0.8705051199957662,0.9999999999999999,0.7391639284984356,1.8707820225792327,1.4987730828453734,2.009903725559617,2.8260461781041366,1.58406973779509
D100307,2026-01-28 06:16:12.972972973,Van,Warehouse B,Urban,23.94,Medium,Normal,7,200,174.65,110.26,232.62,86.6,4.83,Yes,0.511168070303918,0.478832862079799,0.4454528616410445,0.3562376467852575,0.5332431965035295,0.30190298917679953,-0.13112985206557923,-0.243377035386004,0.21373236295700146,0.863249691340649
D100308,2026-01-28 08:24:30.270270270,Bike,Warehouse C,Suburban,19.54,Low,Normal,9,50,32.39,116.89,173.09,32.47,4.82,Yes,0.40375930672525323,0.5309063776311655,0.2879369195353636,0.10449947680502265,0.08593393808857515,-0.20455832754885786,0.14860756596340377,-1.0783982237518706,-0.8077922663651181,-0.7025444727853065
D100309,2026-01-28 10:32:47.567567567,Van,Warehouse A,Urban,28.6,Medium,Rain,10,200,42.11,119.25,224.07,128.32,4.53,No,0.6249237153667765,0.5494423499842915,0.4228296245336437,0.550261597488664,0.11649661200811232,0.8382915655271546,0.24818227283344907,-0.36330700616591616,1.0010593080026107,-0.5955606454599566
D100310,2026-01-28 12:41:04.864864864,Bike,Warehouse C,Urban,21.69,Medium,Rain,11,50,36.46,104.71,237.45,32.97,4.95,Yes,0.4562431343830099,0.43524191014765934,0.4582330061122428,0.10682478781537029,0.09873127171537724,0.04291708857845211,-0.36529918389979643,-0.1756271220682294,-0.7983564209067575,-0.6577477467344656
D100311,2026-01-28 14:49:22.162162162,Van,Warehouse A,Suburban,21.68,Medium,Normal,13,200,125.47,128.04,243.8,84.39,4.63,Yes,0.45599902355669475,0.6184809927741124,0.47503505940253477,0.34595977211952095,0.37860612825632395,0.041766040131348166,0.6190558632519649,-0.08655632505624768,0.1720259260310477,0.3219467460874893
D100312,2026-01-28 16:57:39.459459459,Bike,Warehouse C,Rural,23.27,Medium,Storm,6,50,24.31,112.04,232.94,31.73,4.42,No,0.4948126449408031,0.4928133836003771,0.44629957928716946,0.10105801650970818,0.060527929315955784,0.224782743220847,-0.05602689518901959,-0.23888842829248694,-0.8217573176434917,-0.7914775308911529
D100313,2026-01-28 19:05:56.756756756,Bike,Warehouse B,Suburban,21.87,Medium,Normal,14,50,18.24,124.36,227.5,24.03,4.65,Yes,0.46063712925668254,0.5895774426641534,0.4319053793030454,0.06524822695035461,0.04144197965632712,0.06363596062631988,0.4637868288105387,-0.31519474888227883,-0.9670693377022451,-0.8582873901365105
D100314,2026-01-28 21:14:14.054054054,Truck,Warehouse C,Semi-urban,28.28,Low,Rain,6,500,288.13,117.61,329.9,192.58,4.73,Yes,0.6171121689246918,0.5365614200439837,0.7028550260630273,0.8491105685385419,0.8900592702061093,0.8014580152198341,0.17898629009324807,1.1211595210432161,2.2137541663111167,2.1122748687975124
D100315,2026-01-28 23:22:31.351351351,Truck,Warehouse B,Rural,25.31,Low,Storm,8,500,228.79,123.61,338.36,186.26,4.27,Yes,0.5446112535090931,0.5836867734841344,0.7252401238324556,0.8197186373677477,0.7034760325121449,0.4595966264300152,0.4321423245086175,1.239827071078077,2.094485079717438,1.4591452069162092
D100316,2026-01-29 01:30:48.648648648,Van,Warehouse B,Urban,31.4,Medium,Normal,11,200,6.89,130.03,311.65,109.03,4.67,Yes,0.6932747467350177,0.6341109016650959,0.6545656603074641,0.4605510987094524,0.005754083670036315,1.1605851307162087,0.7030192813330628,0.865168647741065,0.6370243902190585,-0.9832119210153913
D100317,2026-01-29 03:39:05.945945946,Van,Warehouse B,Urban,19.27,Medium,Rain,4,200,127.68,96.65,173.94,77.64,4.73,Yes,0.39716831441474426,0.37193685202639026,0.29018601328288296,0.3145680734798279,0.3855550489725973,-0.2356366356206595,-0.7053721234644421,-1.0664753611597158,0.044642012343179445,0.34627125826743005
D100318,2026-01-29 05:47:23.243243243,Bike,Warehouse B,Suburban,12.9,Low,Normal,3,50,36.76,72.12,153.93,19.57,4.88,Yes,0.2416697180519956,0.17927269871190699,0.23723970047363266,0.04450645273805372,0.09967456412030122,-0.9688544964257585,-1.7403583774992775,-1.3471535734762112,-1.0512370791908219,-0.654445776755288
D100319,2026-01-29 07:55:40.540540540,Bike,Warehouse A,Suburban,27.98,High,Normal,14,50,44.57,147.13,219.61,42.92,4.52,Yes,0.6097888441352374,0.7684181589695256,0.4110284973407773,0.1530984769212882,0.12423160972848898,0.7669265618067209,1.4245139794168655,-0.42586696753181147,-0.6105830962853813,-0.5684844916307012
D100320,2026-01-29 10:03:57.837837837,Bike,Warehouse A,Suburban,17.71,High,Normal,7,50,32.17,111.76,160.91,32.38,4.52,Yes,0.3590870255095813,0.4906142004398367,0.25570872912973297,0.1040809208231601,0.08524219032496423,-0.4152001933688469,-0.06784084346173688,-1.2492458312488681,-0.8094907185476229,-0.7049659174367033
D100321,2026-01-29 12:12:15.135135135,Van,Warehouse A,Rural,38.08,Medium,Normal,5,200,142.25,132.81,309.9,152.81,4.83,No,0.8563407787135359,0.6559456487590325,0.6499351731802183,0.6641553307754912,0.4313676167717389,1.9294854933815246,0.8203149106121841,0.840621577698393,1.4632270185531135,0.5066369335894824
D100322,2026-01-29 14:20:32.432432432,Van,Warehouse A,Semi-urban,17.67,Low,Storm,2,200,107.19,110.88,215.9,67.05,4.68,Yes,0.3581105822043208,0.4837024819352812,0.4012118646310162,0.265317986280665,0.32112817771628904,-0.41980438715726187,-0.10497039517599147,-0.4779067560222763,-0.15520919446489834,0.12074670868960888
D100323,2026-01-29 16:28:49.729729729,Van,Warehouse C,Suburban,19.52,High,Normal,2,200,19.43,128.64,231.93,72.83,4.31,No,0.40327108507262294,0.6231935281181276,0.44362712671658766,0.29219858156028367,0.045183706195858944,-0.20686042444306535,0.6443714666935016,-0.2530555944314004,-0.04613082096624967,-0.845189575885773
D100324,2026-01-29 18:37:07.027027027,Bike,Warehouse A,Urban,23.95,Medium,Normal,11,50,9.31,116.74,192.93,46.31,4.68,Yes,0.5114121811302331,0.5297282437951618,0.34043341359511015,0.16886408557144517,0.013363309069756475,0.30305403762390304,0.14227866510301931,-0.8001045839538059,-0.5466080640776964,-0.9565760298500264
D100325,2026-01-29 20:45:24.324324324,Truck,Warehouse C,Semi-urban,22.33,High,Rain,6,500,296.45,141.86,336.07,164.64,4.32,No,0.4718662272671792,0.7270263901979266,0.7191808006773739,0.7191721892803161,0.9162199129026679,0.11658418919309281,1.2021585958553667,1.2077054765650945,1.6864791220979254,2.203849502886701
D100326,2026-01-29 22:53:41.621621621,Van,Warehouse A,Rural,16.04,High,Normal,8,200,88.77,129.42,254.69,87.18,4.04,Yes,0.3183205175149518,0.629319824065347,0.5038499192972242,0.3589350075572608,0.26321002405395627,-0.607425284035176,0.6772817511674997,0.06619658509500842,0.2246779436887,-0.08199424803188769
D100327,2026-01-30 01:01:58.918918919,Van,Warehouse A,Semi-urban,11.03,High,Normal,1,200,35.16,80.22,163.62,41.87,4.13,Yes,0.19602099353106306,0.24289192585611052,0.2628793691953536,0.14821532379955815,0.09464367129403994,-1.1841005560341629,-1.3985977310385291,-1.2112329399256445,-0.6303983717479387,-0.6720562833109013
D100328,2026-01-30 03:10:16.216216216,Van,Warehouse C,Urban,27.44,Medium,Storm,15,200,136.66,161.91,317.6,104.65,4.62,No,0.5966068595142194,0.8845036129437638,0.6703093165401,0.4401813742588071,0.4137909349599886,0.7047699456631177,2.0481216775267255,0.9486286858861506,0.5543663840038197,0.4451102263108088
D100329,2026-01-30 05:18:33.513513513,Van,Warehouse B,Suburban,18.94,Low,Normal,11,200,164.53,97.04,258.61,79.39,4.77,Yes,0.38911265714634446,0.375,0.5142222104622548,0.32270666201604464,0.501422799377427,-0.27362123437508357,-0.6889169812274432,0.12118202199059402,0.07766747144744159,0.7518632373763957
D100330,2026-01-30 07:26:50.810810810,Bike,Warehouse B,Urban,15.81,Medium,Rain,6,50,27.45,116.91,198.93,27.15,4.66,Yes,0.3127059685097034,0.5310634621426327,0.35630936945995284,0.07975816765492384,0.07040105648749351,-0.6338993983185625,0.14945141941145484,-0.7159432009503589,-0.908189662042075,-0.7569169117757621
D100331,2026-01-30 09:35:08.108108108,Bike,Warehouse B,Urban,9.13,Medium,Normal,12,50,24.01,104.51,156.7,18.79,4.44,Yes,0.14963993653118518,0.4336710650329878,0.24456910009790164,0.040878967561911395,0.0595846369110318,-1.4027997609838783,-0.3737377183803083,-1.3082990683229536,-1.0659569981058643,-0.7947795008703304
D100332,2026-01-30 11:43:25.405405405,Van,Warehouse B,Urban,11.36,Medium,Normal,2,200,138.69,89.11,142.96,52.22,4.7,Yes,0.2040766507994629,0.3127159912032673,0.20821316116741193,0.19634926171375422,0.4201738802333076,-1.1461159572797386,-1.0235048733797567,-1.5010286354008469,-0.435076370759874,0.46745355650324305
D100333,2026-01-30 13:51:42.702702702,Bike,Warehouse A,Suburban,3.83,Low,Normal,2,50,10.34,63.83,71.89,10.76,4.51,Yes,0.020261198584157203,0.11416116870876525,0.020162463948350223,0.0035344727357283987,0.01660194632666216,-2.012855437948874,-2.0901356317165134,-2.4979202170766763,-1.2174966761671357,-0.9452392662548504
D100334,2026-01-30 16:00:00.000000000,Bike,Warehouse C,Semi-urban,19.19,Low,Normal,7,50,17.42,59.63,190.32,37.39,4.76,Yes,0.39521542780422314,0.08117342130065974,0.33352737279390354,0.1273805371468434,0.03886364708286824,-0.24484502319748944,-2.2673448558072717,-0.8367147855603055,-0.7149435470548496,-0.8673127747462621
D100335,2026-01-30 18:08:17.297297297,Bike,Warehouse C,Urban,15.21,High,Normal,10,50,29.63,119.87,442.20000000000005,32.48,4.37,Yes,0.29805931893079457,0.5543119698397738,0.9999999999999999,0.10454598302522959,0.07725564796327447,-0.7029623051447884,0.27434172972303744,2.6963800729244003,-0.8076035494559509,-0.7329225965937393
D100336,2026-01-30 20:16:34.594594594,Bike,Warehouse B,Suburban,12.27,Medium,Normal,1,50,32.64,89.67,112.92,28.21,4.73,Yes,0.22629073599414135,0.31711435752434813,0.12872754213743284,0.08468782699686082,0.08672001509267847,-1.0413705485932958,-0.9998769768343221,-1.9223966263047718,-0.8881856696703505,-0.699792831135992
D100337,2026-01-30 22:24:51.891891892,Truck,Warehouse A,Suburban,19.46,High,Normal,6,500,213.16,105.2,333.62,118.13,4.19,Yes,0.4018064201147321,0.4390904806786051,0.7126981186992298,0.5028717590977793,0.6543304982156052,-0.2137667151256878,-0.34462477442254086,1.1733395785053538,0.8087567775612216,1.2871125710010631
D100338,2026-01-31 00:33:09.189189189,Van,Warehouse B,Suburban,22.91,High,Rain,14,200,140.49,146.91,267.06,93.5,4.54,No,0.48602465519345783,0.7666902293433868,0.5365808483052416,0.38832693872805485,0.42583363466285157,0.18334499912511146,1.415231591488302,0.2397093030537817,0.343947030282378,0.48726537637830797
D100339,2026-01-31 02:41:26.486486486,Van,Warehouse A,Urban,36.75,Medium,Normal,7,200,119.84,128.57,317.52,139.61,4.73,Yes,0.8238740388136213,0.6226437323279925,0.6700976371285685,0.6027671201023137,0.3609036741239171,1.776396049916724,0.6414179796253227,0.9475065341127706,1.2141206984523938,0.2599797761449255
D100340,2026-01-31 04:49:43.783783783,Bike,Warehouse A,Suburban,7.9,Medium,Normal,14,50,21.11,102.08,191.29,20.29,4.56,Yes,0.11961430489442205,0.4145852968897267,0.33609398565871973,0.0478549005929543,0.05046614366343327,-1.5443787199776415,-0.47626591231853316,-0.8231086953080816,-1.0376494617307825,-0.8266985440023793
D100341,2026-01-31 06:58:01.081081081,Van,Warehouse A,Semi-urban,29.28,High,Normal,8,200,105.03,131.0,294.35,98.86,4.44,Yes,0.6415232515562065,0.6417295004712535,0.6087899875638345,0.41325427275898147,0.31433647240083634,0.9165628599302107,0.7439461735635475,0.6225033267477934,0.4450992935960037,0.09697252483953114
D100342,2026-01-31 09:06:18.378378378,Van,Warehouse B,Urban,27.78,Medium,Normal,7,200,13.12,113.13,232.99,122.87,4.71,Yes,0.6049066276089344,0.5013744894753377,0.4464318789193765,0.5249157074758748,0.0253431226122911,0.7439055928646457,-0.010036882270227934,-0.2381870834341247,0.8982085925064803,-0.9146410111144725
D100343,2026-01-31 11:14:35.675675675,Bike,Warehouse C,Urban,13.77,Medium,Rain,6,50,33.35,96.9,159.81,13.74,4.98,Yes,0.2629073599414134,0.3739004084197298,0.2527981372211785,0.017393326357400304,0.08895247378433191,-0.8687132815277309,-0.6948239553638018,-1.2646754181328332,-1.1612590372353064,-0.6919781688519386
D100344,2026-01-31 13:22:52.972972973,Van,Warehouse B,Suburban,21.63,Low,Rain,9,200,114.57,134.25,259.78,77.77,4.62,Yes,0.4547784694251189,0.6672557335846685,0.517318021855899,0.3151726543425183,0.3443331708774191,0.036010797895829255,0.8810723588718726,0.1375934916762656,0.047095332162353114,0.20197517017737454
D100345,2026-01-31 15:31:10.270270270,Van,Warehouse B,Rural,28.34,Medium,Normal,13,200,160.96,141.23,294.5,116.21,4.51,Yes,0.6185768338825827,0.7220782280867106,0.6091868864604555,0.4939425648180444,0.4901976197588315,0.8083643059024564,1.1755772122417518,0.6246073613228793,0.7725231310011168,0.7125697946241839
D100346,2026-01-31 17:39:27.567567567,Van,Warehouse B,Semi-urban,21.49,Medium,Normal,3,200,93.49,118.61,233.09,82.97,4.74,No,0.45136091785670684,0.5444156456173421,0.44669647818379055,0.3393558888501337,0.278051157891427,0.019896119636376462,0.22117896249580962,-0.23678439371740068,0.1452281249293035,-0.030043253692828866
D100347,2026-01-31 19:47:44.864864864,Van,Warehouse A,Semi-urban,32.07,Low,Rain,11,200,18.5,117.51,316.63,142.52,4.85,Yes,0.7096301720981325,0.5357759974866478,0.6677427036752835,0.6163004301825369,0.04225949974059459,1.2377053766721613,0.17476702285299214,0.9350225956339262,1.2690373190200523,-0.8554256828212233
D100348,2026-01-31 21:56:02.162162162,Bike,Warehouse A,Suburban,24.84,Low,Normal,6,50,14.66,90.99,202.06,48.16,5.0,Yes,0.5331380446722812,0.3274819352811812,0.36459132643611236,0.1774677363097314,0.03018535695756756,0.4054973494161383,-0.9441826492629412,-0.672039012816894,-0.5116954358817623,-0.897690898554695
D100349,2026-02-01 00:04:19.459459459,Bike,Warehouse C,Suburban,24.07,Medium,Rain,4,50,31.89,132.53,165.99,32.02,5.0,Yes,0.5143415110460149,0.6537464655984919,0.26915037176196643,0.10240669689570982,0.08436178408036851,0.31686661898914836,0.8085009623394668,-1.1779891936392828,-0.8162845272776426,-0.7080477560839357
D100350,2026-02-01 02:12:36.756756756,Van,Warehouse A,Urban,16.56,Low,Normal,2,200,46.87,63.52,198.89,74.58,4.47,Yes,0.33101428048333936,0.11172635878102416,0.3562035297541871,0.3003371700965004,0.13146351816623955,-0.5475707647857803,-2.103215360161307,-0.7165042768370488,-0.013105361861987533,-0.5431693884570074
D100351,2026-02-01 04:20:54.054054054,Van,Warehouse C,Suburban,8.13,Low,Rain,1,200,54.09,66.04,205.82,28.16,4.68,Yes,0.12522885389967048,0.1315190072258875,0.3745402587780805,0.08445529589582605,0.1541654220447435,-1.517904605694255,-1.9968898257068517,-0.6192978794680675,-0.8891292542161866,-0.4637019776248029
D100352,2026-02-01 06:29:11.351351351,Truck,Warehouse B,Rural,30.33,Medium,Normal,12,500,317.12,154.21,397.58,207.88,4.31,Yes,0.6671548883192969,0.8240260760289038,0.8819358082184529,0.9202650854551795,0.9812127596019306,1.0374229468761058,1.7232381000270018,2.0704999213220985,2.502491037336951,2.431355234452029
D100353,2026-02-01 08:37:28.648648648,Van,Warehouse B,Suburban,29.65,High,Normal,12,200,107.26,137.67,330.71,124.31,4.31,Yes,0.6505553521298669,0.6941171850455545,0.704998280104781,0.531612603185676,0.321348279277438,0.9591516524730497,1.0253712984886327,1.1325213077486815,0.9253838274265588,0.12151716835141704
D100354,2026-02-01 10:45:45.945945946,Bike,Warehouse B,Rural,19.78,Medium,Storm,14,50,24.98,122.35,242.18,41.32,4.77,Yes,0.4096179665568168,0.5737904492617028,0.47074855131902726,0.14565748168817577,0.0626346156869527,-0.17693316481836724,0.3789795572813897,-0.10927989846717844,-0.6407778017521353,-0.78410313127099
D100355,2026-02-01 12:54:03.243243243,Bike,Warehouse B,Semi-urban,11.56,Low,Normal,1,50,39.8,70.09,103.53,13.81,4.58,Yes,0.2089588673257659,0.16332862079798927,0.103881671208954,0.017718869898848966,0.1092332604901976,-1.123094988337663,-1.8260095024764775,-2.0541091907051663,-1.159938018871136,-0.6209858142996231
D100356,2026-02-01 15:02:20.540540540,Van,Warehouse C,Urban,21.01,Low,Normal,11,200,132.91,85.72,255.83,81.12,4.7,Yes,0.4396435981935799,0.2860901665095821,0.5068663509115443,0.33075223811184745,0.40199977989843877,-0.035354205824603954,-1.1665380328244404,0.08218724786566356,0.11031549673336936,0.4038356015710905
D100357,2026-02-01 17:10:37.837837837,Bike,Warehouse C,Rural,24.12,Medium,Normal,10,50,32.12,130.61,220.88,38.59,4.61,No,0.5155620651775906,0.6386663524976439,0.41438890799883565,0.1329612835716777,0.08508497492414356,0.3226218612246673,0.727491031326549,-0.4080528081294154,-0.6922975179547841,-0.7055162457665661
D100358,2026-02-01 19:18:55.135135135,Van,Warehouse B,Urban,13.66,Medium,Normal,3,200,133.99,77.87,208.75,47.49,4.55,Yes,0.2602221408519468,0.2244344957587182,0.382293017225412,0.1743518195558656,0.4053956325561652,-0.8813748144458723,-1.4977505111845484,-0.5781990707680507,-0.5243394687959653,0.4157226934961295
D100359,2026-02-01 21:27:12.432432432,Truck,Warehouse A,Suburban,16.61,High,Normal,4,500,120.04,98.27,369.26,128.79,4.62,Yes,0.33223483461491515,0.3846606974552309,0.8070012965363954,0.5524473898383908,0.3615325357271998,-0.5418155225502613,-0.6370199941722928,1.6732581935458286,1.0099290027334697,0.2621810894643772
D100360,2026-02-01 23:35:29.729729729,Van,Warehouse B,Urban,9.08,Medium,Normal,2,200,156.29,76.45,169.5,29.09,4.47,Yes,0.1484193823996094,0.2132814954445491,0.27843780594289946,0.08878037437507265,0.4755137013221814,-1.4085550032193972,-1.557664105996186,-1.1287547845822665,-0.8715785816636358,0.6611691286149878
D100361,2026-02-02 01:43:47.027027027,Van,Warehouse C,Urban,12.21,High,Normal,13,200,92.42,109.88,205.51,43.77,4.34,No,0.22482607103625046,0.47584825636192263,0.373720001058397,0.1570515056388792,0.2746867483138648,-1.0482768392759183,-0.14716306757855305,-0.6236462175899122,-0.5945421590061682,-0.04182027995189509
D100362,2026-02-02 03:52:04.324324324,Van,Warehouse A,Suburban,25.63,Low,Normal,12,200,81.74,116.78,246.28,116.66,4.71,Yes,0.5524227999511778,0.5300424128180962,0.4815971211600031,0.4960353447273573,0.2411055386985709,0.49643017673733575,0.14396637199912204,-0.051769620081489734,0.7810153919136413,-0.15937041121061304
D100363,2026-02-02 06:00:21.621621621,Van,Warehouse B,Urban,9.54,Medium,Rain,11,200,111.93,105.8,204.52,39.88,4.7,No,0.15964848041010615,0.4438030160226202,0.3711004683406979,0.13896058597837463,0.33603219771408804,-1.3556067746526241,-0.31930917098100414,-0.6375328457854806,-0.6679530366722138,0.17291783436061298
D100364,2026-02-02 08:08:38.918918919,Van,Warehouse B,Suburban,7.22,Low,Normal,11,200,114.23,73.77,177.12,44.43,4.65,Yes,0.10301476870499206,0.19223217090794842,0.29860026989124966,0.16012091617253804,0.3432641061518386,-1.622650014380698,-1.6707404680350513,-1.0218698281678886,-0.5820868430011323,0.19823293753430687
D100365,2026-02-02 10:16:56.216216216,Truck,Warehouse B,Suburban,14.96,High,Normal,14,500,277.91,109.31,366.78,102.97,4.59,No,0.2919565482729159,0.47137134778510836,0.800439234778927,0.43236832926403906,0.8579244422783656,-0.7317385163223826,-0.17121289084801283,1.6384714885710703,0.522661943263728,1.9997877581735337
D100366,2026-02-02 12:25:13.513513513,Van,Warehouse A,Urban,25.86,Medium,Normal,11,200,137.34,130.53,297.74,123.6,4.38,Yes,0.5580373489564262,0.638038014451775,0.6177599026274706,0.5283106615509824,0.4159290644111497,0.5229042910207224,0.7241156175343436,0.6700545081447408,0.9119849268756866,0.4525946915969445
D100367,2026-02-02 14:33:30.810810810,Truck,Warehouse B,Urban,18.42,Medium,Normal,1,500,128.86,86.41,298.71,133.87,4.77,Yes,0.3764188941779568,0.2915095821551994,0.6203265154922867,0.5760725497035227,0.38926533243196504,-0.3334757536244794,-1.137425088866673,0.6836605983969642,1.1057971925904138,0.35925900685219486
D100368,2026-02-02 16:41:48.108108108,Truck,Warehouse C,Suburban,16.28,Low,Normal,4,500,178.38,74.87,324.81,107.94,4.77,Yes,0.32417917734651536,0.20087181903864282,0.6893869235043525,0.45548192070689447,0.544971465404751,-0.5798001213046854,-1.6243285283922333,1.049762614461959,0.6164542471198323,0.9043041847484221
D100369,2026-02-02 18:50:05.405405405,Bike,Warehouse A,Urban,20.35,Low,Normal,15,50,31.03,113.2,232.09,24.38,4.74,Yes,0.4235322836567802,0.5019242852654728,0.4440504855396501,0.06687594465759794,0.08165767918625308,-0.11132340333345254,-0.007083395202048313,-0.2508112908846418,-0.9604642458813928,-0.7175134033575777
D100370,2026-02-02 20:58:22.702702702,Bike,Warehouse A,Semi-urban,6.03,Medium,Normal,7,50,12.96,58.27,177.02,10.0,4.58,No,0.07396558037348956,0.07049167452089222,0.29833567062683564,0.0,0.024840033329664977,-1.7596247795860458,-2.3247268902747553,-1.0232725178846127,-1.231839161263844,-0.9164020617700338
D100371,2026-02-02 23:06:40.000000000,Bike,Warehouse C,Semi-urban,23.96,Low,Normal,10,50,14.61,111.83,236.29,25.16,4.88,Yes,0.5116562919565483,0.49116399622997176,0.45516365464503994,0.07050342983374025,0.030028141556746896,0.304205086071007,-0.06488735639355786,-0.1918983227822291,-0.9457443269663502,-0.8982412268845578
D100372,2026-02-03 01:14:57.297297297,Bike,Warehouse A,Semi-urban,23.07,Medium,Normal,11,50,31.37,119.6,244.28,29.33,4.87,Yes,0.4899304284145002,0.552191328934967,0.4763051358717222,0.08989652366003952,0.0827267439118336,0.20176177427877173,0.2629497081743454,-0.07982341441597206,-0.8670493758436227,-0.7137711707145099
D100373,2026-02-03 03:23:14.594594594,Bike,Warehouse C,Semi-urban,16.73,Low,Normal,6,50,41.39,98.68,134.06,17.16,4.57,No,0.3351641645306969,0.387880929940308,0.1846638266345619,0.033298453668178116,0.11423271023629475,-0.528002941185016,-0.6197209984872422,-1.6258680201892934,-1.09671785430012,-0.6034853734099824
D100374,2026-02-03 05:31:31.891891891,Van,Warehouse B,Suburban,28.05,Medium,Normal,6,200,173.33,115.1,238.53,91.58,4.52,Yes,0.6114976199194434,0.5168473138548538,0.4610906781679146,0.3793977444483199,0.529092709921864,0.7749839009364473,0.07308268236281831,-0.16047807312760876,0.3077133837222732,0.8487210234322682
D100375,2026-02-03 07:39:49.189189189,Bike,Warehouse A,Semi-urban,10.98,High,Normal,11,50,12.92,121.71,183.09,23.2,4.14,No,0.19480043939948738,0.5687637448947533,0.3143968459767681,0.061388210673177526,0.024714261009008438,-1.1898557982696816,0.35197624694375024,-0.938129252079459,-0.9827328411631238,-0.9168423244339242
D100376,2026-02-03 09:48:06.486486486,Bike,Warehouse C,Urban,29.02,High,Normal,9,50,10.36,146.84,198.15,49.73,4.38,Yes,0.6351763700720127,0.7661404335532518,0.35424549519752324,0.18476921288222298,0.01666483248699042,0.8866356003055126,1.412278104420123,-0.726884180740807,-0.4820668811425099,-0.9450191349229052
D100377,2026-02-03 11:56:23.783783783,Truck,Warehouse B,Urban,21.24,High,Normal,14,500,83.17,133.21,363.6,151.15,4.36,No,0.44525814719882817,0.6590873389883758,0.7920249781705605,0.656435298221137,0.24560189916204192,-0.008880091541217692,0.8371919795732089,1.5938659555792443,1.4319000116313565,-0.1436310209765337
D100378,2026-02-03 14:04:41.081081081,Bike,Warehouse B,Semi-urban,17.31,Low,Rain,15,50,39.73,130.29,247.19,16.89,4.65,Yes,0.34932259245697544,0.6361530003141689,0.48400497446617086,0.032042785722590394,0.10901315892904867,-0.4612421312529978,0.7139893761577285,-0.03900514365930032,-1.1018132108476346,-0.6217562739614312
D100379,2026-02-03 16:12:58.378378378,Truck,Warehouse A,Suburban,19.84,Low,Normal,2,500,150.85,88.63,297.18,152.05,5.0,Yes,0.41108263151470764,0.3089459629280552,0.6162781467467519,0.6606208580397628,0.4584086657128931,-0.1700268741357448,-1.0437573561329865,0.6621994457310857,1.4488845334564056,0.6012934063259031
D100380,2026-02-03 18:21:15.675675675,Bike,Warehouse B,Semi-urban,19.14,Medium,Normal,4,50,5.07,94.1,140.14,27.28,4.63,Yes,0.39399487367264735,0.3519085768143261,0.20075146191093582,0.08036274851761423,3.14430801641348e-05,-0.25060026543300834,-0.8129634380909746,-1.5405844854124673,-0.9057363422229012,-1.0032438722224013
D100381,2026-02-03 20:29:32.972972973,Bike,Warehouse A,Semi-urban,29.76,Medium,Normal,5,50,13.95,123.26,236.68,37.97,4.73,Yes,0.6532405712193335,0.5809377945334591,0.4561955917762548,0.1300778979188466,0.027952898265914124,0.9718131853911914,0.4173748891677212,-0.18642783288700485,-0.7039979663231514,-0.9055055608387482
D100382,2026-02-03 22:37:50.270270270,Van,Warehouse A,Semi-urban,11.39,Medium,Normal,1,200,89.96,73.89,224.68,47.42,4.67,Yes,0.2048089832784084,0.19317467797675147,0.4244436800465694,0.17402627601441695,0.2669517505934881,-1.1426628119384272,-1.6656773473467437,-0.3547505988938988,-0.5256604871601358,-0.06889643378115043
D100383,2026-02-04 00:46:07.567567567,Van,Warehouse C,Rural,25.9,Low,Normal,8,200,88.65,112.54,248.56,105.0,4.99,Yes,0.5590137922616867,0.4967404963870563,0.48762998438864325,0.44180909196605045,0.2628327070919867,0.5275084848091374,-0.03493055898773881,-0.019788294540179857,0.560971475824672,-0.08331503602355857
D100384,2026-02-04 02:54:24.864864864,Truck,Warehouse A,Suburban,28.29,Low,Normal,8,500,323.095,126.79,409.42,178.01,4.4,No,0.6173562797510069,0.6086632108074145,0.9132643611250758,0.7813510056970119,1.0,0.8026090636669375,0.5663150227487636,2.236578383782234,1.938793629654488,2.497119469870647
D100385,2026-02-04 05:02:42.162162162,Van,Warehouse B,Urban,15.24,Low,Rain,6,200,35.76,94.4,190.68,60.71,4.65,No,0.29879165140974,0.35426484448633366,0.33447993014579414,0.23583304266945704,0.09653025610388792,-0.6995091598034772,-0.8003056363702057,-0.8316651025800985,-0.2748557148769108,-0.6654523433525463
D100386,2026-02-04 07:10:59.459459459,Truck,Warehouse A,Suburban,27.2,High,Normal,12,500,195.01,143.3,391.43,191.36,4.44,No,0.5907481996826559,0.7383364750235628,0.8656629534569892,0.8434368096732937,0.597261307717704,0.677144782932627,1.2629160441150553,1.9842345037435656,2.190730703392717,1.0873433872608262
D100387,2026-02-04 09:19:16.756756756,Bike,Warehouse C,Suburban,33.6,Low,Storm,5,50,18.21,152.68,234.39,47.37,4.17,No,0.74697912852435,0.8120091109016652,0.45013626862117306,0.17379374491338212,0.04134765041583474,1.4138157890790377,1.6586833112510826,-0.2185494273999874,-0.5266040717059719,-0.858617587134428
D100388,2026-02-04 11:27:34.054054054,Bike,Warehouse A,Suburban,16.79,Medium,Normal,8,50,5.79,112.45,160.97,14.61,4.5,Yes,0.3366288294885878,0.49603361608545404,0.2558674886883814,0.021439367515405178,0.0022953448519817017,-0.5210966505023936,-0.03872789950396949,-1.2484042174188337,-1.144840666137759,-0.9953191442723753
D100389,2026-02-04 13:35:51.351351351,Van,Warehouse C,Semi-urban,25.45,Low,Normal,3,200,24.78,95.87,263.77,91.46,4.73,No,0.5480288050775052,0.36581055607917057,0.5278755325060195,0.3788396698058365,0.06200575408367004,0.475711304689468,-0.7382824079384402,0.193560811373558,0.30544878081226656,-0.7863044445904416
D100390,2026-02-04 15:44:08.648648648,Truck,Warehouse B,Semi-urban,10.77,Medium,Normal,3,500,285.2,82.76,241.74,79.5,4.46,No,0.18967411204686924,0.26284165881244115,0.46958431455560545,0.3232182304383211,0.8808464477180183,-1.2140278156588609,-1.2914283431360223,-0.11545173322076452,0.0797433574482809,2.080025628667546
D100391,2026-02-04 17:52:25.945945946,Truck,Warehouse A,Suburban,26.04,Medium,Normal,2,500,323.095,118.1,344.24,188.37,4.8,Yes,0.5624313438300989,0.5404099905749292,0.7407985605800014,0.8295314498314149,1.0,0.5436231630685902,0.199660699570503,1.322305226421455,2.13430434755172,2.497119469870647
D100392,2026-02-04 20:00:43.243243243,Van,Warehouse A,Urban,21.6,High,Normal,5,200,146.71,124.0,262.57,82.82,4.29,No,0.4540461369461736,0.5867499214577443,0.5247003413330509,0.33865829554702936,0.44539123052494217,0.032557652554518236,0.4485974667456165,0.17672853477286876,0.14239737129179522,0.5557262206132542
D100393,2026-02-04 22:09:00.540540540,Bike,Warehouse A,Suburban,23.78,High,Normal,3,50,19.03,103.44,204.68,38.73,4.26,No,0.5072622970828756,0.4252670436694942,0.3715238271637604,0.13361237065457504,0.043925982989293635,0.2834862140231392,-0.41888387785104947,-0.6352885422387221,-0.6896554812264433,-0.8495922025246764
D100394,2026-02-05 00:17:17.837837837,Van,Warehouse B,Urban,14.84,Medium,Normal,3,200,51.03,99.01,209.61,55.7,4.86,Yes,0.28902721835713413,0.39047282437951625,0.3845685708993728,0.21253342634577377,0.14454383951451882,-0.745551097687628,-0.6057974165943969,-0.5661359392042231,-0.3694028863696841,-0.49738207141241314
D100395,2026-02-05 02:25:35.135135135,Bike,Warehouse A,Rural,18.71,High,Storm,15,50,28.3,160.15,263.21,21.24,3.7,Yes,0.3834981081410961,0.870680175934653,0.5263937766253007,0.0522729915126148,0.07307371830144481,-0.30009534865847026,1.9738625740982174,0.1857057489599029,-1.0197213553598974,-0.7475613301680927
D100396,2026-02-05 04:33:52.432432432,Truck,Warehouse C,Urban,24.03,High,Rain,6,500,136.63,143.0,345.44,169.93,4.12,Yes,0.5133650677407543,0.7359802073515551,0.7439737517529699,0.7437739797697941,0.4136966057194962,0.3122624252007334,1.2502582423942863,1.3391375030221442,1.786310367047381,0.44478002931289107
D100397,2026-02-05 06:42:09.729729729,Truck,Warehouse B,Urban,3.49,High,Normal,8,500,267.07,77.06,236.54,15.24,4.21,No,0.011961430489442204,0.21807257304429783,0.45582515280607505,0.0243692593884432,0.8238401433804455,-2.051991085150403,-1.5319265758306235,-0.1883915984904188,-1.1329515008602247,1.8804765762592544
D100398,2026-02-05 08:50:27.027027027,Van,Warehouse A,Urban,17.46,High,Normal,2,200,133.5,109.44,206.71,84.99,4.66,No,0.35298425485170265,0.472392397109645,0.3768951922313655,0.3487501453319381,0.40385492162812264,-0.44397640454644105,-0.16572784343568003,-0.6068139409892226,0.1833489405810803,0.41032947586347285
D100399,2026-02-05 10:58:44.324324324,Van,Warehouse B,Suburban,27.53,Low,Normal,4,200,116.29,114.49,252.48,98.62,4.55,Yes,0.5988038569510558,0.5120562362551052,0.4980022755536738,0.41213812347401463,0.34974138066564997,0.7151293816870515,0.047345152197255776,0.03519714235540534,0.4405700877759907,0.22090646472465886
D100400,2026-02-05 13:07:01.621621621,Van,Warehouse B,Suburban,21.54,Medium,Normal,11,200,158.12,105.77,212.57,88.43,4.75,Yes,0.4525814719882826,0.4435673892554194,0.39240070912602854,0.3647482850831299,0.4812677849922178,0.025651361871895376,-0.32057495115308104,-0.5246163235891895,0.2482675573346015,0.6813111454879704
D100401,2026-02-05 15:15:18.918918919,Bike,Warehouse A,Urban,35.59,Low,Normal,7,50,9.44,120.47,226.35,54.59,4.83,Yes,0.7955571829610644,0.5590245051837889,0.42886248776228386,0.207371235902802,0.0137720691118902,1.6428744300526874,0.2996573331645741,-0.33132568062460627,-0.3903504632872446,-0.9551451761923828
D100402,2026-02-05 17:23:36.216216216,Truck,Warehouse A,Urban,28.2,Low,Normal,1,500,269.52,113.2,312.12,197.89,4.56,Yes,0.6151592823141706,0.5019242852654728,0.6558092768502102,0.8738053714684337,0.831543698020658,0.7922496276430037,-0.007083395202048313,0.8717612894096687,2.313962845078906,1.9074426644225368
D100403,2026-02-05 19:31:53.513513513,Van,Warehouse A,Suburban,14.77,High,Normal,1,200,56.34,94.37,166.67,70.95,4.21,Yes,0.2873184425729281,0.35402921771913287,0.2709496467599819,0.2834554121613766,0.1612401150816734,-0.7536084368173543,-0.8015714165422826,-1.1684509035655593,-0.08160959988968547,-0.4389372027809719
D100404,2026-02-05 21:40:10.810810810,Truck,Warehouse B,Urban,20.22,Medium,Normal,12,500,139.93,111.35,356.14,120.05,4.73,Yes,0.42035884291468323,0.48739396795475964,0.7722858730452727,0.5118009533775142,0.4240728221736601,-0.1262870331458018,-0.08513983914678758,1.4892253027116245,0.8449904241213263,0.48110169908384337
D100405,2026-02-05 23:48:28.108108108,Bike,Warehouse B,Semi-urban,19.62,Medium,Storm,13,50,42.87,128.39,209.58,32.72,4.43,No,0.40571219333577446,0.6212299717247878,0.38448919112004865,0.10566213231019649,0.11888628610058641,-0.19534993997202751,0.6338232985928612,-0.5665567461192403,-0.8030743436359378,-0.5871956548460403
D100406,2026-02-06 01:56:45.405405405,Truck,Warehouse B,Suburban,7.34,High,Normal,10,500,323.095,117.88,281.36,49.19,4.55,Yes,0.10594409862077382,0.5386820609487905,0.57441854311645,0.1822578769910475,1.0,-1.6088374330154525,0.19037831164193952,0.44029393254533056,-0.49225759423753934,2.497119469870647
D100407,2026-02-06 04:05:02.702702702,Van,Warehouse C,Suburban,12.48,High,Storm,7,200,78.56,135.67,176.07,54.59,3.93,Yes,0.23141706334675943,0.6784087338988376,0.29582197761490214,0.207371235902802,0.23110663920637664,-1.0171985312041167,0.9409859536835095,-1.036598070193492,-0.3903504632872446,-0.1943712929898941
D100408,2026-02-06 06:13:20.000000000,Bike,Warehouse C,Urban,15.51,High,Normal,14,50,37.43,119.47,214.58,23.7,4.29,No,0.305382643720249,0.5511702796104304,0.3977191543407509,0.06371352168352516,0.10178125049129812,-0.6684308517316756,0.2574646607620126,-0.49642226028303454,-0.9732969957047631,-0.6470713771351251
D100409,2026-02-06 08:21:37.297297297,Truck,Warehouse B,Rural,15.71,Low,Normal,7,500,285.3,176.615,323.9,109.37,5.0,Yes,0.3102648602465519,1.0000000000000002,0.6869790701981846,0.46213231019648876,0.8811608785196597,-0.6454098827896001,2.6685649252063937,1.0369981380397693,0.6434407651307439,2.081126285327272
D100410,2026-02-06 10:29:54.594594594,Bike,Warehouse C,Suburban,20.38,Low,Normal,1,50,42.06,74.98,164.26,20.91,4.43,Yes,0.4242646161357256,0.2017357838517122,0.26457280448760345,0.05073828624578537,0.11633939660729165,-0.10787025799214152,-1.6196873344279514,-1.2022557257386104,-1.0259490133624154,-0.5961109737898195
D100411,2026-02-06 12:38:11.891891891,Bike,Warehouse A,Semi-urban,18.01,Medium,Normal,1,50,40.92,176.615,195.12,21.63,4.4,Yes,0.3664103502990358,1.0000000000000002,0.34622813748577774,0.05408673410068596,0.1127548854685805,-0.3806687399557338,2.6685649252063937,-0.7693856791575477,-1.0123613959023763,-0.6086584597106938
D100412,2026-02-06 14:46:29.189189189,Truck,Warehouse A,Urban,6.62,Low,Normal,4,500,313.61,70.89,271.88,71.39,4.49,Yes,0.08836811912608324,0.16961200125667608,0.5493345328499986,0.2855016858504825,0.97017623846432,-1.6917129212069235,-1.7922553645544284,0.307318947399884,-0.07330605588632819,2.392722185695652
D100413,2026-02-06 16:54:46.486486486,Truck,Warehouse A,Suburban,23.23,Low,Normal,5,500,300.71,90.86,333.4,167.35,4.87,Yes,0.49383620163554254,0.3264608859566447,0.7121160003175189,0.7317753749564003,0.9296146650525884,0.220178549432432,-0.949667696675274,1.1702536611285603,1.73762140448224,2.250737476591021
D100414,2026-02-06 19:03:03.783783783,Van,Warehouse A,Urban,25.73,Medium,Normal,5,200,23.11,115.02,250.42,111.34,4.63,No,0.5548639082143293,0.5162189758089852,0.4925515307067445,0.4712940355772584,0.05675475969625984,0.5079406612083736,0.06970726857061346,0.006301734190888504,0.6806179962366846,-0.8046854108078628
D100415,2026-02-06 21:11:21.081081081,Van,Warehouse B,Suburban,21.82,High,Normal,4,200,23.8,115.97,234.11,84.46,4.28,Yes,0.4594165751251068,0.5236804901036758,0.4493953906808138,0.3462853156609696,0.058924332227585016,0.05788071839080096,0.10979030735304707,-0.22247695860681455,0.17334694439521803,-0.7970908798557547
D100416,2026-02-06 23:19:38.378378378,Van,Warehouse C,Rural,29.41,Medium,Normal,8,200,22.7,139.62,298.92,110.8,4.56,Yes,0.6446966922983034,0.7094329249136035,0.6208821739475563,0.46878269968608294,0.05546559340953039,0.9315264897425595,1.1076470096736284,0.6866062468020855,0.670427283141655,-0.8091981031127387
D100417,2026-02-07 01:27:55.675675675,Bike,Warehouse A,Suburban,24.73,Medium,Normal,7,50,34.06,108.59,207.75,43.31,4.84,Yes,0.5304528255828146,0.46571630537229036,0.37964702458127153,0.15491221950935935,0.09118493247598534,0.3928358164979969,-0.20159161497785713,-0.5922259679352919,-0.60322313682786,-0.6841635065678853
D100418,2026-02-07 03:36:12.972972973,Bike,Warehouse A,Urban,25.44,Medium,Normal,9,50,42.15,127.15,173.27,22.93,4.49,Yes,0.54778469425119,0.6114907320138235,0.28841319821130895,0.060132542727589805,0.11662238432876884,0.4745602562423644,0.5815043848136857,-1.0758733822617672,-0.9878281977106386,-0.5951203827960663
D100419,2026-02-07 05:44:30.270270270,Van,Warehouse B,Urban,22.46,Low,Normal,7,200,175.34,114.36,238.41,84.63,4.61,Yes,0.4750396680092762,0.5110351869305686,0.46077315905061766,0.34707592140448784,0.5354127690348547,0.13154781900544207,0.04186010478492296,-0.16216130078767776,0.17655513185106067,0.8708442222927572
D100420,2026-02-07 07:52:47.567567567,Van,Warehouse C,Suburban,13.4,Low,Normal,15,200,81.77,90.53,251.32,50.76,4.56,Yes,0.25387525936775296,0.3238689915174364,0.4949329240864708,0.1895593535635391,0.24119986793906326,-0.9113020740705702,-0.9635912785681192,0.01892594164140563,-0.462629039498287,-0.1590402142126953
D100421,2026-02-07 10:01:04.864864864,Van,Warehouse A,Urban,22.21,High,Normal,10,200,99.63,123.53,295.89,96.4,3.95,Yes,0.46893689735139754,0.5830584354382659,0.6128648162358107,0.4018137425880712,0.2973572091122046,0.1027716078278479,0.42876691071641265,0.6441047483853443,0.3986749339408696,0.037537065214336654
D100422,2026-02-07 12:09:22.162162162,Van,Warehouse B,Urban,29.56,Medium,Storm,1,200,174.39,149.85,229.5,121.55,4.33,No,0.6483583546930306,0.7897816525290606,0.4371973645913263,0.518776886408557,0.532425676419262,0.9487922164491158,1.539278048351833,-0.28714095454779653,0.8732979604964082,0.8603879840253617
D100423,2026-02-07 14:17:39.459459459,Bike,Warehouse A,Semi-urban,15.23,High,Normal,13,50,11.73,102.15,158.08,19.06,4.34,No,0.29854754058342486,0.4151350926798618,0.24822056994681554,0.042134635507499116,0.02097253446947663,-0.700660208250581,-0.47331242525035355,-1.2889419502321604,-1.0608616415583496,-0.9299401386846614
D100424,2026-02-07 16:25:56.756756756,Van,Warehouse A,Suburban,36.78,Low,Rain,14,200,155.23,153.87,346.09,150.07,4.38,Yes,0.8246063712925668,0.8213556393339618,0.7456936469716612,0.6514126264387861,0.47218073482478334,1.7798491952580353,1.7088925914101307,1.3482549861808506,1.4115185854412973,0.6495021680218941
D100425,2026-02-07 18:34:14.054054054,Bike,Warehouse C,Urban,15.79,High,Normal,7,50,44.02,96.33,192.97,21.26,4.31,No,0.3122177468570731,0.36942349984291545,0.34053925330087575,0.05236600395302872,0.12250224031946169,-0.6362014952127701,-0.7188737786332622,-0.7995435080671163,-1.019343921541563,-0.5745381032591933
D100426,2026-02-07 20:42:31.351351351,Van,Warehouse C,Rural,32.26,Medium,Normal,1,200,104.66,133.24,250.66,137.6,4.66,Yes,0.7142682777981203,0.6593229657555766,0.49318656894133817,0.5934193698407161,0.3131730784347634,1.2595752971671326,0.8384577597452858,0.009668189511026512,1.1761885997097836,0.09290009519854556
D100427,2026-02-07 22:50:48.648648648,Van,Warehouse A,Urban,14.62,Medium,Normal,7,200,65.06,92.22,275.98,60.37,4.68,Yes,0.2836567801782009,0.3371426327364122,0.5601831026909744,0.23425183118242066,0.18865848098479726,-0.7708741635239108,-0.8922856622077902,0.36482922578557314,-0.2812720897885961,-0.3429599420528802
D100428,2026-02-08 00:59:05.945945946,Truck,Warehouse C,Rural,33.79,Medium,Normal,10,500,124.53,136.67,442.20000000000005,225.025,4.54,Yes,0.7516172342243378,0.6862629594721961,0.9999999999999999,0.9999999999999999,0.37565047872089546,1.435685709574009,0.9831786260860711,2.6963800729244003,2.8260461781041366,0.31160057348606657
D100429,2026-02-08 03:07:23.243243243,Bike,Warehouse B,Urban,6.06,High,Normal,8,50,17.53,86.88,133.64,10.0,4.18,Yes,0.07469791285243498,0.29520106817467795,0.1835525097240229,0.0,0.0392095209646737,-1.7561716342447347,-1.1175945328374692,-1.6317593169995348,-1.231839161263844,-0.8661020524205638
D100430,2026-02-08 05:15:40.540540540,Bike,Warehouse C,Rural,27.63,Medium,Rain,11,50,26.07,120.93,245.71,51.25,4.71,Yes,0.6012449652142072,0.5626374489475339,0.480088905352843,0.1918381583536798,0.06606191142484318,0.726639866158089,0.3190659624697528,-0.0597649514668171,-0.4533819109490936,-0.7721059736799786
D100431,2026-02-08 07:23:57.837837837,Bike,Warehouse B,Suburban,21.26,Medium,Normal,9,50,17.97,103.68,196.51,17.61,4.48,Yes,0.4457463688514586,0.4271520578071003,0.34990606726113294,0.03539123357749098,0.040593016491895534,-0.0065779946470098,-0.4087576364744343,-0.7498882920950827,-1.0882255933875955,-0.8612591631177702
D100432,2026-02-08 09:32:15.135135135,Van,Warehouse B,Semi-urban,21.08,High,Normal,12,200,160.33,128.45,266.29,78.74,4.32,Yes,0.4413523739777858,0.6217012252591894,0.5345434339692535,0.31968375770259266,0.4882167057084911,-0.027296866694877967,0.636354858937015,0.22890859223500626,0.06540087235157267,0.7056356576679113
D100433,2026-02-08 11:40:32.432432432,Van,Warehouse B,Rural,39.96,High,Normal,3,200,69.37,176.615,282.73,180.65,4.4,Yes,0.9022336140607835,1.0000000000000002,0.5780435530389224,0.7936286478316474,0.20221044853553855,2.145882601437033,2.6685649252063937,0.45951078166445103,1.9886148936746324,-0.2955216400186972
D100434,2026-02-08 13:48:49.729729729,Bike,Warehouse B,Urban,25.17,Medium,Rain,15,50,15.13,129.74,272.94,48.23,4.69,Yes,0.5411937019406811,0.6318331762488218,0.5521392850527874,0.17779327985118004,0.031663181725281805,0.4434819481705628,0.6907834063363203,0.32218745839715973,-0.5103744175175917,-0.8925178122539835
D100435,2026-02-08 15:57:07.027027027,Bike,Warehouse A,Rural,15.0,Medium,Normal,4,50,41.37,84.53,164.61,24.37,4.43,Yes,0.2929329915781765,0.2767436380772855,0.2654989019130527,0.066829438437391,0.11416982407596646,-0.7271343225339676,-1.2167473129834885,-1.1973463117300756,-0.9606529627905599,-0.6037055047419276
D100436,2026-02-08 18:05:24.324324324,Van,Warehouse A,Suburban,36.34,Medium,Normal,4,200,33.8,124.71,272.44,151.49,4.62,Yes,0.8138654949347004,0.5923264216148287,0.5508162887307172,0.6580165097081734,0.09036741239171787,1.7292030635854698,0.478554264151435,0.3151740098135391,1.4383163865430417,-0.6870252138831724
D100437,2026-02-08 20:13:41.621621621,Bike,Warehouse A,Suburban,21.26,Low,Normal,12,50,6.97,105.96,230.89,24.88,4.82,Yes,0.4457463688514586,0.4450596921143575,0.4408752943666815,0.06920125566794558,0.006005628311349379,-0.0065779946470098,-0.31255834339659444,-0.26764356748533147,-0.9510284004230323,-0.9823313956876106
D100438,2026-02-08 22:21:58.918918918,Truck,Warehouse B,Urban,13.79,Medium,Rain,9,500,233.36,121.83,318.92,88.16,4.58,Yes,0.26339558159404364,0.5697062519635564,0.6738020268303653,0.3634926171375421,0.7178455201471536,-0.8664111846335234,0.35703936763205785,0.9671441901469088,0.2431722007870866,1.5094452162656797
D100439,2026-02-09 00:30:16.216216216,Van,Warehouse A,Suburban,21.26,High,Storm,13,200,141.42,167.12,264.66,93.95,3.81,No,0.4457463688514586,0.9254241281809614,0.5302304659593046,0.39041971863736774,0.4287578411181158,-0.0065779946470098,2.2679455007440716,0.20604474985240323,0.3524392911949026,0.4975014833137579
D100440,2026-02-09 02:38:33.513513513,Bike,Warehouse B,Urban,21.41,High,Normal,7,50,31.42,108.27,175.28,32.15,4.22,Yes,0.4494080312461858,0.46320295318881555,0.2937316434260312,0.10301127775840017,0.08288395931265427,0.01068773205954653,-0.21509327014667715,-1.0476793189556126,-0.8138312074584689,-0.713220842384647
D100441,2026-02-09 04:46:50.810810810,Bike,Warehouse C,Suburban,14.67,Medium,Rain,3,50,34.22,110.88,149.65,20.76,4.63,Yes,0.28487733430977663,0.4837024819352812,0.22591485195671154,0.050040692942681084,0.09168802175861146,-0.7651189212883919,-0.10497039517599147,-1.4071886933520035,-1.0287797669999235,-0.682402455912324
D100442,2026-02-09 06:55:08.108108108,Truck,Warehouse A,Suburban,21.58,Medium,Rain,10,500,131.49,129.99,353.99,148.76,4.6,Yes,0.45355791529354317,0.6337967326421616,0.7665969888603708,0.6453203115916752,0.3975348625151319,0.03025555566031034,0.7013315744369607,1.4590674738020564,1.3867966703403924,0.38820627700298393
D100443,2026-02-09 09:03:25.405405405,Bike,Warehouse B,Semi-urban,15.14,Low,Normal,5,50,32.37,87.59,165.71,23.93,4.77,Yes,0.29635054314658854,0.3007775683317625,0.26840949382160717,0.06478316474828508,0.08587105192824689,-0.7110196442745148,-1.08763773543165,-1.1819167248461104,-0.9689565067939173,-0.7027646041172517
D100444,2026-02-09 11:11:42.702702702,Bike,Warehouse B,Semi-urban,16.77,High,Normal,7,50,19.4,107.2,195.93,23.12,4.6,No,0.3361406078359575,0.45479893182532205,0.3483713915275315,0.06101616091152191,0.045089376955366536,-0.5233987473966011,-0.26023942961741775,-0.7580238924520823,-0.9842425764364614,-0.8455197728836908
D100445,2026-02-09 13:20:00.000000000,Truck,Warehouse C,Suburban,14.51,High,Normal,8,500,149.88,104.92,326.73,85.31,4.36,Yes,0.2809715610887343,0.43689129751806477,0.6944672293811022,0.3502383443785606,0.4553586869369723,-0.7835356964420522,-0.35643872269525817,1.0766942570230622,0.18938788167443124,0.5906170367265626
D100446,2026-02-09 15:28:17.297297297,Truck,Warehouse A,Urban,8.54,Medium,Storm,1,500,179.38,99.95,242.18,71.11,4.17,No,0.13523739777859145,0.39785579641847313,0.47074855131902726,0.2841995116846878,0.5481157734211644,-1.4707116193630008,-0.5661363045359891,-0.10927989846717844,-0.07859012934301014,0.9153107513456803
D100447,2026-02-09 17:36:34.594594594,Truck,Warehouse B,Urban,21.17,High,Normal,12,500,277.72,113.2,355.38,147.31,4.73,Yes,0.44354937141462225,0.5019242852654728,0.770274918635726,0.6385769096616671,0.857327023755247,-0.01693743067094368,-0.007083395202048313,1.4785648608645214,1.3594327185111468,1.9976965105200548
D100448,2026-02-09 19:44:51.891891891,Van,Warehouse C,Urban,24.68,Medium,Rain,2,200,61.43,130.49,263.01,113.37,4.79,No,0.5292322714512389,0.6377238454288408,0.5258645780964727,0.48073479827926985,0.17724464288521702,0.38708057426247805,0.7224279106382415,0.18290036952645483,0.7189275287976287,-0.3829137788009276
D100449,2026-02-09 21:53:09.189189189,Bike,Warehouse C,Urban,24.12,Medium,Normal,7,50,37.12,107.78,185.09,22.08,4.82,Yes,0.5155620651775906,0.45935438265787,0.319688831265049,0.05617951400999882,0.10080651500620999,0.3226218612246673,-0.23576767962393208,-0.9100754577449767,-1.0038691349898516,-0.6504834127802751
D100450,2026-02-10 00:01:26.486486486,Bike,Warehouse B,Urban,26.56,Low,Rain,11,50,33.65,105.15,196.25,25.71,4.69,Yes,0.5751251067984865,0.4386977693999372,0.34921810917365637,0.07306127194512266,0.08989576618925589,0.6034776823179859,-0.3467344080426688,-0.7535352853585653,-0.9353648969621535,-0.6886761988727612
D100451,2026-02-10 02:09:43.783783783,Van,Warehouse B,Urban,22.59,Medium,Normal,15,200,167.65,109.67,263.1,88.16,4.73,Yes,0.47821310875137313,0.4741988689915174,0.5261027174344455,0.3634926171375421,0.5112330403886365,0.1465114488177909,-0.1560235287830907,0.18416279027150698,0.2431722007870866,0.7862037251598414
D100452,2026-02-10 04:18:01.081081081,Van,Warehouse B,Rural,27.74,Medium,Normal,13,200,114.97,117.6,327.36,118.78,4.65,Yes,0.6039301843036738,0.53648287778825,0.6961342047469107,0.5058946634112311,0.3455908940839844,0.7393013990762304,0.17856436336922224,1.0855312022384243,0.8210233766570905,0.2063777968162779
D100453,2026-02-10 06:26:18.378378378,Van,Warehouse C,Suburban,26.72,Medium,Rain,14,200,74.12,136.81,313.7,97.12,4.84,No,0.5790308800195288,0.6873625510524664,0.6599899452279521,0.40516219044297175,0.21714591161350166,0.6218944574716463,0.9890856002224303,0.8939237869339095,0.4122625514009089,-0.24324044868172062
D100454,2026-02-10 08:34:35.675675675,Truck,Warehouse B,Urban,9.14,Medium,Rain,13,500,323.095,104.94,356.19,53.91,4.63,No,0.14988404735750033,0.4370483820295319,0.7724181726774797,0.20420881292872922,1.0,-1.4016487125367745,-0.35559486924720707,1.4899266475699868,-0.40318321311061517,2.497119469870647
D100455,2026-02-10 10:42:52.972972973,Bike,Warehouse A,Suburban,12.79,High,Rain,15,50,12.23,128.62,165.64,22.16,4.42,Yes,0.23898449896252894,0.6230364436066604,0.2682242743365173,0.05655156377165445,0.02254468847768327,-0.9815160293439,0.6435276132454512,-1.1828986076478176,-1.0023593997165139,-0.9244368553860324
D100456,2026-02-10 12:51:10.270270270,Van,Warehouse C,Urban,12.29,Low,Normal,2,200,177.03,77.19,239.62,46.66,4.85,Yes,0.22677895764677158,0.21909362236883434,0.4639748101500276,0.17049180327868851,0.5407266495825931,-1.0390684516990885,-1.5264415284182906,-0.14518875521531585,-0.540002972256844,0.8894453198421235
D100457,2026-02-10 14:59:27.567567567,Bike,Warehouse B,Suburban,28.64,Medium,Normal,7,50,18.11,120.26,218.2,47.31,4.89,Yes,0.6259001586720371,0.5573751178133837,0.4072976477125392,0.17351470759214044,0.0410332196141934,0.8428957593155696,0.29079687196003645,-0.44564489253762185,-0.5277363731609751,-0.859718243794154
D100458,2026-02-10 17:07:44.864864864,Van,Warehouse B,Suburban,27.54,Medium,Normal,15,200,142.49,130.41,266.66,107.8,4.85,Yes,0.5990479677773709,0.637095507382972,0.5355224512475855,0.4548308336239972,0.4321222506956781,0.7162804301341551,0.719052496846036,0.23409854418688555,0.6138122103914914,0.5092785095728244
D100459,2026-02-10 19:16:02.162162162,Bike,Warehouse A,Suburban,23.9,Medium,Normal,9,50,24.91,133.82,270.27,38.93,4.55,Yes,0.5101916269986573,0.6638784165881244,0.5450744846929324,0.13454249505871407,0.06241451412580376,0.2972987953883841,0.8629295097387708,0.2847356429606256,-0.685881143043099,-0.7848735909327981
D100460,2026-02-10 21:24:19.459459459,Bike,Warehouse B,Suburban,28.58,Medium,Normal,11,50,24.04,140.71,212.28,53.8,4.94,Yes,0.6244354937141462,0.7179940307885644,0.3916333712592278,0.2036972445064527,0.059678966151524196,0.8359894686329467,1.1536370225924206,-0.5286841237676894,-0.4052590991114545,-0.7944493038724127
D100461,2026-02-10 23:32:36.756756756,Bike,Warehouse A,Rural,24.97,Low,Normal,2,50,41.06,102.02,174.93,27.71,4.8,Yes,0.5363114854143781,0.4141140433553251,0.29280554600058206,0.08236251598651319,0.11319508859087837,0.42046097922848713,-0.47879747266268696,-1.0525887329641468,-0.897621515128711,-0.6071175403870777
D100462,2026-02-11 01:40:54.054054054,Van,Warehouse B,Rural,34.79,Low,Normal,7,200,62.19,134.25,295.97,148.64,4.75,Yes,0.7760283168558525,0.6672557335846685,0.613076495647342,0.6447622369491918,0.1796343169776911,1.5507905542843856,0.8810723588718726,0.6452269001587242,1.3845320674303858,-0.37454878818701137
D100463,2026-02-11 03:49:11.351351351,Van,Warehouse A,Suburban,19.0,Medium,Storm,4,200,135.35,104.74,230.9,62.37,4.46,Yes,0.3905773221042353,0.43547753691486013,0.44090175429312295,0.24355307522381114,0.4096718914584872,-0.2667149436924611,-0.36403340372771953,-0.2675032985136588,-0.24352870795515363,0.43069162406840056
D100464,2026-02-11 05:57:28.648648648,Van,Warehouse B,Suburban,26.78,Medium,Normal,11,200,18.94,116.83,267.69,111.99,4.68,Yes,0.5804955449774197,0.5304351240967641,0.5382478236710501,0.4743169398907104,0.04364299526781644,0.6288007481542691,0.14607600561925,0.2485462482691436,0.6928845953325532,-0.8505827935184297
D100465,2026-02-11 08:05:45.945945946,Truck,Warehouse C,Suburban,19.08,Low,Normal,13,500,289.63,98.34,391.12,144.91,4.63,Yes,0.3925302087147564,0.38521049324536605,0.8648426957373055,0.6274154168119985,0.8947757322307293,-0.2575065561156312,-0.6340665071041132,1.9798861656217208,1.314140660311016,2.1287847186934
D100466,2026-02-11 10:14:03.243243243,Bike,Warehouse A,Urban,16.92,Medium,Normal,2,50,24.21,83.73,169.9,21.19,4.64,Yes,0.33980227023068477,0.2704602576185988,0.27949620300055567,0.052040460411580045,0.06021349851431447,-0.5061330206900443,-1.2505014509055377,-1.12314402571537,-1.0206649399057335,-0.7925781875508787
D100467,2026-02-11 12:22:20.540540540,Bike,Warehouse C,Suburban,24.33,Medium,Normal,13,50,37.63,107.7,237.66,41.65,4.89,Yes,0.5206883925302086,0.4587260446120013,0.4587886645675123,0.1471921869550052,0.10241011209458079,0.34679387861384603,-0.23914309341613693,-0.17268147366310865,-0.6345501437496173,-0.6448700638156734
D100468,2026-02-11 14:30:37.837837837,Truck,Warehouse B,Urban,27.01,Medium,Normal,7,500,161.26,123.73,401.55,185.17,4.71,Yes,0.5861100939826681,0.5846292805529375,0.8924403990156905,0.81464945936519,0.4911409121637555,0.6552748624376558,0.43720544519692506,2.1261867030760464,2.073914936618212,0.7158717646033612
D100469,2026-02-11 16:38:55.135135135,Bike,Warehouse C,Suburban,14.65,High,Storm,13,50,37.62,157.66,194.83,26.66,3.89,Yes,0.28438911265714634,0.8511231542569904,0.345460799618977,0.07747936286478316,0.10237866901441664,-0.7674210181825994,1.8688028198158388,-0.7734534793360476,-0.9174367905912685,-0.644980129481646
D100470,2026-02-11 18:47:12.432432432,Truck,Warehouse C,Suburban,19.51,Low,Rain,5,500,323.095,101.39,320.05,118.5,4.71,Yes,0.40302697424630785,0.40916588124410935,0.676791998518244,0.5045924892454365,1.0,-0.20801147289016889,-0.5053788562763005,0.9829945839458912,0.8157393032004084,2.497119469870647
D100471,2026-02-11 20:55:29.729729729,Bike,Warehouse B,Urban,11.53,Low,Rain,1,50,10.35,86.04,173.38,18.59,4.6,Yes,0.2082265348468204,0.2886035186930569,0.2887042574021643,0.03994884315777235,0.01663338940682629,-1.1265481336789747,-1.1530363776556203,-1.0743304235733708,-1.0697313362892085,-0.945129200588878
D100472,2026-02-11 23:03:47.027027027,Truck,Warehouse B,Rural,15.0,High,Storm,5,500,108.35,132.07,315.39,108.16,3.73,Yes,0.2929329915781765,0.650133521834747,0.6644616727965494,0.4565050575514475,0.32477557501532844,-0.7271343225339676,0.789092333034288,0.917629243146547,0.620606019121511,0.13351432594242837
D100473,2026-02-12 01:12:04.324324324,Bike,Warehouse C,Rural,33.6,Medium,Normal,12,50,30.97,135.78,246.48,61.16,4.82,Yes,0.74697912852435,0.6792726987119071,0.48212631968883113,0.23792582257876987,0.08146902070526828,1.4138157890790377,0.9456271476477919,-0.04896424064804166,-0.2663634539643863,-0.7181737973534132
D100474,2026-02-12 03:20:21.621621621,Truck,Warehouse B,Semi-urban,24.87,Medium,Normal,12,500,323.095,131.93,363.2,181.49,4.8,No,0.5338703771512266,0.649033930254477,0.7909665811129043,0.7975351703290314,1.0,0.4089504947574497,0.7831853588979301,1.5882551967123473,2.004467114044678,2.497119469870647
D100475,2026-02-12 05:28:38.918918918,Van,Warehouse A,Suburban,22.1,High,Normal,3,200,80.53,104.42,228.29,87.11,4.35,No,0.4662516782619309,0.43296418473138554,0.43399571349191635,0.3586094640158121,0.2373009259987108,0.09011007490970654,-0.37753505889653893,-0.3041135001201584,0.2233569253245294,-0.17268835679329542
D100476,2026-02-12 07:36:56.216216216,Truck,Warehouse B,Semi-urban,4.4,High,Normal,7,500,182.81,70.67,213.53,32.94,4.19,Yes,0.0341755156841206,0.1678840716305372,0.3949408620644034,0.10668526915474942,0.5589007499174619,-1.9472456764639596,-1.8015377524829919,-0.5111505023086379,-0.7989225716342592,0.9530632747742761
D100477,2026-02-12 09:45:13.513513513,Bike,Warehouse C,Urban,17.19,High,Normal,6,50,29.35,98.96,156.37,14.22,4.62,Yes,0.34639326254119374,0.3900801131008482,0.2436959225253353,0.019625624927334037,0.07637524171867877,-0.47505471261824267,-0.6079070502145254,-1.312927944388143,-1.1522006255952804,-0.7360044352409716
D100478,2026-02-12 11:53:30.810810810,Van,Warehouse C,Semi-urban,3.0,Medium,Normal,8,200,120.33,81.54,170.09,25.15,4.65,Yes,0.0,0.2532595036129438,0.27999894160294225,0.0704569236135333,0.36244438505195964,-2.108392459058487,-1.3429034034671474,-1.120478915253594,-0.9459330438755175,0.265372993777582
D100479,2026-02-12 14:01:48.108108108,Truck,Warehouse C,Urban,30.96,Medium,Normal,13,500,269.95,137.29,410.85,222.25,4.74,Yes,0.6825338703771512,0.6911325793276784,0.9170481306061967,0.9870945238925705,0.8328957504677157,1.1099389990436432,1.0093380829756595,2.2566368467313893,2.773677235810235,1.912175488059358
D100480,2026-02-12 16:10:05.405405405,Van,Warehouse B,Semi-urban,11.31,Medium,Normal,5,200,23.3,88.89,161.07,30.35,4.59,Yes,0.20285609666788723,0.31098806157712844,0.2561320879527954,0.09464015812114869,0.057352178219378366,-1.1518711995152573,-1.0327872613083202,-1.2470015277021096,-0.847800251108567,-0.8025941631543838
D100481,2026-02-12 18:18:22.702702702,Van,Warehouse C,Urban,30.04,Low,Normal,2,200,159.18,124.85,244.96,122.13,4.5,Yes,0.6600756743561577,0.5934260131950989,0.47810441086973765,0.5214742471805603,0.48460075148961584,1.0040425419100967,0.4844612382877936,-0.07028512434224797,0.8842435412281064,0.6929781060810642
D100482,2026-02-12 20:26:40.000000000,Van,Warehouse A,Rural,39.57,Medium,Normal,9,200,97.31,136.01,360.69,160.86,4.79,Yes,0.8927132918344928,0.6810791705937793,0.7843251395761117,0.701592838042088,0.2900624145141258,2.100991711999986,0.9553314623003806,1.553047684822572,1.6151441304327196,0.012001830708697644
D100483,2026-02-12 22:34:57.297297297,Van,Warehouse B,Rural,24.8,Low,Normal,14,200,149.35,127.64,318.49,93.01,4.47,No,0.5321616013670206,0.6153393025447691,0.6726642499933848,0.3860481339379142,0.45369220368827323,0.4008931556277233,0.6021787942909407,0.961112624364995,0.3346999017331847,0.5847835564300157
D100484,2026-02-13 00:43:14.594594594,Van,Warehouse A,Urban,10.94,High,Normal,11,200,154.91,104.42,223.34,44.53,4.38,Yes,0.19382399609422674,0.43296418473138554,0.42089804990342117,0.16058597837460759,0.4711745562595311,-1.1944599920580967,-0.37753505889653893,-0.37354664109800206,-0.5801996739094601,0.6459800667107715
D100485,2026-02-13 02:51:31.891891891,Van,Warehouse A,Suburban,22.8,Medium,Normal,8,200,167.34,107.12,254.04,84.2,4.73,Yes,0.4833394361039912,0.45417059377945335,0.5021300240785329,0.3450761539355889,0.5102583049035484,0.17068346620697009,-0.2636148434096226,0.057079101936301585,0.1684403047568707,0.7827916895146914
D100486,2026-02-13 04:59:49.189189189,Truck,Warehouse A,Rural,25.25,Medium,Rain,6,500,252.92,125.31,352.01,165.51,4.53,Yes,0.5431465885512022,0.5970389569588439,0.7613579234249727,0.723218230438321,0.7793481849481975,0.45269033574739276,0.5038698675929723,1.4312942174109187,1.7028974931954728,1.7247336589080502
D100487,2026-02-13 07:08:06.486486486,Bike,Warehouse A,Suburban,20.82,Medium,Normal,13,50,40.9,118.52,228.35,26.32,4.51,Yes,0.4350054924935921,0.5437087653157399,0.43415447305056476,0.07589815137774676,0.11269199930825222,-0.05722412631957566,0.21738162197957894,-0.3032718862901239,-0.9238531655029536,-0.608878591042639
D100488,2026-02-13 09:16:23.783783783,Bike,Warehouse B,Semi-urban,16.14,Low,Normal,10,50,22.89,90.17,190.35,25.58,4.58,Yes,0.32076162577810324,0.32104147031102737,0.3336067525732277,0.07245669108243226,0.056063011932648926,-0.5959147995641382,-0.9787806406330413,-0.8362939786452882,-0.9378182167813273,-0.8071068554592596
D100489,2026-02-13 11:24:41.081081081,Truck,Warehouse A,Suburban,5.75,Low,Rain,7,500,323.095,83.1,287.25,47.68,4.61,Yes,0.06713047723666545,0.26551209550738286,0.5900034397904372,0.17523543773979766,1.0,-1.7918541361049514,-1.2770828345191518,0.5229123568603808,-0.5207538475217883,2.497119469870647
D100490,2026-02-13 13:32:58.378378378,Truck,Warehouse B,Suburban,3.0,Medium,Normal,9,500,252.9,75.35,290.14,21.56,4.47,Yes,0.0,0.20464184731385482,0.5976503585320031,0.05376119055923728,0.7792852987878692,-2.108392459058487,-1.604076045639004,0.5634500896737076,-1.0136824142665466,1.7245135275761052
D100491,2026-02-13 15:41:15.675675675,Van,Warehouse A,Urban,21.81,Low,Normal,7,200,16.24,97.13,216.32,94.74,4.53,Yes,0.45917246429879155,0.37570688030160226,0.4023231815415552,0.39409371003371696,0.03515336362350055,0.05672966994369701,-0.685119640711213,-0.4720154592120352,0.3673479270191122,-0.8803005233310269
D100492,2026-02-13 17:49:32.972972973,Van,Warehouse A,Urban,15.51,Medium,Normal,3,200,117.49,86.36,192.39,67.23,4.71,Yes,0.305382643720249,0.2911168708765316,0.3390045775672742,0.2661550982443902,0.3535145502853459,-0.6684308517316756,-1.1395347224868009,-0.8076791084241164,-0.1518122900998884,0.2341143446413686
D100493,2026-02-13 19:57:50.270270270,Bike,Warehouse A,Semi-urban,15.58,High,Normal,6,50,38.46,112.54,170.38,15.09,4.65,Yes,0.307091419504455,0.4967404963870563,0.280766279469743,0.02367166608533891,0.10501988774820381,-0.6603735126019492,-0.03493055898773881,-1.1164111150750944,-1.1357822544977327,-0.6357346135399491
D100494,2026-02-13 22:06:07.567567567,Bike,Warehouse A,Suburban,25.57,High,Rain,11,50,38.21,134.07,208.25,43.48,4.5,Yes,0.5509581349932869,0.665841972981464,0.38097002090334176,0.15570282525287754,0.10423381074410049,0.4895238860547133,0.8734776778394112,-0.5852125193516713,-0.6000149493720175,-0.6384862551892636
D100495,2026-02-14 00:14:24.864864864,Van,Warehouse B,Suburban,29.39,Medium,Rain,13,200,119.31,132.54,291.59,122.91,4.72,No,0.6442084706456731,0.6538250078542256,0.6014870478660067,0.5251017323567027,0.3592371908752181,0.929224392848352,0.808922889063492,0.5837890905662071,0.898963460143149,0.25414629584837867
D100496,2026-02-14 02:22:42.162162162,Bike,Warehouse B,Suburban,17.82,Low,Normal,11,50,32.93,93.47,194.4,40.66,4.87,Yes,0.36177224459904794,0.34696041470311023,0.34432302278199656,0.14258807115451688,0.08763186441743832,-0.4025386604507055,-0.8395448217045882,-0.7794850451179614,-0.6532331177571713,-0.6966009268227871
D100497,2026-02-14 04:30:59.459459459,Van,Warehouse B,Suburban,17.28,High,Normal,7,200,174.09,113.2,223.36,72.41,4.52,Yes,0.34859025997803006,0.5019242852654728,0.42095096975630397,0.29024532031159167,0.531482384014338,-0.4646952765943088,-0.007083395202048313,-0.3732661031546571,-0.054056931151272615,0.8570860140461843
D100498,2026-02-14 06:39:16.756756756,Bike,Warehouse B,Semi-urban,24.0,High,Normal,2,50,5.81,142.43,186.22,26.12,4.3,No,0.5126327352618089,0.731503298774741,0.3226788029529277,0.07496802697360772,0.0023582310123099644,0.30880927985942197,1.2262084191248266,-0.8942250639459942,-0.9276275036862978,-0.9950990129404301
D100499,2026-02-14 08:47:34.054054054,Truck,Warehouse A,Rural,21.14,Low,Normal,3,500,323.095,90.19,302.59,143.55,4.62,Yes,0.4428170389356768,0.3211985548224945,0.6305929669515516,0.621090570863853,1.0,-0.020390576012255107,-0.9779367871849902,0.7380849594058599,1.2884751606642753,2.497119469870647
D100500,2026-02-14 10:55:51.351351351,Truck,Warehouse C,Suburban,21.79,Medium,Normal,4,500,175.7,86.84,355.72,137.71,4.85,Yes,0.45868424264616126,0.2948868991517436,0.7711745561347338,0.5939309382629926,0.5365447199207634,0.05442757304948953,-1.1192822397335713,1.4833340059013838,1.1782644857106233,0.87480658626777
D100501,2026-02-14 13:04:08.648648648,Van,Warehouse B,Semi-urban,24.42,Low,Normal,10,200,70.37,100.94,268.14,101.76,4.87,Yes,0.522885389967045,0.40563147973609803,0.5394385203609132,0.4267410766189978,0.20535475655195182,0.35715331463778033,-0.5243655588574534,0.25485835199440193,0.49982719725449537,-0.284515073421439
D100502,2026-02-14 15:12:25.945945945,Van,Warehouse B,Semi-urban,25.44,High,Normal,6,200,122.24,136.47,260.48,114.99,4.52,Yes,0.54778469425119,0.6846921143575244,0.5191702167067974,0.48826880595279615,0.368450013363309,0.4745602562423644,0.9747400916055592,0.14741231969333507,0.749499668082717,0.28639553597834516
D100503,2026-02-14 17:20:43.243243243,Bike,Warehouse A,Suburban,4.51,High,Normal,1,50,28.45,70.82,84.7,10.0,4.2,Yes,0.0368607347735872,0.16906220546654094,0.05405762971978939,0.0,0.0735453645039068,-1.9345841435458182,-1.7952088516226081,-2.318235664364317,-1.231839161263844,-0.7459103451785039
D100504,2026-02-14 19:29:00.540540540,Truck,Warehouse A,Rural,21.26,Low,Normal,9,500,323.095,97.26,379.71,194.94,4.88,Yes,0.4457463688514586,0.3767279296261389,0.8346519196676631,0.8600860365073827,1.0,-0.0065779946470098,-0.6796345932988797,1.8198392689434988,2.2582913568745786,2.497119469870647
D100505,2026-02-14 21:37:17.837837837,Van,Warehouse A,Urban,12.97,High,Normal,5,200,129.93,109.98,241.25,55.86,4.63,No,0.24337849383620164,0.47663367891925856,0.4682877781599766,0.213277525869085,0.3926297420095272,-0.9607971572960321,-0.1429438003382965,-0.12232491283271281,-0.36638341582300876,0.3710360331112611
D100506,2026-02-14 23:45:35.135135135,Bike,Warehouse A,Urban,20.8,Medium,Normal,13,50,35.33,120.75,212.88,22.59,4.92,Yes,0.4345172708409618,0.5612236883443292,0.39322096684571206,0.05855133124055342,0.09517820365683022,-0.05952622321378314,0.3114712814372914,-0.5202679854673448,-0.9942445726223237,-0.6701851669893674
D100507,2026-02-15 01:53:52.432432432,Truck,Warehouse B,Semi-urban,23.85,High,Rain,12,500,226.98,130.97,366.56,169.0,4.19,Yes,0.5089710728670817,0.6414938737040528,0.7998571163972162,0.7394489012905475,0.6977848350024368,0.2915435531528656,0.7426803933914706,1.6353855711942777,1.76875969449483,1.439223321375172
D100508,2026-02-15 04:02:09.729729729,Truck,Warehouse B,Suburban,31.97,Medium,Normal,14,500,179.42,130.99,403.52,215.44,4.5,Yes,0.707189063834981,0.6416509582155201,0.8976530045246472,0.9554237879316357,0.5482415457418208,1.2261948922011234,0.7435242468395222,2.153819690495511,2.6451610206673637,0.9157510140095706
D100509,2026-02-15 06:10:27.027027027,Truck,Warehouse B,Semi-urban,16.04,High,Normal,7,500,208.61,125.03,320.88,115.8,4.42,Yes,0.3183205175149518,0.5948397737983036,0.6789881724128805,0.49203580978955935,0.6400238967409247,-0.607425284035176,0.492055919320255,0.9946369085947012,0.7647857377252611,1.2370326929835385
D100510,2026-02-15 08:18:44.324324324,Van,Warehouse C,Rural,28.02,Low,Storm,9,200,139.87,148.07,280.9,112.59,4.62,Yes,0.610765287440498,0.7758011310084825,0.5732013865001453,0.47710731310312754,0.4238841636926753,0.771530755595136,1.4641750914752731,0.4338415598483991,0.7042076098825861,0.4804413050880078
D100511,2026-02-15 10:27:01.621621621,Van,Warehouse C,Urban,29.2,Medium,Normal,9,200,51.2,114.93,288.93,119.43,4.73,Yes,0.6395703649456853,0.5155120955073831,0.5944487074325931,0.5089175677246831,0.1450783718773091,0.9073544723533803,0.06590992805438337,0.5464775441013461,0.8332899757529594,-0.4955109550908792
D100512,2026-02-15 12:35:18.918918918,Van,Warehouse B,Rural,34.37,Low,Normal,1,200,5.94,95.35,281.06,130.13,4.66,Yes,0.7657756621506163,0.3617263587810241,0.5736247453232078,0.5586792233461224,0.002766991054443696,1.5024465195060273,-0.7602225975877727,0.43608586339515804,1.0352170685618762,-0.9936681592827866
D100513,2026-02-15 14:43:36.216216216,Truck,Warehouse C,Suburban,30.14,High,Normal,15,500,302.8,155.47,430.14,204.79,4.14,Yes,0.6625167826193091,0.8339224002513352,0.968089328711666,0.9058946634112311,0.9361862688068923,1.0155530263811345,1.776400867254229,2.527215693087471,2.4441775124042824,2.2737412007792908
D100514,2026-02-15 16:51:53.513513513,Truck,Warehouse A,Suburban,22.31,High,Normal,1,500,262.42,113.16,318.14,160.18,4.5,No,0.4713780056145489,0.5016101162425385,0.6717381525679357,0.6984304150680153,0.8092191111041238,0.11428209229888532,-0.008771102098151039,0.9562032103564603,1.602311380609349,1.8292960415820037
D100515,2026-02-15 19:00:10.810810810,Bike,Warehouse A,Suburban,10.74,High,Normal,3,50,8.15,97.8,178.95,12.09,4.3,No,0.18894177956792385,0.38096921143575235,0.30344243643002666,0.009719800023253108,0.00971591177071706,-1.217480961000172,-0.6568505502014967,-0.9962006063518376,-1.1923973272478965,-0.9693436471028459
D100516,2026-02-15 21:08:28.108108108,Bike,Warehouse A,Rural,21.33,High,Normal,6,50,11.87,128.01,206.85,33.19,4.42,Yes,0.4474551446356645,0.6182453660069116,0.3772656312015451,0.10784792465992325,0.021412737591774488,0.0014793444827161872,0.617790083079888,-0.604850175385809,-0.7942046489050788,-0.9283992193610453
D100517,2026-02-15 23:16:45.405405405,Bike,Warehouse B,Urban,7.59,Low,Normal,2,50,7.37,53.62,84.65,15.01,4.68,Yes,0.1120468692786525,0.033969525604775286,0.05392533008758235,0.023299616323683284,0.007263351517914695,-1.5800612218378585,-2.520922816946667,-2.3189370092226795,-1.1372919897710707,-0.9779287690487073
D100518,2026-02-16 01:25:02.702702702,Truck,Warehouse C,Suburban,25.3,Medium,Rain,10,500,172.45,126.28,337.63,175.32,4.57,Yes,0.544367142682778,0.6046575557650016,0.723308549202233,0.7688408324613416,0.5263257188674202,0.45844557798291163,0.544796759823457,1.2295874361459906,1.8880287810885081,0.8390352448266807
D100519,2026-02-16 03:33:20.000000000,Truck,Warehouse A,Semi-urban,29.51,Low,Normal,12,500,308.0,113.03,386.55,215.81,4.55,Yes,0.6471378005614549,0.5005890669180019,0.8527505093535838,0.9571445180792929,0.9525366704922413,0.9430369742135973,-0.014256149510483852,1.9157832455674288,2.6521435463065504,2.3309753470850336
D100520,2026-02-16 05:41:37.297297297,Bike,Warehouse C,Semi-urban,34.79,Low,Normal,11,50,18.64,122.45,274.93,50.7,4.78,Yes,0.7760283168558525,0.5745758718190387,0.5574048104146269,0.1892803162422974,0.042699702862892444,1.5507905542843856,0.3831988245216462,0.35010098375996973,-0.4637613409532902,-0.8538847634976071
D100521,2026-02-16 07:49:54.594594594,Van,Warehouse A,Semi-urban,26.74,Low,Rain,1,200,75.47,115.63,217.82,105.24,4.29,Yes,0.579519101672159,0.5210100534087339,0.4062921705077659,0.4429252412510173,0.22139072743565957,0.6241965543658538,0.09544479873617599,-0.4509751134611734,0.565500681644685,-0.2283815837754221
D100522,2026-02-16 09:58:11.891891891,Van,Warehouse C,Urban,29.3,Medium,Normal,1,200,41.37,116.54,232.37,112.15,4.77,Yes,0.6420114732088368,0.5281573986804902,0.44479136348000936,0.4750610394140216,0.11416982407596646,0.9188649568244182,0.13384013062250746,-0.2468837596778143,0.6959040658792288,-0.6037055047419276
D100523,2026-02-16 12:06:29.189189189,Truck,Warehouse A,Urban,15.36,Low,Rain,13,500,107.5,89.59,350.16,115.84,4.67,Yes,0.3017209813255218,0.31648601947847943,0.756462837033313,0.4922218346703871,0.32210291320137713,-0.6856965784382321,-1.003252390626527,1.4053444576515228,0.7655406053619301,0.12415874433475896
D100524,2026-02-16 14:14:46.486486486,Truck,Warehouse A,Suburban,10.75,Low,Normal,5,500,323.095,81.25,281.6,69.59,4.84,Yes,0.189185890394239,0.2509817781966698,0.5750535813510438,0.277130566213231,1.0,-1.2163299125530682,-1.3551392784638905,0.4436603878654686,-0.10727509953642632,2.497119469870647
D100525,2026-02-16 16:23:03.783783783,Truck,Warehouse B,Semi-urban,26.8,Low,Rain,4,500,323.095,111.1,301.37,197.64,4.79,Yes,0.58098376663005,0.48543041156141997,0.6273648559257003,0.8726427159632599,1.0,0.6311028450484766,-0.09568800724742797,0.7209721448618261,2.3092449223497256,2.497119469870647
D100526,2026-02-16 18:31:21.081081081,Van,Warehouse A,Urban,23.34,Low,Normal,1,200,46.36,100.89,249.96,94.66,4.71,Yes,0.49652142072500915,0.4052387684574301,0.4913343740904399,0.39372166027206135,0.12985992107786878,0.23284008235057338,-0.5264751924775813,-0.00015063850604214564,0.36583819174577453,-0.5487827374216091
D100527,2026-02-16 20:39:38.378378378,Van,Warehouse A,Urban,20.86,High,Rain,4,200,22.12,117.57,248.74,104.9,4.19,Yes,0.4359819357988527,0.5362472510210493,0.4881062630645886,0.44134402976398096,0.05364189476001069,-0.05261993253116069,0.17729858319714534,-0.01726345305007635,0.559084306733,-0.8155819117391485
D100528,2026-02-16 22:47:55.675675675,Bike,Warehouse A,Rural,35.1,High,Rain,3,50,9.44,145.44,200.29,47.37,4.2,No,0.783595752471622,0.7551445177505498,0.35990791945598377,0.17379374491338212,0.0137720691118902,1.5864730561446025,1.3532083630565364,-0.6968666208029111,-0.5266040717059719,-0.9551451761923828
D100529,2026-02-17 00:56:12.972972973,Bike,Warehouse C,Urban,22.59,High,Normal,2,50,12.08,120.7,176.3,44.09,4.25,Yes,0.47821310875137313,0.5608309770656613,0.29643055592305445,0.15853970468550171,0.02207304227522128,0.1465114488177909,0.30936164781716347,-1.0333718838450263,-0.5885032179128175,-0.9260878403756211
D100530,2026-02-17 03:04:30.270270270,Truck,Warehouse B,Rural,42.27,Medium,Normal,9,500,323.095,142.08,414.62,225.025,4.83,Yes,0.9586232149395826,0.7287543198240656,0.9270235228746061,0.9999999999999999,1.0,2.411774792718003,1.2114409837839302,2.309518249051888,2.8260461781041366,2.497119469870647
D100531,2026-02-17 05:12:47.567567567,Truck,Warehouse A,Semi-urban,30.36,Low,Normal,14,500,276.14,123.97,402.29,208.41,4.97,Yes,0.6678872207982424,0.5865142946905435,0.8943984335723544,0.922729915126148,0.8523590170893139,1.0408760922174172,0.4473316865735396,2.136566606979805,2.5124930335228135,1.9803061352963862
D100532,2026-02-17 07:21:04.864864864,Truck,Warehouse B,Semi-urban,24.35,High,Normal,15,500,130.97,129.1,409.42,174.64,4.4,No,0.521176614182839,0.6268064718818724,0.9132643611250758,0.7656784094872687,0.395899822346597,0.34909597550805394,0.6637800959986803,2.236578383782234,1.8751960312651375,0.3824828623724095
D100533,2026-02-17 09:29:22.162162162,Truck,Warehouse B,Urban,26.77,Medium,Normal,11,500,216.55,121.13,407.69,191.19,4.61,Yes,0.5802514341511046,0.5642082940622054,0.9086867938507129,0.8426462039297755,0.6649897023912462,0.6276496997071651,0.3275044969502646,2.212311851682907,2.187522515936874,1.3244248317657688
D100534,2026-02-17 11:37:39.459459459,Van,Warehouse A,Urban,24.11,Low,Normal,1,200,142.13,94.4,245.93,93.78,4.63,Yes,0.5153179543512755,0.35426484448633366,0.48067102373455395,0.38962911289384955,0.4309902998097693,0.32147081277756334,-0.8003056363702057,-0.05667903409002406,0.34923110373905997,0.5053161455978114
D100535,2026-02-17 13:45:56.756756756,Van,Warehouse B,Semi-urban,16.31,Low,Normal,7,200,166.35,88.27,229.62,68.67,4.63,No,0.3249115098254607,0.30611844172164615,0.4375148837086231,0.27285199395419135,0.5071454399672992,-0.5763469759633744,-1.0589467181979084,-0.2854577268877275,-0.12463705517980987,0.7718951885834056
D100536,2026-02-17 15:54:14.054054054,Truck,Warehouse A,Semi-urban,26.05,Low,Normal,14,500,298.39,114.45,431.29,191.66,4.86,Yes,0.562675454656414,0.511742067232171,0.9711322202524274,0.8448319962795022,0.9223198704545096,0.5447742115156942,0.04565744530115365,2.5433466248297987,2.196392210667733,2.225202242085382
D100537,2026-02-17 18:02:31.351351351,Truck,Warehouse A,Semi-urban,8.84,Low,Normal,13,500,323.095,85.51,306.86,65.97,4.63,Yes,0.14256072256804586,0.28444077913917687,0.6418913555420315,0.2602953144983141,1.0,-1.4361801659498876,-1.1753984940289781,0.7979798103099803,-0.17559062065495723,2.497119469870647
D100538,2026-02-17 20:10:48.648648648,Bike,Warehouse B,Urban,28.43,Medium,Normal,4,50,28.03,119.34,199.69,39.29,4.69,Yes,0.620773831319419,0.5501492302858938,0.3583203238694995,0.1362167189861644,0.07222475513701322,0.8187237419263903,0.2519796133496797,-0.7052827591032557,-0.6790873343130793,-0.7505331031493524
D100539,2026-02-17 22:19:05.945945945,Van,Warehouse A,Semi-urban,10.44,Medium,Normal,5,200,94.09,82.49,123.98,37.96,4.9,Yes,0.18161845477846938,0.26072101790763424,0.1579922207816262,0.1300313916986397,0.27993774270127497,-1.2520124144132851,-1.3028203646847145,-1.7672591436350842,-0.7041866832323186,-0.023439313734473836
D100540,2026-02-18 00:27:23.243243243,Bike,Warehouse B,Semi-urban,22.29,Low,Normal,10,50,10.0,98.32,211.29,32.74,4.61,Yes,0.4708897839619187,0.3850534087338988,0.3890138385415287,0.10575514475061039,0.015532881601081638,0.11197999540467785,-0.6349103605521649,-0.5425707519632582,-0.8026969098176033,-0.9489814988979183
D100541,2026-02-18 02:35:40.540540540,Truck,Warehouse B,Semi-urban,13.24,Low,Normal,5,500,254.68,89.66,315.1,101.58,4.78,Yes,0.2499694861467106,0.31703581526861446,0.6636943349297488,0.42590396465527264,0.7848821670570849,-0.9297188492242304,-1.0002989035583478,0.9135614429680476,0.4964302928894854,1.744105216119225
D100542,2026-02-18 04:43:57.837837837,Van,Warehouse A,Semi-urban,24.43,High,Normal,1,200,79.34,124.22,234.74,91.69,4.49,Yes,0.5231295007933602,0.5884778510838832,0.4510623660466223,0.3799093128705964,0.23355919945917902,0.3583043630848839,0.45787985467418,-0.21364001339145267,0.30978926972311255,-0.1857861710440327
D100543,2026-02-18 06:52:15.135135135,Bike,Warehouse B,Semi-urban,19.73,Low,Normal,6,50,40.19,83.1,167.27,32.73,4.71,Yes,0.408397412425241,0.26551209550738286,0.27253724234646626,0.10570863853040342,0.1104595406165988,-0.18268840705388617,-1.2770828345191518,-1.160034765265214,-0.8028856267267707,-0.6166932533266923
D100544,2026-02-18 09:00:32.432432432,Van,Warehouse A,Suburban,7.24,Medium,Normal,13,200,26.51,95.47,236.52,16.46,4.99,Yes,0.10350299035762235,0.36266886584982716,0.45577223295319225,0.030043018253691434,0.06744540695206502,-1.62034791748649,-0.755159476899465,-0.18867213643376338,-1.1099280379418248,-0.7672630843771848
D100545,2026-02-18 11:08:49.729729729,Van,Warehouse C,Urban,23.37,High,Normal,9,200,113.42,138.99,261.31,98.24,4.6,Yes,0.4972537532039546,0.7044847628023878,0.521366390601434,0.4103708871061504,0.3407172166585438,0.2362932276918848,1.0810656260600149,0.159054644342145,0.4333988452276365,0.18931761859052768
D100546,2026-02-18 13:17:07.027027027,Bike,Warehouse B,Suburban,15.38,Low,Rain,2,50,39.88,113.2,163.76,29.08,4.74,Yes,0.30220920297815207,0.5019242852654728,0.26324980816553323,0.08873386815486568,0.10948480513151068,-0.6833944815440244,-0.007083395202048313,-1.2092691743222308,-0.871767298572803,-0.6201052889718424
D100547,2026-02-18 15:25:24.324324324,Bike,Warehouse C,Urban,27.05,Low,Normal,7,50,8.92,109.45,230.76,56.8,4.58,Yes,0.5870865372879287,0.47247093936537865,0.4405313153229432,0.21764911056853853,0.01213702894335529,0.6598790562260707,-0.1653059167116542,-0.2694670641170728,-0.3486440263612908,-0.9608685908229571
D100548,2026-02-18 17:33:41.621621621,Van,Warehouse B,Suburban,20.01,Medium,Normal,6,200,102.42,83.43,269.65,87.44,4.59,Yes,0.4152325155620652,0.26810398994659135,0.5434339692535652,0.36014416928264154,0.30612982847799763,-0.15045905053498057,-1.263159252626306,0.276038966716936,0.22958458332704734,0.06824538602068718
D100549,2026-02-18 19:41:58.918918918,Van,Warehouse A,Suburban,23.16,Medium,Normal,5,200,118.01,100.39,250.76,89.43,4.73,Yes,0.4921274258513365,0.4013116556707509,0.4934511682057522,0.36939890710382517,0.35514959045388084,0.21212121030270562,-0.5475715286788622,0.011070879227750548,0.26713924825132274,0.23983775927194298
D100550,2026-02-18 21:50:16.216216216,Van,Warehouse B,Urban,12.34,Medium,Rain,4,200,7.37,104.12,207.08,37.08,4.54,Yes,0.22799951177834737,0.43060791705937795,0.3778742095096975,0.12593884432042785,0.007263351517914695,-1.0333132094635695,-0.3901928606173073,-0.6016239890373433,-0.7207937712390333,-0.9779287690487073
D100551,2026-02-18 23:58:33.513513513,Van,Warehouse C,Urban,15.29,High,Storm,4,200,33.38,123.75,202.3,65.27,4.09,Yes,0.30001220554131575,0.5847863650644046,0.3652263646707061,0.2570398790838274,0.08904680302482432,-0.6937539175679585,0.4380492986449761,-0.668672557496756,-0.18880080429666213,-0.6916479718540208
D100552,2026-02-19 02:06:50.810810810,Truck,Warehouse B,Urban,16.33,Low,Normal,6,500,189.37,85.06,306.01,111.69,4.95,Yes,0.325399731478091,0.28090637763116555,0.639642261794512,0.47292175328450176,0.5795274105051331,-0.5740448790691669,-1.1943851966101309,0.786056947717825,0.687223088057537,1.0252663516522902
D100553,2026-02-19 04:15:08.108108108,Van,Warehouse C,Semi-urban,26.85,Medium,Normal,4,200,18.3,106.11,265.04,110.07,4.71,Yes,0.5822043207616258,0.4462378259503613,0.531235943164078,0.46538774561097546,0.04163063813731192,0.6368580872839955,-0.30622944253621,0.21137497077595482,0.6566509487724485,-0.857626996140675
D100554,2026-02-19 06:23:25.405405405,Van,Warehouse C,Rural,43.965,Medium,Rain,5,200,123.79,165.65,373.33,175.92,4.5,Yes,1.0,0.9138784165881244,0.817770486598047,0.7716312056737588,0.3733236907887496,2.6068775045020915,2.205922272312306,1.7303476650165002,1.8993517956385406,0.30345571420409556
D100555,2026-02-19 08:31:42.702702702,Truck,Warehouse A,Urban,13.56,Low,Normal,13,500,296.78,95.56,326.55,93.53,4.83,Yes,0.2577810325887953,0.3633757461514294,0.6939909507051569,0.38846645738867575,0.9172575345480842,-0.8928852989169099,-0.7513621363832345,1.0741694155329589,0.34451318100987965,2.207481669863796
D100556,2026-02-19 10:40:00.000000000,Van,Warehouse A,Rural,40.61,Medium,Normal,6,200,130.43,149.42,314.36,148.84,4.78,Yes,0.9181008177712681,0.7864043355325165,0.6617363003730848,0.645692361353331,0.39420189601773387,2.2207007504987777,1.521135199218731,0.903181539064289,1.3883064056137304,0.3765393164098902
D100557,2026-02-19 12:48:17.297297297,Bike,Warehouse B,Suburban,3.0,Low,Normal,5,50,26.11,49.29500000000001,108.27,10.0,4.53,Yes,0.0,0.0,0.11642367634217973,0.0,0.0661876837454997,-2.108392459058487,-2.703406125087745,-1.9876216981324428,-1.231839161263844,-0.7716657110160882
D100558,2026-02-19 14:56:34.594594594,Bike,Warehouse B,Urban,10.45,Medium,Normal,7,50,44.99,87.47,166.01,10.0,4.63,Yes,0.18186256560478453,0.29983506126295945,0.26920329161484924,0.0,0.12555221909538258,-1.2508613659661814,-1.0927008561199576,-1.1777086556959382,-1.231839161263844,-0.5638617336598528
D100559,2026-02-19 17:04:51.891891891,Van,Warehouse C,Urban,12.33,Low,Storm,9,200,52.19,123.93,225.42,56.3,4.68,Yes,0.22775540095203223,0.5862001256676093,0.4264017146032333,0.21532379955819086,0.14819123681355825,-1.034464257910673,0.4456439796774375,-0.34437069499014067,-0.35807987181965145,-0.48461445415959364
D100560,2026-02-19 19:13:09.189189189,Van,Warehouse C,Suburban,9.18,Medium,Storm,10,200,119.58,120.84,231.38,30.1,4.45,Yes,0.15086049066276086,0.5619305686459315,0.44217183076231037,0.09347750261597489,0.36008615403964966,-1.3970445187483596,0.3152686219535221,-0.2607703878733832,-0.8525181738377473,0.25711806882963834
D100561,2026-02-19 21:21:26.486486486,Van,Warehouse A,Semi-urban,7.33,Medium,Rain,7,200,73.27,91.09,235.13,40.34,4.62,Yes,0.10569998779445867,0.3282673578385171,0.45209430317783705,0.14109987210789443,0.21447324979955035,-1.6099884814625562,-0.9399633820226846,-0.2081695234962288,-0.659272058850522,-0.2525960302893902
D100562,2026-02-19 23:29:43.783783783,Bike,Warehouse A,Semi-urban,23.3,High,Normal,7,50,30.05,107.79,186.89,28.41,4.32,Yes,0.49554497741974857,0.45943292491360355,0.32445161802450173,0.08561795140099988,0.07857625733016806,0.2282358885621584,-0.23534575289990625,-0.8848270428439428,-0.8844113314870063,-0.7282998386228908
D100563,2026-02-20 01:38:01.081081081,Bike,Warehouse C,Urban,18.29,Low,Rain,4,50,33.16,95.09,182.06,44.2,4.43,Yes,0.37324545343585985,0.359684260131951,0.3116714735533035,0.15905127310777817,0.08835505526121337,-0.3484393834368286,-0.7711926924124383,-0.9525769561617174,-0.5864273319119782,-0.6940694165054178
D100564,2026-02-20 03:46:18.378378378,Bike,Warehouse A,Urban,23.04,Medium,Normal,1,50,31.03,119.04,179.78,18.97,4.42,Yes,0.48919809593555474,0.5477929626138863,0.3056386103246632,0.04171607952563654,0.08165767918625308,0.19830862893746032,0.2393218116289114,-0.9845582817030273,-1.0625600937408546,-0.7175134033575777
D100565,2026-02-20 05:54:35.675675675,Bike,Warehouse C,Suburban,25.52,Medium,Normal,14,50,43.71,140.23,247.66,41.67,4.85,Yes,0.5497375808617112,0.7142240025133522,0.4852485910089168,0.14728519939541912,0.12152750483437358,0.4837686438191944,1.1333845398391904,-0.032412501990696986,-0.6341727099312828,-0.5779501389043433
D100566,2026-02-20 08:02:52.972972972,Van,Warehouse B,Urban,22.12,Medium,Rain,8,200,95.07,125.85,268.06,88.79,4.7,Yes,0.4667398999145612,0.6012802387684574,0.539226840949382,0.36642250901058016,0.28301916455736,0.09241217180391403,0.5266539106903552,0.2537362002210229,0.25506136606462115,-0.012652878469160887
D100567,2026-02-20 10:11:10.270270270,Van,Warehouse B,Urban,25.26,Medium,Normal,4,200,23.5,104.33,239.42,91.35,4.78,Yes,0.5433906993775174,0.43225730442978316,0.46344561162119957,0.37832810138356,0.05798103982266102,0.45384138419449666,-0.38133239941276964,-0.14799413464876432,0.30337289481142726,-0.8003928498349322
D100568,2026-02-20 12:19:27.567567567,Van,Warehouse A,Urban,19.44,Medium,Normal,1,200,126.46,95.9,214.72,73.35,4.87,Yes,0.4013181984621018,0.36604618284637136,0.3980895933109305,0.2946169050110452,0.3817189931925731,-0.21606881201989528,-0.7370166277663633,-0.49445849467962094,-0.03631754168955471,0.3328432470187749
D100569,2026-02-20 14:27:44.864864864,Truck,Warehouse B,Semi-urban,10.5,High,Normal,5,500,314.1,106.23,256.47,71.41,4.4,Yes,0.18308311973636032,0.4471803330191644,0.5085597862037943,0.2855946982908964,0.9717169493923625,-1.2451061237306624,-0.30116632184790243,0.09116446205269811,-0.07292862206799383,2.398115403328309
D100570,2026-02-20 16:36:02.162162162,Bike,Warehouse B,Rural,40.46,High,Rain,14,50,32.57,176.615,296.46,62.69,4.26,Yes,0.9144391553765409,1.0000000000000002,0.6143730320429707,0.24504127427043365,0.08649991353152954,2.2034350237922213,2.6685649252063937,0.6521000797706716,-0.23748976686180284,-0.7005632907978
D100571,2026-02-20 18:44:19.459459459,Van,Warehouse B,Suburban,15.29,Medium,Normal,14,200,78.94,109.71,280.41,53.67,4.74,Yes,0.30001220554131575,0.47451303801445177,0.5719048501045166,0.20309266364376233,0.2323014762526137,-0.6937539175679585,-0.15433582188698858,0.4269683802364516,-0.4077124189306282,-0.19018879768293603
D100572,2026-02-20 20:52:36.756756756,Van,Warehouse A,Rural,24.52,Medium,Normal,8,200,57.21,124.59,288.21,101.48,4.89,Yes,0.5253264982301965,0.5913839145460258,0.592543592728812,0.4254389024532031,0.16397566305595296,0.36866379910881775,0.473491143463128,0.536378178140932,0.4945431237978134,-0.4293614898413573
D100573,2026-02-20 23:00:54.054054054,Van,Warehouse B,Urban,18.58,High,Normal,4,200,51.03,112.57,224.52,75.28,4.62,Yes,0.38032466739899906,0.496976123154257,0.42402032122350686,0.3035926055109871,0.14454383951451882,-0.31505897847081954,-0.03366477881566251,-0.3569949024406574,0.00010482177971737548,-0.49738207141241314
D100574,2026-02-21 01:09:11.351351351,Van,Warehouse C,Suburban,12.7,High,Rain,13,200,33.63,123.87,227.01,57.03,4.38,Yes,0.2367875015256926,0.5857288721332077,0.4306088429074165,0.21871875363329846,0.08983288002892764,-0.9918754653678339,0.4431124193332837,-0.32206792849422716,-0.3443035374504449,-0.6888963302047063
D100575,2026-02-21 03:17:28.648648648,Truck,Warehouse A,Urban,16.66,High,Rain,12,500,321.95,126.73,370.6,109.72,4.37,Yes,0.3334553887464909,0.6081919572730129,0.8105469266795436,0.4637600279037321,0.9963997673212066,-0.5360602803147424,0.5637834624046097,1.6920542357499324,0.6500458569515961,2.484516951116786
D100576,2026-02-21 05:25:45.945945945,Truck,Warehouse A,Suburban,22.75,Medium,Normal,8,500,323.095,116.75,386.46,155.98,4.75,Yes,0.4821188819724155,0.5298067860508954,0.8525123700156111,0.6788978025810951,1.0,0.16492822397145118,0.14270059182704514,1.9145208248223766,1.5230502787591196,2.497119469870647
D100577,2026-02-21 07:34:03.243243243,Bike,Warehouse A,Rural,34.79,Low,Normal,8,50,11.42,136.58,245.81,63.72,4.68,Yes,0.7760283168558525,0.6855560791705939,0.480353504617257,0.24983141495174976,0.01999779898438851,1.5507905542843856,0.9793812855698416,-0.05836226175009306,-0.21805192521757996,-0.9333521743298115
D100578,2026-02-21 09:42:20.540540540,Truck,Warehouse B,Suburban,12.82,Medium,Normal,3,500,90.91,92.22,252.47,82.49,4.64,Yes,0.23971683144147443,0.3371426327364122,0.49797581562723237,0.33712359028019995,0.2699388432090807,-0.9780628840025887,-0.8922856622077902,0.035056873383733055,0.13616971328927727,-0.058440195513755074
D100579,2026-02-21 11:50:37.837837837,Van,Warehouse B,Suburban,16.1,Medium,Storm,9,200,92.82,113.52,243.85,53.26,4.56,No,0.3197851824728427,0.5044376374489475,0.4751673590347417,0.20118590861527724,0.27594447152043006,-0.6005189933525532,0.0064182599667711015,-0.08585498019788586,-0.41544981220648397,-0.0374176533129919
D100580,2026-02-21 13:58:55.135135135,Bike,Warehouse B,Suburban,28.59,Medium,Normal,3,50,28.49,105.04,227.92,37.84,4.64,Yes,0.6246796045404613,0.4378338045868678,0.4330166962135844,0.12947331705615628,0.07367113682456333,0.8371405170800507,-0.35137560200695056,-0.30930345207203774,-0.7064512861423251,-0.7454700825146137
D100581,2026-02-21 16:07:12.432432432,Van,Warehouse A,Urban,23.97,Medium,Storm,1,200,152.23,140.48,240.36,81.67,4.33,Yes,0.5119004027828633,0.7161875589066917,0.4659328447066916,0.33331008022322983,0.4627478107755435,0.30535613451811056,1.1439327079398307,-0.13480885131155726,0.12069492673756599,0.6164824682301193
D100582,2026-02-21 18:15:29.729729729,Truck,Warehouse A,Rural,43.965,High,Normal,2,500,307.42,171.97,442.20000000000005,225.025,4.28,No,1.0,0.96351712221175,0.9999999999999999,0.9999999999999999,0.9507129718427217,2.6068775045020915,2.472579961896495,2.6963800729244003,2.8260461781041366,2.3245915384586238
D100583,2026-02-21 20:23:47.027027027,Van,Warehouse B,Suburban,29.44,Medium,Rain,15,200,113.31,148.54,357.88,115.5,4.85,Yes,0.6454290247772488,0.779492617027961,0.7768899002460771,0.4906406231833507,0.34037134277673836,0.9349796350838709,1.4840056475044772,1.5136321037826244,0.7591242304502448,0.1881068962648293
D100584,2026-02-21 22:32:04.324324324,Bike,Warehouse B,Suburban,29.15,High,Rain,6,50,31.83,149.23,214.8,41.54,4.7,No,0.6383498108141096,0.7849120326735783,0.39830127272246174,0.14668061853272873,0.08417312559938371,0.9015992301178614,1.5131185914622445,-0.4933363429062415,-0.6366260297504567,-0.7087081500797712
D100585,2026-02-22 00:40:21.621621621,Van,Warehouse C,Suburban,8.9,Medium,Normal,12,200,161.6,108.32,222.35,41.54,4.88,Yes,0.14402538752593674,0.46359566446748346,0.41827851718572207,0.14668061853272873,0.49220997688933604,-1.429273875267265,-0.21298363652654917,-0.3874332692935709,-0.6366260297504567,0.719613997246429
D100586,2026-02-22 02:48:38.918918918,Bike,Warehouse A,Suburban,26.11,Medium,Storm,10,50,16.66,142.76,217.25,33.36,4.52,Yes,0.5641401196143049,0.734095193213949,0.4047839547006058,0.10863853040344144,0.036473972990394135,0.5516805021983165,1.240132001017671,-0.4589704448465008,-0.7909964614492362,-0.8756777653601785
D100587,2026-02-22 04:56:56.216216216,Bike,Warehouse B,Urban,19.58,Medium,Normal,2,50,23.81,108.33,136.68,27.64,4.85,Yes,0.40473575003051376,0.46367420672321713,0.1915963273622099,0.08203697244506451,0.05895577530774915,-0.1999541337604429,-0.21256170980252334,-1.5891175496111214,-0.8989425334928816,-0.7969808141897821
D100588,2026-02-22 07:05:13.513513513,Bike,Warehouse B,Semi-urban,15.59,High,Normal,6,50,43.25,112.52,141.39,17.37,4.33,No,0.30733553033077016,0.4965834118755891,0.20405895271611138,0.03427508429252413,0.12008112314682345,-0.6592224641548454,-0.035774412435790465,-1.523050863953416,-1.0927547992076083,-0.5830131595390822
D100589,2026-02-22 09:13:30.810810811,Bike,Warehouse B,Urban,21.34,Low,Normal,14,50,35.67,92.67,247.55,17.97,4.78,Yes,0.44769925546197975,0.3406770342444235,0.48495753181806145,0.03706545750494128,0.09624726838241074,0.0026303929298201333,-0.8732989596266374,-0.03395546067909331,-1.0814317846575758,-0.6664429343462995
D100590,2026-02-22 11:21:48.108108108,Bike,Warehouse B,Semi-urban,27.56,Low,Rain,1,50,43.78,103.37,198.32,41.75,4.79,Yes,0.5995361894300012,0.42471724787935916,0.35469531394702714,0.14765724915707473,0.12174760639552251,0.7185825270283626,-0.42183736491922846,-0.7244996082223761,-0.6326629746579452,-0.5771796792425353
D100591,2026-02-22 13:30:05.405405405,Bike,Warehouse B,Semi-urban,24.01,High,Normal,11,50,34.85,128.45,248.09,44.22,4.27,Yes,0.512876846088124,0.6217012252591894,0.4863863678458973,0.15914428554819204,0.09366893580895184,0.3099603283065259,0.636354858937015,-0.02638093620878319,-0.5860498980936437,-0.6754683189560513
D100592,2026-02-22 15:38:22.702702702,Van,Warehouse C,Semi-urban,12.97,Low,Normal,13,200,103.0,101.37,302.76,52.51,4.69,Yes,0.24337849383620164,0.40900879673264223,0.6310427857010555,0.19769794209975583,0.30795352712751733,-0.9607971572960321,-0.5062227097243516,0.7404695319242912,-0.42960358039402485,0.07462919464709693
D100593,2026-02-22 17:46:40.000000000,Bike,Warehouse A,Suburban,25.94,Medium,Normal,1,50,7.58,120.65,196.44,46.27,4.84,Yes,0.5599902355669474,0.5604382657869934,0.34972084777604306,0.16867806069061736,0.007923656201361484,0.5321126785975527,0.3072520141970355,-0.7508701748967895,-0.5473629317143652,-0.9756173900632832
D100594,2026-02-22 19:54:57.297297297,Bike,Warehouse A,Suburban,14.9,Medium,Normal,5,50,28.11,95.84,137.88,13.58,4.7,No,0.290491883315025,0.3655749293119699,0.1947715185351784,0.01664922683408905,0.07247629977832629,-0.7386448070050052,-0.7395481881105171,-1.5722852730104322,-1.164278507781982,-0.7496525778215717
D100595,2026-02-22 22:03:14.594594594,Truck,Warehouse B,Urban,21.73,Medium,Normal,10,500,279.66,108.23,387.14,146.08,4.79,Yes,0.4572195776882705,0.4628887841658813,0.8543116450136267,0.632856644576212,0.8634269813070888,0.04752128236686708,-0.21678097704277927,1.9240591148961006,1.33622053868358,2.019049249718736
D100596,2026-02-23 00:11:31.891891892,Van,Warehouse B,Semi-urban,17.57,Medium,Normal,13,200,8.22,100.53,238.63,59.93,4.83,Yes,0.35566947394116927,0.40241124725102106,0.4613552774323286,0.23220555749331473,0.00993601333186599,-0.4313148716282997,-0.5416645545425035,-0.15907538341088473,-0.2895756337919534,-0.9685731874410379
D100597,2026-02-23 02:19:49.189189189,Van,Warehouse A,Urban,18.25,Low,Rain,11,200,125.69,119.38,295.36,75.93,4.83,No,0.37226901013059926,0.5504633993088281,0.6114624401344163,0.306615509824439,0.37929787601993487,-0.3530435772252436,0.25366732024578187,0.6366704928867069,0.012371420875586276,0.32436819073888606
D100598,2026-02-23 04:28:06.486486486,Bike,Warehouse A,Suburban,26.13,Medium,Normal,9,50,19.68,107.91,175.46,36.65,4.96,No,0.5646283412669352,0.4603754319824065,0.29420792210197655,0.12393907685152887,0.04596978319996227,0.553982599092524,-0.23028263221159928,-1.045154477465509,-0.7289085983332234,-0.8424379342364585
D100599,2026-02-23 06:36:23.783783784,Bike,Warehouse A,Urban,11.68,Medium,Normal,14,50,17.68,98.32,175.39,14.68,4.61,Yes,0.21188819724154767,0.3850534087338988,0.2940227026168867,0.021764911056853853,0.039681167167135684,-1.109282406972418,-0.6349103605521649,-1.0461363602672162,-1.1435196477735885,-0.864451067430975
D100600,2026-02-23 08:44:41.081081081,Bike,Warehouse C,Urban,35.56,Medium,Normal,8,50,39.0,161.76,274.91,58.69,4.75,Yes,0.7948248504821189,0.88332547910776,0.5573518905617442,0.22643878618765256,0.10671781407706699,1.639421284711376,2.041792776666341,0.3498204458166252,-0.31297653052868774,-0.6297910675774296
D100601,2026-02-23 10:52:58.378378378,Bike,Warehouse A,Suburban,5.43,Low,Normal,3,50,38.85,55.16,137.24,10.0,4.77,No,0.05931893079458071,0.046065032987747334,0.19307808324292855,0.0,0.106246167874605,-1.8286876864122719,-2.455946101446722,-1.5812624871974663,-1.231839161263844,-0.6314420525670184
D100602,2026-02-23 13:01:15.675675675,Bike,Warehouse A,Urban,15.22,Medium,Rain,15,50,19.25,105.22,192.0,31.47,4.83,Yes,0.2983034297571097,0.43924756519007224,0.33797264043605946,0.09984885478432738,0.04461773075290455,-0.7018112566976847,-0.3437809209744898,-0.8131495983193402,-0.8266639572818393,-0.8471707578732797
D100603,2026-02-23 15:09:32.972972973,Bike,Warehouse A,Semi-urban,22.96,Low,Rain,3,50,38.3,87.77,159.98,36.33,4.8,Yes,0.48724520932503357,0.3021913289349669,0.2532479559706823,0.12245087780490639,0.10451679846557767,0.18910024136063036,-1.0800430543991892,-1.2622908456144024,-0.7349475394265742,-0.6374956641955104
D100604,2026-02-23 17:17:50.270270270,Bike,Warehouse A,Urban,24.67,Low,Normal,15,50,39.03,140.88,252.32,34.08,4.8,Yes,0.5289881606249237,0.7193292491360352,0.4975789167306113,0.11198697825834204,0.10681214331755938,0.3859295258153745,1.1608097769008556,0.0329528388086468,-0.777408843989197,-0.6294608705795118
D100605,2026-02-23 19:26:07.567567567,Bike,Warehouse A,Urban,19.2,Low,Rain,1,50,21.96,98.39,203.36,16.39,4.6,No,0.39545953863053823,0.38560320452403396,0.368031116873495,0.02971747471224276,0.05313880547738456,-0.2436939747503859,-0.6319568734839852,-0.6538040464994804,-1.1112490563059954,-0.8173429623947097
D100606,2026-02-23 21:34:24.864864865,Van,Warehouse B,Suburban,19.54,Low,Rain,14,200,63.23,106.39,233.61,83.47,4.82,Yes,0.40375930672525323,0.4484370091109017,0.4480723943587436,0.34168119986048134,0.18290439731476094,-0.20455832754885786,-0.29441549426349267,-0.22949040719043512,0.15466397038766413,-0.36310195892586283
D100607,2026-02-23 23:42:42.162162162,Bike,Warehouse A,Urban,23.28,High,Rain,3,50,5.06,129.17,174.92,37.18,4.13,Yes,0.4950567557671183,0.6273562676720075,0.2927790860741406,0.1264039065224974,0.0,0.2259337916679509,0.6667335830668593,-1.0527290019358195,-0.7189066021473611,-1.0033539378883738
D100608,2026-02-24 01:50:59.459459459,Bike,Warehouse C,Urban,18.15,Low,Normal,15,50,25.93,97.17,227.73,29.87,5.0,Yes,0.3698279018674478,0.3760210493245366,0.4325139576111977,0.09240785955121496,0.06562170830254531,-0.3645540616962814,-0.6834319338151104,-0.3119685625338135,-0.8568586627485931,-0.7736468930035946
D100609,2026-02-24 03:59:16.756756756,Van,Warehouse A,Semi-urban,31.15,High,Storm,14,200,80.91,159.66,300.93,127.5,3.91,No,0.687171976077139,0.8668316054037073,0.6262006191622785,0.5464480874316939,0.23849576304494788,1.1318089195386147,1.953188164620962,0.7148003101082401,0.9855845214508995,-0.16850586148633734
D100610,2026-02-24 06:07:34.054054054,Van,Warehouse B,Urban,26.71,High,Normal,12,200,67.26,149.3,272.2,102.61,4.52,Yes,0.5787867691932137,0.7854618284637136,0.5501812504961234,0.43069410533658875,0.19557595862090651,0.6207434090245427,1.5160720785304247,0.31180755449340114,0.5158681345337083,-0.31874549553891207
D100611,2026-02-24 08:15:51.351351351,Bike,Warehouse C,Semi-urban,26.98,Medium,Normal,12,50,35.9,127.3,237.48,39.26,4.8,Yes,0.5853777615037227,0.6126688658498272,0.4583123858915671,0.13607720032554355,0.09697045922618579,0.6518217170963443,0.5878332856740696,-0.17520631515321214,-0.679653485040581,-0.6639114240289301
D100612,2026-02-24 10:24:08.648648648,Van,Warehouse B,Urban,12.27,Low,Normal,12,200,58.35,94.59,238.85,45.41,4.71,Yes,0.22629073599414135,0.35575714734527175,0.4619373958140395,0.16467852575281938,0.1675601741946641,-1.0413705485932958,-0.7922890286137191,-0.1559894660340917,-0.5635925859027455,-0.4168140039204829
D100613,2026-02-24 12:32:25.945945946,Van,Warehouse B,Urban,19.36,Medium,Normal,13,200,125.38,113.29,261.44,87.44,4.62,No,0.3993653118515806,0.5026311655670751,0.5217103696451723,0.36014416928264154,0.3783231405348467,-0.22527719959672562,-0.003286054685817628,0.1608781409738863,0.22958458332704734,0.32095615509373604
D100614,2026-02-24 14:40:43.243243243,Bike,Warehouse A,Semi-urban,17.6,High,Normal,11,50,40.51,123.01,235.56,24.2,4.24,No,0.35640180642011476,0.5789742381401194,0.4532320800148174,0.0660388326938728,0.11146571918185105,-0.42786172628698826,0.4068267210670808,-0.202137957714315,-0.9638611502464025,-0.6131711520155697
D100615,2026-02-24 16:49:00.540540540,Truck,Warehouse A,Urban,11.96,Medium,Normal,1,500,323.095,58.07,290.05,78.77,4.82,Yes,0.2187233003783718,0.06892082940622052,0.5974122191940305,0.31982327636321356,1.0,-1.0770530504535125,-2.3331654247552676,0.5621876689286562,0.06596702307907433,2.497119469870647
D100616,2026-02-24 18:57:17.837837838,Truck,Warehouse B,Urban,22.88,Low,Normal,8,500,132.37,111.84,365.68,170.71,4.81,No,0.4852923227145123,0.4912425384857053,0.7975286428703726,0.7474014649459364,0.40030185356957565,0.17989185378380004,-0.06446542966953202,1.6230419016871056,1.8010302859624234,0.3978920556085711
D100617,2026-02-24 21:05:35.135135135,Bike,Warehouse C,Suburban,15.7,Medium,Rain,1,50,34.84,87.02,166.63,33.23,4.78,Yes,0.3100207494202368,0.2963006597549481,0.2708438070542163,0.10803394954075106,0.09363749272878771,-0.6465609312367041,-1.1116875587011106,-1.1690119794522487,-0.79344978126841,-0.6755783846220238
D100618,2026-02-24 23:13:52.432432432,Bike,Warehouse B,Urban,25.24,High,Rain,5,50,20.13,129.66,211.03,39.75,4.33,Yes,0.542902477724887,0.6312048382029531,0.38832588045405225,0.1383560051156842,0.04738472180734825,0.4515392873002888,0.6874079925441149,-0.5462177452267408,-0.6704063564913876,-0.8374849792676924
D100619,2026-02-25 01:22:09.729729729,Truck,Warehouse B,Semi-urban,11.44,High,Normal,9,500,158.83,101.1,301.97,79.04,4.41,No,0.2060295374099841,0.40688815582783533,0.6289524515121847,0.3210789443088013,0.48350024368387123,-1.1369075697029085,-0.5176147312730437,0.7293882831621712,0.07106237962658926,0.6891258077720239
D100620,2026-02-25 03:30:27.027027027,Van,Warehouse B,Urban,33.75,Low,Rain,7,200,37.9,112.41,290.17,131.96,4.64,Yes,0.7506407909190772,0.4957194470625196,0.5977297383113274,0.5671898616439949,0.10325907525901236,1.431081515785594,-0.04041560640007222,0.5638708965887252,1.0697522629394762,-0.6418982908344137
D100621,2026-02-25 05:38:44.324324324,Bike,Warehouse B,Semi-urban,12.83,Medium,Rain,4,50,41.31,90.83,115.65,18.89,4.6,Yes,0.23996094226778958,0.3262252591894439,0.13595110205593627,0.041344029763980925,0.1139811655949817,-0.9769118355554849,-0.9509334768473509,-1.8841031970382032,-1.0640698290141923,-0.6043658987377631
D100622,2026-02-25 07:47:01.621621621,Bike,Warehouse A,Rural,33.75,Low,Rain,11,50,21.76,132.48,316.87,43.63,4.66,Yes,0.7506407909190772,0.653353754319824,0.6683777419098773,0.15640041855598186,0.052509943874101905,1.431081515785594,0.8063913287193382,0.9383890509540642,-0.5971841957345092,-0.8195442757141614
D100623,2026-02-25 09:55:18.918918919,Bike,Warehouse B,Suburban,26.33,Low,Normal,9,50,36.33,107.38,248.85,43.36,4.67,Yes,0.569510557793238,0.45621269242852647,0.48839732225544397,0.15514475061039412,0.0983225116732435,0.5770035680345993,-0.25264474858495695,-0.01572049436168003,-0.602279552282024,-0.6591786003921091
D100624,2026-02-25 12:03:36.216216216,Van,Warehouse C,Rural,27.43,High,Normal,9,200,97.25,121.35,216.22,122.94,4.57,Yes,0.5963627486879043,0.5659362236883443,0.4020585822771412,0.5252412510173234,0.289873756033141,0.7036188972160138,0.33678688487882813,-0.4734181489287592,0.8995296108706506,0.011341436712862125
D100625,2026-02-25 14:11:53.513513513,Van,Warehouse A,Suburban,26.82,Low,Storm,2,200,133.49,135.92,275.97,111.78,4.2,Yes,0.5814719882826803,0.6803722902921772,0.560156642764533,0.47334030926636433,0.4038234785479585,0.633404941942684,0.9515341217841499,0.36468895681390084,0.6889215402400419,0.4102194101975004
D100626,2026-02-25 16:20:10.810810811,Bike,Warehouse B,Rural,22.17,Low,Normal,10,50,5.06,108.32,176.47,24.43,4.7,Yes,0.46796045404613695,0.46359566446748346,0.29688037467255834,0.06710847575863271,0.0,0.09816741403943294,-0.21298363652654917,-1.0309873113265955,-0.9595206613355567,-1.0033539378883738
D100627,2026-02-25 18:28:28.108108108,Van,Warehouse A,Urban,31.62,Low,Normal,10,200,160.38,114.6,242.18,130.12,4.79,Yes,0.6986451849139509,0.5129202010681746,0.47074855131902726,0.5586327171259156,0.4883739211093118,1.185908196552492,0.05198634616153752,-0.10927989846717844,1.0350283516527092,0.7061859859977739
D100628,2026-02-25 20:36:45.405405405,Van,Warehouse B,Semi-urban,20.11,High,Normal,11,200,128.02,120.9,204.36,82.0,4.65,Yes,0.4176736238252166,0.5624018221803331,0.37067710951763544,0.3348447854900593,0.38662411369817784,-0.13894856606394315,0.31780018229767587,-0.6397771493322393,0.12692258474008394,0.3500134909104979
D100629,2026-02-25 22:45:02.702702702,Bike,Warehouse A,Suburban,15.23,High,Normal,12,50,33.51,126.84,183.26,26.42,4.26,Yes,0.29854754058342486,0.6090559220860824,0.314846664726272,0.0763632135798163,0.08945556306695802,-0.700660208250581,0.5684246563688915,-0.9357446795610281,-0.9219659964112814,-0.6902171181963773
D100630,2026-02-26 00:53:20.000000000,Bike,Warehouse B,Suburban,17.61,Medium,Normal,6,50,6.85,96.65,207.49,19.86,4.62,Yes,0.35664591724642986,0.37193685202639026,0.37895906649379507,0.04585513312405533,0.005628311349379786,-0.4267106778398847,-0.7053721234644421,-0.5958729611987744,-1.0457642888249727,-0.9836521836792818
D100631,2026-02-26 03:01:37.297297297,Van,Warehouse C,Suburban,26.47,High,Normal,4,200,80.54,116.53,286.09,105.91,4.46,Yes,0.5729281093616502,0.5280788564247565,0.5869340883232342,0.44604115800488314,0.23733236907887498,0.5931182462940521,0.13341820389848164,0.5066411561463807,0.5781447145588883,-0.17257829112732279
D100632,2026-02-26 05:09:54.594594594,Truck,Warehouse A,Semi-urban,15.32,Low,Normal,8,500,323.095,86.8,332.01,114.3,4.72,Yes,0.3007445380202612,0.29457273012880925,0.7084380705421637,0.4850598767585164,1.0,-0.6903007722266471,-1.120969946629674,1.1507562740660953,0.7364782013501793,2.497119469870647
D100633,2026-02-26 07:18:11.891891892,Van,Warehouse B,Urban,14.01,Medium,Rain,12,200,152.52,100.14,258.53,47.48,4.67,Yes,0.2687660197729769,0.3993480992774112,0.5140105310507235,0.17430531333565863,0.4636596601003034,-0.8410881187972405,-0.5581196967795025,0.12005987021721415,-0.5245281857051326,0.6196743725433245
D100634,2026-02-26 09:26:29.189189189,Van,Warehouse C,Urban,18.23,Medium,Rain,11,200,96.08,110.88,216.23,69.33,4.77,Yes,0.37178078847796897,0.4837024819352812,0.40208504220358254,0.27592140448785024,0.2861949156539374,-0.3553456741194511,-0.10497039517599147,-0.4732778799570869,-0.11218173917477393,-0.0015362462059300207
D100635,2026-02-26 11:34:46.486486486,Bike,Warehouse C,Semi-urban,10.58,Low,Normal,7,50,18.35,76.15,162.89,13.57,4.83,Yes,0.1850360063468815,0.21092522777254163,0.26094779456513106,0.0166027206138821,0.041787853538132594,-1.2358977361538324,-1.5703219077169543,-1.2214725748577309,-1.1644672246911492,-0.857076667810812
D100636,2026-02-26 13:43:03.783783784,Van,Warehouse A,Semi-urban,34.56,Medium,Storm,7,200,5.95,170.17,321.43,146.23,4.31,Yes,0.7704137678506042,0.9493795161797047,0.6804434683671577,0.6335542378793162,0.0027984341346078273,1.5243164400009994,2.3966331515718835,1.002351702036684,1.3390512923210878,-0.993558093616814
D100637,2026-02-26 15:51:21.081081081,Van,Warehouse A,Rural,27.47,High,Normal,11,200,11.16,161.67,354.62,119.06,4.2,Yes,0.5973391919931649,0.8826185988061577,0.7682639642261793,0.5071968375770258,0.019180278900121053,0.7082230910044287,2.0379954361501103,1.4679044190174182,0.8263074501137724,-0.9362138816450987
D100638,2026-02-26 17:59:38.378378378,Bike,Warehouse A,Semi-urban,26.65,Low,Normal,10,50,7.87,126.93,216.35,24.65,4.9,Yes,0.5773221042353228,0.6097628023876847,0.40240256132087937,0.06813161260318566,0.008835505526121338,0.6138371183419198,0.5722219968851222,-0.4715946522970179,-0.9553688893338781,-0.9724254857500783
D100639,2026-02-26 20:07:55.675675675,Bike,Warehouse C,Rural,33.68,Low,Rain,9,50,34.89,135.14,256.86,58.5,4.73,No,0.7489320151348712,0.6742459943449575,0.509591723335009,0.2255551680037205,0.09379470812960837,1.4230241766558676,0.9186238373101518,0.09663495194792197,-0.31656215180286473,-0.6750280562921609
D100640,2026-02-26 22:16:12.972972973,Bike,Warehouse C,Semi-urban,12.12,Low,Rain,13,50,7.12,121.31,187.86,27.61,4.71,Yes,0.22262907359941408,0.56562205466541,0.32701823088931814,0.08189745378444367,0.0064772745138113735,-1.0586362752998524,0.335099177982726,-0.8712209525917185,-0.8995086842203832,-0.9806804106980219
D100641,2026-02-27 00:24:30.270270270,Bike,Warehouse B,Urban,19.95,Low,Storm,5,50,26.72,122.98,196.25,38.84,4.51,Yes,0.41376785060417426,0.5787386113729187,0.34921810917365637,0.13412393907685155,0.06810571163551181,-0.15736534121760343,0.4055609408950039,-0.7535352853585653,-0.6875795952256039,-0.7649517053917607
D100642,2026-02-27 02:32:47.567567567,Bike,Warehouse C,Urban,26.27,High,Normal,6,50,15.4,113.2,232.35,35.17,4.16,Yes,0.5680458928353472,0.5019242852654728,0.44473844362712656,0.1170561562608999,0.03251214488971339,0.5700972773519768,-0.007083395202048313,-0.24716429762115927,-0.7568387008899707,-0.8895460392727237
D100643,2026-02-27 04:41:04.864864865,Bike,Warehouse B,Semi-urban,18.49,Medium,Rain,1,50,28.51,104.43,179.18,25.9,4.79,Yes,0.37812766996216274,0.4330427269871191,0.30405101473817897,0.07394489012905475,0.07373402298489161,-0.3254184144947534,-0.37711313217251313,-0.9929744200033719,-0.9317792756879765,-0.7452499511826683
D100644,2026-02-27 06:49:22.162162162,Bike,Warehouse B,Suburban,29.54,Medium,Normal,6,50,15.45,116.51,248.77,31.77,4.65,Yes,0.6478701330404003,0.5279217719132894,0.48818564284391275,0.10124404139053599,0.03266936029053405,0.9464901195549084,0.1325743504504306,-0.016842646135059102,-0.821002450006823,-0.8889957109428609
D100645,2026-02-27 08:57:39.459459459,Bike,Warehouse A,Urban,28.17,High,Normal,2,50,44.4,116.86,161.29,25.5,4.15,Yes,0.6144269498352252,0.5306707508639649,0.25671420633450637,0.07208464132077665,0.12369707736569874,0.7887964823016926,0.1473417857913269,-1.2439156103253166,-0.939327952054665,-0.5703556079522352
D100646,2026-02-27 11:05:56.756756756,Truck,Warehouse C,Suburban,27.35,Low,Rain,6,500,129.84,106.96,299.54,188.56,4.76,Yes,0.5944098620773831,0.45291391768771594,0.6225226893869233,0.8304150680153469,0.39234675428805,0.6944105096391838,-0.2703656709940329,0.695302923045775,2.137889968825897,0.3700454421175078
D100647,2026-02-27 13:14:14.054054054,Van,Warehouse A,Rural,28.32,Medium,Normal,9,200,150.88,123.67,271.08,113.89,4.63,Yes,0.6180886122299524,0.584158027018536,0.5472177387346862,0.4831531217300314,0.45850299495338553,0.806062209008249,0.43467388485277125,0.2960974296660909,0.7287408080743236,0.6016236033238208
D100648,2026-02-27 15:22:31.351351351,Van,Warehouse C,Suburban,11.36,Medium,Normal,8,200,39.14,97.26,206.83,46.85,4.46,Yes,0.2040766507994629,0.3767279296261389,0.3772127113486624,0.17137542146262064,0.10715801719936485,-1.1461159572797386,-0.6796345932988797,-0.6051307133291536,-0.5364173509826669,-0.6282501482538134
D100649,2026-02-27 17:30:48.648648648,Van,Warehouse C,Suburban,15.09,Medium,Rain,9,200,161.21,119.36,213.05,66.93,4.57,Yes,0.2951299890150128,0.550306314797361,0.39367078559521596,0.26475991163818163,0.4909836967629349,-0.7167748865100337,0.2528234667977308,-0.5178834129489135,-0.15747379737490472,0.7153214362734984
D100650,2026-02-27 19:39:05.945945946,Van,Warehouse B,Suburban,21.26,High,Normal,13,200,85.26,120.19,264.1,110.77,4.6,No,0.4457463688514586,0.5568253220232485,0.5287487100785859,0.46864318102546215,0.25217350291634566,-0.0065779946470098,0.28784338489185685,0.19818968743874815,0.6698611324141533,-0.12062729678826396
D100651,2026-02-27 21:47:23.243243243,Bike,Warehouse A,Urban,24.37,High,Normal,15,50,34.23,138.21,238.95,33.39,4.27,Yes,0.5216648358354693,0.6983584668551681,0.4622019950784535,0.10877804906406231,0.09171946483877559,0.3513980724022614,1.0481553415860168,-0.15458677631736764,-0.7904303107217345,-0.6822923902463514
D100652,2026-02-27 23:55:40.540540540,Van,Warehouse A,Suburban,3.0,Medium,Normal,10,200,92.02,80.87,197.04,10.0,4.75,Yes,0.0,0.2479971724787936,0.3513084433625273,0.0,0.27342902510729944,-2.108392459058487,-1.3711724939768637,-0.7424540365964448,-1.231839161263844,-0.046222906590798446
D100653,2026-02-28 02:03:57.837837838,Van,Warehouse A,Suburban,19.94,High,Normal,8,200,21.45,123.4,217.91,84.13,4.19,Yes,0.41352373977785917,0.5820373861137292,0.40653030984573846,0.3447506103941402,0.05153520838901378,-0.15851638966470696,0.4232818633040798,-0.4497126927161217,0.16711928639270007,-0.8229563113593115
D100654,2026-02-28 04:12:15.135135135,Van,Warehouse A,Urban,21.26,Low,Rain,3,200,55.88,108.97,222.35,86.82,5.0,No,0.4457463688514586,0.46870091109016654,0.41827851718572207,0.35726078362981045,0.15979373339412328,-0.0065779946470098,-0.18555839946488392,-0.3874332692935709,0.21788413495868011,-0.4440002234157107
D100655,2026-02-28 06:20:32.432432432,Van,Warehouse A,Semi-urban,17.78,Low,Normal,8,200,177.15,88.21,232.92,66.52,4.71,Yes,0.3607958012937874,0.3056471881872447,0.44624665943428665,0.26285315660969655,0.5411039665445627,-0.4071428542391205,-1.0614782785420622,-0.2391689662358319,-0.16521119065076062,0.8907661078337946
D100656,2026-02-28 08:28:49.729729729,Bike,Warehouse C,Suburban,30.33,Low,Normal,6,50,38.73,127.39,241.25,52.78,4.6,Yes,0.6671548883192969,0.6133757461514295,0.4682877781599766,0.19895361004534357,0.10586885091263538,1.0374229468761058,0.5916306261903003,-0.12232491283271281,-0.4245082238465101,-0.6327628405586894
D100657,2026-02-28 10:37:07.027027027,Bike,Warehouse B,Semi-urban,23.37,Medium,Rain,13,50,13.15,131.2,262.2,28.56,4.83,Yes,0.4972537532039546,0.6433003455859252,0.5237213240547189,0.08631554470410417,0.0254374518527835,0.2362932276918848,0.7523847080440593,0.17153858282098947,-0.8815805778494981,-0.9143108141165548
D100658,2026-02-28 12:45:24.324324324,Bike,Warehouse A,Semi-urban,30.48,Medium,Normal,6,50,34.72,132.54,270.12,44.69,5.0,Yes,0.6708165507140241,0.6538250078542256,0.5446775857963113,0.1613300778979188,0.09326017576681811,1.0546886735826626,0.808922889063492,0.2826316083855397,-0.5771802033627849,-0.6768991726136948
D100659,2026-02-28 14:53:41.621621621,Van,Warehouse A,Urban,18.27,Medium,Normal,6,200,152.97,96.73,208.08,72.51,4.64,Yes,0.37275723178322956,0.37256519007225886,0.38052020215383797,0.2907103825136612,0.46507459870768936,-0.35074148033103614,-0.7019967096722373,-0.5875970918701021,-0.052169762059600326,0.6246273275120906
D100660,2026-02-28 17:01:58.918918919,Van,Warehouse B,Semi-urban,27.5,High,Rain,3,200,111.92,140.08,200.5,102.42,4.24,No,0.5980715244721103,0.7130458686773486,0.3604635779112533,0.42981048715265663,0.33600075463392387,0.7116762363457402,1.1270556389788071,-0.6939209723977903,0.5122825132595313,0.17280776869464035
D100661,2026-02-28 19:10:16.216216216,Bike,Warehouse B,Suburban,33.08,Medium,Normal,10,50,26.31,120.2,252.89,35.94,5.0,Yes,0.7342853655559624,0.5569038642789821,0.49908713253777137,0.12063713521683524,0.06681654534878236,1.3539612698296415,0.28826531161588265,0.04094817019397417,-0.7423074988840955,-0.7694643976966365
D100662,2026-02-28 21:18:33.513513513,Truck,Warehouse B,Rural,42.49,Medium,Normal,1,500,249.33,133.11,363.74,225.025,4.68,Yes,0.9639936531185158,0.65830191643104,0.7923954171407401,0.9999999999999999,0.7680601191692739,2.437097858554286,0.832972712332953,1.5958297211826578,2.8260461781041366,1.6852200848238934
D100663,2026-02-28 23:26:50.810810811,Van,Warehouse C,Urban,11.26,Low,Normal,12,200,102.55,83.45,295.66,55.99,4.66,Yes,0.2016355425363115,0.26826107445805847,0.6122562379276585,0.21388210673177538,0.3065385885201314,-1.1576264417507762,-1.262315399178255,0.6408785620368794,-0.36393009600383497,0.0696762396783307
D100664,2026-03-01 01:35:08.108108108,Bike,Warehouse B,Semi-urban,17.97,Low,Rain,14,50,9.04,112.94,193.65,34.64,4.38,Yes,0.36543390699377515,0.4998821866163996,0.3423385282988912,0.11459132658993139,0.012514345905324884,-0.38527293374414917,-0.018053490026714535,-0.7900052179933922,-0.766840697075833,-0.9595478028312863
D100665,2026-03-01 03:43:25.405405405,Bike,Warehouse C,Suburban,17.24,Medium,Rain,4,50,17.35,132.29,176.5,34.08,4.69,Yes,0.34761381667276936,0.6518614514608858,0.2969597544518826,0.11198697825834204,0.03864354552171931,-0.4692994703827242,0.7983747209628516,-1.0305665044115784,-0.777408843989197,-0.8680832344080703
D100666,2026-03-01 05:51:42.702702702,Bike,Warehouse C,Urban,23.91,Medium,Normal,10,50,29.45,114.0,243.77,29.47,4.62,Yes,0.5104357378249725,0.5082076657241597,0.4749556796232105,0.09054761074293687,0.07668967252032008,0.29844984383548806,0.026670742720000824,-0.08697713197126493,-0.8644073391152818,-0.7349037785812457
D100667,2026-03-01 08:00:00.000000000,Bike,Warehouse A,Urban,25.49,High,Normal,12,50,43.56,176.615,245.57,39.95,4.27,Yes,0.5490052483827657,1.0000000000000002,0.47971846638266336,0.13928612951982328,0.1210558586319116,0.48031549847788296,2.6685649252063937,-0.06172871707023107,-0.6666320183080433,-0.579601123893932
D100668,2026-03-01 10:08:17.297297297,Bike,Warehouse C,Semi-urban,13.29,Low,Rain,6,50,8.82,107.6,207.74,10.0,4.4,Yes,0.2511900402782863,0.45794062205466535,0.3796205646548302,0.0,0.011822598141713964,-0.9239636069887117,-0.24336236065639347,-0.5923662369069641,-1.231839161263844,-0.961969247482683
D100669,2026-03-01 12:16:34.594594594,Bike,Warehouse A,Semi-urban,20.54,Low,Normal,11,50,5.9,113.37,206.21,32.16,4.89,Yes,0.4281703893567679,0.5032595036129438,0.37557219590929525,0.10305778397860711,0.0026412187337871637,-0.08945348283848124,8.935910638722577e-05,-0.6138273895728431,-0.8136424905493017,-0.9941084219466769
D100670,2026-03-01 14:24:51.891891892,Bike,Warehouse C,Urban,3.84,Medium,Normal,12,50,7.23,69.11,125.26,16.87,4.48,No,0.02050530941047235,0.15563147973609803,0.16137909136612597,0.03194977328217649,0.0068231483956168355,-2.0117043895017708,-1.8673583214309881,-1.7493047152610155,-1.102190644665969,-0.9794696883723235
D100671,2026-03-01 16:33:09.189189189,Bike,Warehouse A,Suburban,31.54,Low,Normal,10,50,7.1,127.73,230.3,58.67,4.41,Yes,0.6966922983034297,0.6160461828463715,0.4393141587066387,0.2263457737472387,0.006414388353483107,1.1766998089756615,0.6059761348071714,-0.27591943681400344,-0.31335396434702206,-0.9809005420299671
D100672,2026-03-01 18:41:26.486486486,Truck,Warehouse C,Suburban,15.9,Low,Rain,2,500,196.84,98.15,315.53,127.54,4.56,Yes,0.3149029659465397,0.38371819038642796,0.6648321117667291,0.5466341123125218,0.6030153913877403,-0.6235399622946286,-0.6420831148605998,0.9195930087499606,0.9863393890875685,1.1074854041338091
D100673,2026-03-01 20:49:43.783783784,Bike,Warehouse C,Semi-urban,20.45,Medium,Rain,7,50,33.85,118.04,186.15,38.59,4.89,Yes,0.4259733919199316,0.5399387370405279,0.32249358346783785,0.1329612835716777,0.09052462779253856,-0.09981291886241513,0.19712913922634984,-0.895206946747701,-0.6922975179547841,-0.6864748855533095
D100674,2026-03-01 22:58:01.081081081,Van,Warehouse C,Urban,17.52,Low,Normal,7,200,154.43,93.8,206.42,73.89,4.63,No,0.35444891980959353,0.3495523091423185,0.37612785436456475,0.2971282409022207,0.4696652884116528,-0.4370701138638186,-0.825621239811743,-0.6108817411677228,-0.026126828594525132,0.6406969147440876
D100675,2026-03-02 01:06:18.378378378,Van,Warehouse C,Rural,41.17,Medium,Normal,11,200,29.53,147.52,358.95,171.68,4.65,Yes,0.9317710240449164,0.7714813069431354,0.7797211123753074,0.7519125683060108,0.07694121716163316,2.285159463536589,1.4409691216538651,1.5286408837515724,1.819335826151643,-0.7340232532534651
D100676,2026-03-02 03:14:35.675675675,Truck,Warehouse A,Urban,3.0,Low,Rain,4,500,108.8,72.04,270.33,26.44,4.77,Yes,0.0,0.1786443606660384,0.5452332442515808,0.07645622602023021,0.3261905136227144,-2.108392459058487,-1.7437337912914823,0.2855772567906601,-0.9215885625929471,0.13846728091119462
D100677,2026-03-02 05:22:52.972972973,Bike,Warehouse A,Suburban,19.87,Low,Normal,4,50,11.23,85.83,180.24,23.35,4.68,Yes,0.41181496399365314,0.2869541313226516,0.30685576694096783,0.06208580397628183,0.019400380461269986,-0.16657372879443336,-1.1618968388601587,-0.9781059090060962,-0.9799020875256156,-0.9354434219832906
D100678,2026-03-02 07:31:10.270270270,Van,Warehouse B,Urban,19.15,Medium,Storm,15,200,21.64,114.35,297.92,64.48,4.59,Yes,0.3942389844989625,0.510956644674835,0.6182361813034158,0.2533658876874782,0.052132626912132315,-0.2494492169859048,0.041438178060897134,0.6725793496348443,-0.20370944012087175,-0.8208650637058325
D100679,2026-03-02 09:39:27.567567567,Truck,Warehouse A,Urban,16.37,High,Normal,1,500,323.095,106.2,295.96,121.65,4.31,No,0.3263761747833516,0.4469447062519636,0.6130500357209004,0.5192419486106267,1.0,-0.5694406852807515,-0.3024321020199793,0.6450866311870511,0.8751851295880805,2.497119469870647
D100680,2026-03-02 11:47:44.864864865,Truck,Warehouse B,Suburban,33.81,Medium,Normal,13,500,139.27,125.36,412.16,225.025,4.67,No,0.7521054558769682,0.5974316682375118,0.9205143809700208,0.9999999999999999,0.42199757888282735,1.4379878064682168,0.5059795012131002,2.275012082020475,2.8260461781041366,0.47383736512965297
D100681,2026-03-02 13:56:02.162162162,Truck,Warehouse A,Urban,12.9,High,Normal,2,500,82.88,108.93,304.47,97.69,4.69,No,0.2416697180519956,0.4683867420672322,0.6355674331225358,0.407813044994768,0.24469004983728201,-0.9688544964257585,-0.18724610636098604,0.7644555260802741,0.42301941522343983,-0.14682292528973864
D100682,2026-03-02 16:04:19.459459459,Bike,Warehouse C,Semi-urban,26.17,Low,Normal,9,50,17.66,99.53,202.66,24.15,4.71,Yes,0.5656047845721958,0.3945570216776626,0.3661789220225966,0.06580630159283803,0.03961828100680742,0.5585867928809394,-0.583857226945065,-0.6636228745165494,-0.9648047347922386,-0.8646711987629202
D100683,2026-03-02 18:12:36.756756756,Bike,Warehouse B,Urban,22.85,High,Storm,10,50,6.42,131.17,187.75,30.12,4.08,Yes,0.48455999023556695,0.6430647188187244,0.32672717169846266,0.09357051505638879,0.004276258902322073,0.17643870844248902,0.7511189278719824,-0.8727639112801152,-0.8521407400194129,-0.9883850073161027
D100684,2026-03-02 20:20:54.054054054,Van,Warehouse C,Suburban,30.09,Low,Normal,8,200,158.6,99.49,315.28,118.79,4.67,Yes,0.6612962284877334,0.39424285265472825,0.664170613605694,0.5059411696314382,0.48277705284009614,1.0097977841456156,-0.5855449338411678,0.9160862844581503,0.8212120935662578,0.6865942974546543
D100685,2026-03-02 22:29:11.351351351,Truck,Warehouse A,Urban,14.66,Medium,Rain,8,500,81.0,105.91,312.88,87.77,4.34,Yes,0.2846332234834615,0.44466698083568956,0.6578202312597569,0.36167887454947095,0.23877875076642505,-0.7662699697354957,-0.31466797701672244,0.8824217312567718,0.23581224132956533,-0.16751527049258408
D100686,2026-03-03 00:37:28.648648648,Van,Warehouse C,Urban,14.14,Medium,Normal,9,200,172.62,98.65,266.03,45.54,4.83,Yes,0.27193946051507384,0.3876453031731072,0.5338554758817768,0.16528310661550982,0.5268602512302105,-0.8261244889848914,-0.6209867786593191,0.2252615989715229,-0.5611392660835718,0.8409063611482148
D100687,2026-03-03 02:45:45.945945946,Van,Warehouse C,Urban,28.77,High,Normal,15,200,159.66,135.91,337.25,114.78,4.6,Yes,0.629073599414134,0.6802937480364437,0.7223030719974597,0.4872921753284502,0.48611001933749426,0.8578593891279184,0.9511121950601247,1.2242572152224391,0.7455366129902056,0.6982612580477481
D100688,2026-03-03 04:54:03.243243243,Bike,Warehouse B,Suburban,23.4,Medium,Normal,7,50,8.46,101.58,192.68,37.19,4.89,No,0.4979860856828999,0.41065818410304744,0.33977191543407503,0.1264504127427043,0.01069064725580518,0.23974637303319582,-0.4973622485198139,-0.8036113082456161,-0.7187178852381939,-0.9659316114576958
D100689,2026-03-03 07:02:20.540540540,Van,Warehouse B,Suburban,7.64,Low,Normal,13,200,155.28,79.7,229.24,22.67,4.62,No,0.11326742341022823,0.23880772855796417,0.43650940650384984,0.05892338100220905,0.47233795022560404,-1.5743059796023395,-1.4205379206878608,-0.2907879478112791,-0.992734837348986,0.6500524963517571
D100690,2026-03-03 09:10:37.837837838,Bike,Warehouse C,Suburban,15.69,Low,Storm,9,50,40.94,124.6,244.11,12.15,4.37,Yes,0.3097766385939216,0.5914624568017594,0.4758553171222183,0.009998837344494825,0.11281777162890874,-0.6477119796838078,0.47391307018715323,-0.08220798693440289,-1.1912650257928934,-0.6084383283787487
D100691,2026-03-03 11:18:55.135135135,Bike,Warehouse A,Suburban,23.09,High,Normal,10,50,42.65,119.08,235.83,44.18,4.4,Yes,0.4904186500671305,0.5481071316368206,0.45394649802873543,0.15895826066736424,0.11819453833697549,0.20406387117297922,0.2410095185250135,-0.19835069547915976,-0.5868047657303126,-0.5896170994974371
D100692,2026-03-03 13:27:12.432432432,Van,Warehouse B,Suburban,26.7,Medium,Normal,12,200,52.55,130.19,306.68,103.74,4.75,Yes,0.5785426583668986,0.6353675777568333,0.6414150768660861,0.43594930821997435,0.149323187699467,0.6195923605774387,0.7097701089174725,0.7954549688198768,0.5371931452696032,-0.48065209018458066
D100693,2026-03-03 15:35:29.729729729,Van,Warehouse A,Urban,14.57,High,Normal,2,200,42.23,84.75,176.33,56.36,4.45,Yes,0.28243622604662516,0.2784715677034244,0.2965099357023787,0.2156028368794326,0.11687392897008189,-0.7766294057594295,-1.207464925054925,-1.0329510769300092,-0.35694757036464814,-0.5942398574682856
D100694,2026-03-03 17:43:47.027027027,Bike,Warehouse A,Suburban,3.0,Low,Normal,6,50,18.32,63.16,158.71,10.0,4.73,Yes,0.0,0.1088988375746151,0.249887545312624,0.0,0.0416935242976402,-2.108392459058487,-2.1184047222262294,-1.2801050050167986,-1.231839161263844,-0.8574068648087299
D100695,2026-03-03 19:52:04.324324324,Bike,Warehouse A,Rural,36.19,Medium,Normal,15,50,22.06,157.44,329.95,48.12,4.45,Yes,0.8102038325399731,0.8493952246308514,0.7029873256952344,0.1772817114289036,0.05345323627902589,1.7119373368789128,1.8595204318872753,1.1218608659015785,-0.512450303518431,-0.816242305734984
D100696,2026-03-03 22:00:21.621621621,Van,Warehouse A,Suburban,21.26,Low,Rain,3,200,156.74,85.22,163.37,51.38,4.72,No,0.4457463688514586,0.28216305372290285,0.2622178710343185,0.19244273921637017,0.47692863992956747,-0.0065779946470098,-1.1876343690257212,-1.2147396642174548,-0.45092859112991973,0.6661220835837541
D100697,2026-03-04 00:08:38.918918919,Bike,Warehouse A,Semi-urban,3.86,High,Normal,11,50,5.89,104.16,188.22,10.0,4.5,Yes,0.020993531063102644,0.4309220860823123,0.3279707882412086,0.0,0.002609775653623029,-2.009402292607563,-0.38850515372120514,-0.8661712696115118,-1.231839161263844,-0.9942184876126495
D100698,2026-03-04 02:16:56.216216216,Van,Warehouse A,Urban,3.0,Medium,Normal,15,200,75.85,92.78,242.18,13.44,5.0,Yes,0.0,0.3415409990574929,0.47074855131902726,0.015998139751191714,0.22258556448189662,-2.108392459058487,-0.8686577656623556,-0.10927989846717844,-1.166920544510323,-0.224199088468464
D100699,2026-03-04 04:25:13.513513513,Bike,Warehouse C,Semi-urban,26.51,High,Normal,6,50,27.17,150.49,190.33,39.83,4.08,Yes,0.5739045526669108,0.7948083568960103,0.333553832720345,0.1387280548773398,0.0695206502428978,0.5977224400824674,1.5662813586894728,-0.8365745165886328,-0.6688966212180499,-0.7599987504229945
D100700,2026-03-04 06:33:30.810810811,Van,Warehouse B,Semi-urban,21.03,Low,Storm,3,200,175.02,117.65,208.36,68.53,4.62,Yes,0.4401318198462102,0.536875589066918,0.38126108009419724,0.27220090687129406,0.5344065904696024,-0.03305210893039647,0.1806739969893508,-0.5836695606632746,-0.12727909190815087,0.8673221209816346
D100701,2026-03-04 08:41:48.108108108,Van,Warehouse C,Suburban,18.19,Medium,Normal,8,200,53.34,121.88,258.34,74.69,4.62,Yes,0.37080434517270844,0.5700989632422243,0.5135077924483368,0.30084873851877686,0.15180719103243354,-0.35994986790786604,0.3591490012521858,0.11739475975543837,-0.011029475861148209,-0.4719569025727466
D100702,2026-03-04 10:50:05.405405405,Bike,Warehouse B,Rural,43.11,Medium,Normal,15,50,31.6,154.28,305.22,52.31,4.55,Yes,0.9791285243500549,0.8245758718190388,0.6375519276056412,0.1967678176956168,0.08344993475560866,2.508462862274719,1.726191587095181,0.774975698955705,-0.433377918577369,-0.7112396603971406
D100703,2026-03-04 12:58:22.702702702,Bike,Warehouse A,Urban,25.1,Medium,Normal,11,50,32.63,119.65,202.84,42.73,4.85,No,0.539484926156475,0.5525840402136349,0.36665520069854196,0.15221485873735607,0.08668857201251436,0.4354246090408364,0.26505934179447393,-0.661098033026446,-0.6141687175595584,-0.6999028968019645
D100704,2026-03-04 15:06:40.000000000,Bike,Warehouse B,Urban,32.93,High,Normal,15,50,36.48,157.21,272.33,39.9,4.12,Yes,0.7306237031612351,0.8475887527489792,0.5505252295398617,0.1390535984187885,0.09879415787570549,1.3366955431230851,1.8498161172346865,0.3136310511251424,-0.6675756028538794,-0.6575276154025204
D100705,2026-03-04 17:14:57.297297297,Bike,Warehouse B,Semi-urban,8.86,High,Normal,13,50,9.65,96.79,164.97,17.47,4.04,No,0.14304894422067616,0.37303644360666044,0.2664514592649432,0.03474014649459364,0.014432373795336993,-1.43387806905568,-0.6994651493280836,-1.1922966287498689,-1.0908676301159363,-0.9528337972069586
D100706,2026-03-04 19:23:14.594594594,Truck,Warehouse A,Semi-urban,19.72,High,Normal,4,500,94.58,91.83,305.99,134.6,4.5,Yes,0.4081533015989259,0.33407948476280236,0.6395893419416293,0.5794675037786303,0.28147845362931745,-0.1838394555009901,-0.9087408044447892,0.7857764097744804,1.11957352695962,-0.01804609610181736
D100707,2026-03-04 21:31:31.891891892,Bike,Warehouse B,Urban,7.07,Medium,Rain,12,50,43.73,105.83,148.35,10.0,4.72,Yes,0.09935310631026485,0.44403864278982086,0.22247506151932891,0.0,0.12159039099470181,-1.6399157410872542,-0.3180433908089273,-1.4254236596694172,-1.231839161263844,-0.5777300075723982
D100708,2026-03-04 23:39:49.189189189,Truck,Warehouse A,Urban,18.16,Low,Normal,10,500,102.81,87.02,369.2,128.8,4.65,Yes,0.37007201269376294,0.2963006597549481,0.806842536977747,0.5524938960585978,0.3073561086043988,-0.3634030132491775,-1.1116875587011106,1.6724165797157942,1.0101177196426372,0.07253794699361789
D100709,2026-03-05 01:48:06.486486486,Bike,Warehouse B,Urban,18.01,Low,Rain,6,50,40.36,96.01,182.05,15.24,4.62,Yes,0.3664103502990358,0.36691014765944086,0.31164501362686203,0.0243692593884432,0.11099407297938904,-0.3806687399557338,-0.7323754338020816,-0.9527172251333896,-1.1329515008602247,-0.6148221370051584
D100710,2026-03-05 03:56:23.783783783,Van,Warehouse B,Urban,25.01,High,Normal,15,200,91.42,158.37,287.15,99.49,4.2,Yes,0.5372879287196387,0.8566996544140748,0.5897388405260231,0.4161841646320195,0.2715424402974515,0.42506517301690255,1.8987596172216579,0.5215096671436564,0.456988458873538,-0.052826846549153324
D100711,2026-03-05 06:04:41.081081081,Van,Warehouse A,Semi-urban,20.36,Low,Normal,9,200,173.28,104.94,239.82,87.7,4.6,Yes,0.4237763944830953,0.4370483820295319,0.4645040086788558,0.3613533310080223,0.5289354945210433,-0.11017235488634901,-0.35559486924720707,-0.14238337578186777,0.23449122296539496,0.8481706951024052
D100712,2026-03-05 08:12:58.378378378,Van,Warehouse A,Suburban,24.99,Medium,Normal,2,200,139.69,125.38,231.67,108.3,4.61,Yes,0.5367997070670083,0.5975887527489789,0.4429391686291111,0.4571561446343448,0.4233181882497209,0.42276307612269465,0.5068233546611512,-0.25670258769488336,0.623248055849852,0.4784601231005013
D100713,2026-03-05 10:21:15.675675675,Van,Warehouse C,Urban,25.63,Medium,Normal,2,200,90.45,110.47,235.79,98.82,4.51,Yes,0.5524227999511778,0.48048224945020424,0.4538406583229697,0.41306824787815366,0.2684924615215306,0.49643017673733575,-0.12226939086104156,-0.1989117713658497,0.44434442595933477,-0.06350321614849379
D100714,2026-03-05 12:29:32.972972973,Van,Warehouse B,Suburban,37.24,Medium,Rain,7,200,64.1,155.53,309.65,146.43,4.4,No,0.8358354693030636,0.8343936537857368,0.6492736750191832,0.6344843622834554,0.1856399452890405,1.8327974238248086,1.7789324275983829,0.8371148534065826,1.3428256305044324,-0.35352624598624816
D100715,2026-03-05 14:37:50.270270270,Bike,Warehouse A,Urban,17.48,High,Normal,15,50,24.34,125.05,240.42,14.28,4.44,Yes,0.35347247650433294,0.5949968583097707,0.46609160426534,0.019904662248575747,0.06062225855644819,-0.44167430765223353,0.49289977276830604,-0.13396723748152314,-1.151068324140277,-0.7911473338932352
D100716,2026-03-05 16:46:07.567567567,Truck,Warehouse C,Urban,12.47,Medium,Normal,2,500,182.15,74.45,287.3,81.28,4.49,Yes,0.23117295252044429,0.19757304429783218,0.5901357394226443,0.3314963376351587,0.5568255066266291,-1.0183495796512203,-1.642049450801309,0.523613701718743,0.11333496728004469,0.9457989408200858
D100717,2026-03-05 18:54:24.864864865,Truck,Warehouse A,Suburban,21.97,Medium,Normal,2,500,160.46,107.46,327.94,141.31,4.87,Yes,0.4630782375198339,0.45684103047439517,0.6976688804805121,0.6106731775374956,0.4886254657506249,0.0751464450973573,-0.2492693347927521,1.093666802595424,1.2462025730108195,0.7070665113255548
D100718,2026-03-05 21:02:42.162162162,Truck,Warehouse B,Rural,25.58,Low,Storm,4,500,174.05,122.8,383.11,182.58,4.22,No,0.551202245819602,0.5773248507697141,0.8436482946577407,0.8026043483315893,0.5313566116936815,0.4906749345018168,0.3979662598625425,1.8675307193121191,2.0250372571439046,0.8566457513822942
D100719,2026-03-05 23:10:59.459459459,Bike,Warehouse C,Semi-urban,31.86,Medium,Normal,9,50,24.57,138.67,295.73,54.53,4.72,Yes,0.7045038447455144,0.701971410618913,0.6124414574127482,0.2070921985815603,0.06134544940022324,1.2135333592829822,1.0675639708911941,0.6418604448385862,-0.39148276474224797,-0.7886158235758659
D100720,2026-03-06 01:19:16.756756756,Van,Warehouse A,Urban,17.73,Low,Rain,8,200,120.11,96.76,203.69,67.29,4.77,Yes,0.3595752471622116,0.37280081683945965,0.3689042944460613,0.26643413556563195,0.3617526372883487,-0.4128980964746394,-0.7007309295001605,-0.6491751704342911,-0.15067998864488508,0.2629515491261852
D100721,2026-03-06 03:27:34.054054054,Truck,Warehouse A,Rural,27.48,Medium,Normal,2,500,323.095,111.21,305.94,183.89,4.82,Yes,0.59758330281948,0.48629437637448947,0.6394570423094222,0.8086966631787,1.0,0.7093741394515326,-0.09104681328314622,0.7850750649161182,2.049759172244809,2.497119469870647
D100722,2026-03-06 05:35:51.351351351,Bike,Warehouse A,Semi-urban,16.23,High,Normal,8,50,9.31,113.51,169.43,26.81,4.47,No,0.32295862321493957,0.504359095193214,0.2782525864578096,0.07817695616788745,0.013363309069756475,-0.5855553635402043,0.00599633324274587,-1.1297366673839733,-0.9146060369537602,-0.9565760298500264
D100723,2026-03-06 07:44:08.648648648,Bike,Warehouse A,Semi-urban,25.75,High,Normal,4,50,24.5,138.27,217.73,31.68,4.34,Yes,0.5553521298669596,0.6988297203895697,0.4060540311697932,0.10082548540867341,0.06112534783907432,0.510242758102581,1.0506869019301706,-0.4522375342062252,-0.8227009021893279,-0.7893862832376739
D100724,2026-03-06 09:52:25.945945946,Van,Warehouse A,Suburban,18.74,Low,Normal,2,200,131.59,81.24,218.11,80.34,4.67,Yes,0.3842304406200414,0.2509032359409361,0.4070595083745666,0.32712475293570514,0.39784929331677327,-0.29664220331715924,-1.3555612051879165,-0.4469073132826732,0.0955955778183268,0.3893069336627097
D100725,2026-03-06 12:00:43.243243243,Van,Warehouse B,Suburban,14.87,Medium,Normal,11,200,52.96,113.11,263.81,74.96,4.79,No,0.28975955083607957,0.5012174049638706,0.5279813722117851,0.3021044064643646,0.1506123539861965,-0.7420979523463167,-0.010880735718278998,0.19412188726024793,-0.005934119313633555,-0.4761393978797048
D100726,2026-03-06 14:09:00.540540540,Truck,Warehouse A,Urban,33.32,High,Normal,10,500,143.78,142.59,400.13,225.025,4.39,Yes,0.7401440253875259,0.7327599748664781,0.888683089461011,0.9999999999999999,0.4361784080368512,1.3815864325601321,1.2329592467092363,2.106268509098564,2.8260461781041366,0.5234769804832875
D100727,2026-03-06 16:17:17.837837838,Bike,Warehouse B,Urban,13.15,Low,Rain,7,50,29.88,94.5,111.31,13.79,4.65,Yes,0.24777248870987428,0.3550502670436695,0.12446749398036669,0.017625857458435062,0.0780417249673778,-0.9400782852481643,-0.7960863691299498,-1.9449799307440299,-1.1603154526894706,-0.7301709549444247
D100728,2026-03-06 18:25:35.135135135,Van,Warehouse C,Urban,20.28,Low,Rain,6,200,52.64,97.68,201.01,69.44,4.76,Yes,0.42182350787257417,0.3800267043669494,0.36181303415976496,0.2764329729101267,0.14960617542094423,-0.11938074246317894,-0.6619136708898037,-0.6867672548424975,-0.11010585317393462,-0.4796614991908274
D100729,2026-03-06 20:33:52.432432432,Bike,Warehouse C,Urban,25.22,Low,Rain,14,50,8.8,137.6,260.04,39.0,4.67,Yes,0.5424142560722568,0.6935673892554195,0.5180059799433757,0.13486803860016278,0.011759711981385697,0.4492371904060813,1.0224178114204536,0.14124048493974897,-0.6845601246789285,-0.9621893788146282
D100730,2026-03-06 22:42:09.729729729,Bike,Warehouse B,Suburban,6.95,Medium,Normal,10,50,20.6,75.71,175.73,11.05,4.61,Yes,0.09642377639448309,0.20746936852026387,0.29492234011589435,0.00488315312173003,0.04886254657506249,-1.6537283224524995,-1.588886683574082,-1.0413672152303541,-1.2120238858012866,-0.832311892966981
D100731,2026-03-07 00:50:27.027027027,Bike,Warehouse A,Semi-urban,23.84,Low,Normal,5,50,21.26,93.01,147.46,33.6,4.64,No,0.5087269620407665,0.34334747093936535,0.22012012806604395,0.10975467968840831,0.05093778986589527,0.29039250470576167,-0.8589534510097663,-1.4379075981482616,-0.786467255629223,-0.8250475590127905
D100732,2026-03-07 02:58:44.324324324,Truck,Warehouse B,Suburban,11.56,High,Normal,11,500,163.51,97.06,358.82,81.05,4.42,Yes,0.2089588673257659,0.37515708451146723,0.7793771333315691,0.33042669457039875,0.49821560520068536,-1.123094988337663,-0.6880731277793921,1.526817387119831,0.10899447836919875,0.7406365394471922
D100733,2026-03-07 05:07:01.621621621,Van,Warehouse B,Urban,26.58,Medium,Rain,1,200,91.16,120.69,248.25,97.97,4.56,Yes,0.5756133284511167,0.5607524348099278,0.4868097266689597,0.4091152191605627,0.270724920213184,0.6057797792121934,0.3089397210931376,-0.024136632662024652,0.4283034886801218,-0.05568855386444052
D100734,2026-03-07 07:15:18.918918919,Van,Warehouse B,Rural,24.3,Medium,Rain,2,200,11.41,122.51,230.3,83.89,4.87,No,0.5199560600512633,0.5750471253534402,0.4393141587066387,0.34363446110917334,0.019966355904224378,0.343340733272535,0.38573038486579997,-0.27591943681400344,0.16259008057268706,-0.9334622399957841
D100735,2026-03-07 09:23:36.216216216,Bike,Warehouse A,Rural,37.54,Low,Normal,8,50,16.41,136.91,252.0,50.24,4.62,No,0.8431587940925179,0.6881479736098022,0.4967321990844864,0.18714103011277755,0.03568789598629081,1.8673288772379213,0.9933048674626862,0.028464231715129722,-0.47244231877498194,-0.878429407009493
D100736,2026-03-07 11:31:53.513513513,Truck,Warehouse C,Semi-urban,28.85,Medium,Normal,1,500,302.93,112.76,385.95,186.63,4.36,Yes,0.6310264860246552,0.4984684260131952,0.8511629137670994,0.821439367515405,0.936595028849026,0.8670677767047488,-0.025648171059175308,1.9073671072670837,2.1014676053566252,2.2751720544369345
D100737,2026-03-07 13:40:10.810810810,Van,Warehouse B,Rural,38.89,Medium,Normal,3,200,150.38,130.67,320.76,148.48,4.78,Yes,0.8761137556450628,0.6391376060320451,0.6786706532955836,0.6440181374258805,0.4569308409451789,2.02272041759693,0.7300225916707016,0.9929536809346322,1.3815125968837105,0.5961203200251917
D100738,2026-03-07 15:48:28.108108108,Truck,Warehouse A,Suburban,22.01,High,Normal,2,500,105.62,114.23,334.71,156.55,3.94,Yes,0.4640546808250946,0.5100141376060321,0.7155822506813428,0.6815486571328915,0.3161916141305202,0.07975063888577266,0.03637505737259015,1.1886288964176464,1.533807142581651,0.10346639913191354
D100739,2026-03-07 17:56:45.405405405,Van,Warehouse A,Rural,30.15,High,Normal,5,200,158.11,135.39,253.34,121.08,4.2,Yes,0.6627608934456243,0.676209550738297,0.5002778292276346,0.5165910940588303,0.48123634191205367,1.016704074828238,0.9291720054107923,0.04726027391923293,0.8644282657655492,0.681201079821998
D100740,2026-03-07 20:05:02.702702702,Bike,Warehouse B,Urban,15.39,Medium,Normal,4,50,10.1,94.31,194.99,10.0,5.0,Yes,0.3024533138044672,0.3535579641847314,0.34588415844203946,0.0,0.015847312402722972,-0.6822434330969207,-0.8041029768864364,-0.771209175789289,-1.231839161263844,-0.9478808422381925
D100741,2026-03-07 22:13:20.000000000,Van,Warehouse C,Suburban,31.77,High,Normal,13,200,78.13,154.88,319.19,135.47,4.31,Yes,0.7023068473086781,0.8292884071630537,0.6745164448442832,0.5835135449366352,0.22975458675931892,1.2031739232590482,1.7515071905367177,0.9709314523820636,1.1359918980571675,-0.19910411662671523
D100742,2026-03-08 00:21:37.297297297,Bike,Warehouse B,Urban,14.4,High,Normal,7,50,28.79,126.7,172.96,20.04,4.5,Yes,0.27828634199926766,0.6079563305058122,0.2875929404916254,0.046692245087780485,0.07461442922948731,-0.7961972293601935,0.5625176822325328,-1.080221720383612,-1.0423673844599628,-0.7421681125354362
D100743,2026-03-08 02:29:54.594594594,Van,Warehouse C,Urban,11.7,High,Normal,5,200,173.23,101.3,195.97,36.41,4.18,Yes,0.2123764188941779,0.4084590009425071,0.3484772312332971,0.122822927566562,0.5287782791202226,-1.1069803100782105,-0.5091761967925312,-0.7574628165653928,-0.7334378041532366,0.8476203667725422
D100744,2026-03-08 04:38:11.891891892,Van,Warehouse A,Urban,25.32,Low,Storm,8,200,85.32,136.25,247.21,98.37,4.37,Yes,0.5448553643354083,0.6829641847313854,0.48405789431905366,0.4109754679688408,0.2523621613973304,0.46074767487711915,0.9654577036769958,-0.03872460571595535,0.4358521650468104,-0.11996690279242861
D100745,2026-03-08 06:46:29.189189189,Bike,Warehouse B,Suburban,13.63,Low,Normal,4,50,37.1,78.97,155.24,15.78,4.89,Yes,0.25948980837300134,0.2330741438894125,0.24070595083745663,0.02688059527961864,0.10074362884588174,-0.8848279597871835,-1.451338571541731,-1.3287783381871254,-1.1227607877651953,-0.6507035441122202
D100746,2026-03-08 08:54:46.486486486,Truck,Warehouse B,Semi-urban,12.4,Low,Normal,15,500,246.84,89.03,364.5,79.86,4.8,Yes,0.22946417673623826,0.3120876531573987,0.7944063715502869,0.3248924543657714,0.7602307922084047,-1.0264069187809468,-1.0268802871719616,1.606490163029761,0.08653716617830053,1.6578137339967205
D100747,2026-03-08 11:03:03.783783783,Van,Warehouse A,Suburban,8.45,Medium,Normal,12,200,110.66,93.44,204.45,40.3,4.87,Yes,0.13304040034175513,0.34672478793590944,0.370915248855608,0.14091384722706657,0.33203892653324313,-1.4810710553869346,-0.8408106018766651,-0.6385147285871878,-0.660026926487191,0.15893949478209493
D100748,2026-03-08 13:11:21.081081081,Van,Warehouse A,Urban,16.14,Medium,Normal,6,200,23.42,92.07,223.64,55.71,4.97,Yes,0.32076162577810324,0.33596449890040836,0.42169184769666324,0.21257993256598068,0.05772949518134797,-0.5959147995641382,-0.8986145630681747,-0.36933857194782993,-0.3692141694605169,-0.8012733751627128
D100749,2026-03-08 15:19:38.378378378,Truck,Warehouse C,Semi-urban,19.34,Medium,Normal,4,500,323.095,99.1,322.69,136.86,4.8,Yes,0.3988770901989503,0.3911797046811184,0.6837774190987748,0.5899779095454016,1.0,-0.22757929649093311,-0.6020000760781667,1.0200255924674078,1.1622235484314103,2.497119469870647
D100750,2026-03-08 17:27:55.675675675,Van,Warehouse A,Suburban,21.94,High,Rain,2,200,92.6,138.47,245.03,77.03,4.17,Yes,0.46234590504088857,0.7004005655042413,0.4782896303548275,0.3117311940472038,0.27525272375681914,0.07169329975604627,1.0591254364106824,-0.06930324154054118,0.03313028088397951,-0.0398390979643887
D100751,2026-03-08 19:36:12.972972973,Bike,Warehouse B,Suburban,27.61,High,Normal,1,50,7.64,121.87,183.49,41.12,4.44,No,0.6007567435615769,0.5700204209864908,0.3154552430344243,0.14472735728403674,0.008112314682346283,0.7243377692638815,0.35872707452816055,-0.9325184932125624,-0.6445521399354796,-0.9749569960674477
D100752,2026-03-08 21:44:30.270270270,Truck,Warehouse A,Semi-urban,24.22,High,Normal,14,500,323.095,143.31,397.39,171.66,4.31,Yes,0.5180031734407421,0.7384150172792963,0.8814330696160663,0.7518195558655969,1.0,0.33413234569570466,1.2633379708390806,2.067834810860323,1.8189583923333086,2.497119469870647
D100753,2026-03-08 23:52:47.567567567,Van,Warehouse A,Urban,18.47,Medium,Normal,14,200,49.67,88.13,278.5,76.02,4.51,Yes,0.3776394483095325,0.305018850141376,0.5668510041542083,0.30703406580630155,0.14026758061219677,-0.32772051138896086,-1.064853692334267,0.4001770066470206,0.014069873058090982,-0.5123510019846843
D100754,2026-03-09 02:01:04.864864865,Bike,Warehouse A,Urban,18.41,Medium,Normal,1,50,27.52,91.47,242.18,28.26,4.83,Yes,0.3761747833516416,0.3312519635563933,0.47074855131902726,0.0849203580978956,0.07062115804864244,-0.33462680207158335,-0.9239301665097114,-0.10927989846717844,-0.8872420851245143,-0.7561464521139541
D100755,2026-03-09 04:09:22.162162162,Bike,Warehouse C,Rural,36.08,Low,Rain,8,50,19.26,134.24,240.9,52.21,4.88,Yes,0.8075186134505065,0.667177191328935,0.46736168073452744,0.19630275549354725,0.044649173833068684,1.6992758039607714,0.8806504321478473,-0.12723432684124714,-0.43526508766904115,-0.847060692207307
D100756,2026-03-09 06:17:39.459459459,Van,Warehouse C,Urban,30.18,Low,Rain,14,200,45.78,137.56,300.19,112.21,4.69,Yes,0.6634932259245697,0.693253220232485,0.6242425846056147,0.4753400767352633,0.12803622242834908,1.0201572201695495,1.0207301045243515,0.7044204062044814,0.6970363673342319,-0.5551665460480188
D100757,2026-03-09 08:25:56.756756756,Van,Warehouse C,Suburban,21.01,Low,Normal,4,200,105.38,90.66,238.47,75.62,4.75,Yes,0.4396435981935799,0.3248900408419729,0.4609319186092661,0.3051738169980235,0.31543698020658095,-0.035354205824603954,-0.9581062311557863,-0.16131968695764326,0.006521196691402655,0.10082482314857147
D100758,2026-03-09 10:34:14.054054054,Van,Warehouse B,Rural,28.25,Medium,Rain,5,200,148.77,130.42,257.77,115.39,4.39,Yes,0.6163798364457463,0.6371740496387055,0.5119995766411768,0.4901290547610743,0.4518685050387536,0.7980048698785226,0.7194744235700613,0.10939942837011099,0.7570483444494055,0.5783997478036061
D100759,2026-03-09 12:42:31.351351351,Truck,Warehouse A,Semi-urban,12.06,Medium,Normal,11,500,323.095,91.83,319.44,74.33,4.87,Yes,0.22116440864152326,0.33407948476280236,0.6751779430053183,0.29917451459132655,1.0,-1.0655425659824749,-0.9087408044447892,0.9744381766738739,-0.01782328459116784,2.497119469870647
D100760,2026-03-09 14:50:48.648648648,Van,Warehouse B,Urban,8.44,High,Storm,8,200,115.4,127.74,210.55,21.83,4.17,No,0.13279628951543998,0.6161247251021049,0.38705580398486483,0.055016858504825,0.34694294653104213,-1.4822221038340384,0.6063980615311966,-0.5529506558670164,-1.008587057719032,0.21111062045309903
D100761,2026-03-09 16:59:05.945945946,Bike,Warehouse B,Urban,25.33,Low,Normal,12,50,32.35,96.51,261.87,49.43,4.74,Yes,0.5450994751617233,0.3708372604461201,0.5228481464821526,0.1833740262760144,0.08580816576791862,0.46189872332422266,-0.7112790976008008,0.16690970675580008,-0.4877283884175262,-0.7029847354491968
D100762,2026-03-09 19:07:23.243243243,Bike,Warehouse C,Urban,24.62,Medium,Storm,15,50,36.68,152.85,278.2,34.85,4.01,Yes,0.527767606493348,0.813344329249136,0.5660572063609661,0.11556795721427741,0.09942301947898816,0.38017428357985555,1.6658560655595176,0.3959689374968481,-0.7628776419833215,-0.6553263020830687
D100763,2026-03-09 21:15:40.540540540,Bike,Warehouse A,Suburban,24.62,Medium,Rain,7,50,16.71,115.37,193.09,42.01,4.45,Yes,0.527767606493348,0.5189679547596607,0.3408567724181726,0.1488664108824555,0.036631188391214806,0.38017428357985555,0.08447470391151037,-0.7978602804070473,-0.6277563350195977,-0.8751274370303155
D100764,2026-03-09 23:23:57.837837838,Van,Warehouse B,Suburban,18.97,Low,Normal,13,200,64.85,114.12,287.74,82.87,5.0,No,0.38984498962528985,0.5091501727929627,0.5912999761860661,0.3388908266480642,0.18799817630135046,-0.2701680890337726,0.0317338634083084,0.5297855364723291,0.1433409558376315,-0.3452713210383045
D100765,2026-03-10 01:32:15.135135135,Bike,Warehouse A,Urban,31.26,Medium,Normal,8,50,24.51,119.99,293.42,47.3,4.55,No,0.6898571951666056,0.5552544769085768,0.6063292144047838,0.17346820137193347,0.06115679091923845,1.1444704524567564,0.2794048504113444,0.609458312382259,-0.5279250900701424,-0.7892762175717013
D100766,2026-03-10 03:40:32.432432432,Van,Warehouse A,Rural,28.13,Low,Storm,13,200,53.09,155.71,306.3,109.51,4.22,Yes,0.6134505065299646,0.8358074143889413,0.6404095996613128,0.46278339727938617,0.1510211140283302,0.7841922885132773,1.7865271086308443,0.7901247478963251,0.6460828018590848,-0.47470854422206116
D100767,2026-03-10 05:48:49.729729729,Van,Warehouse B,Suburban,27.64,Medium,Rain,8,200,133.3,132.16,274.26,107.68,4.55,Yes,0.6014890760405224,0.6508404021363494,0.5556319953430527,0.4542727589815138,0.40322606002484,0.727790914605193,0.7928896735505188,0.34070296265791794,0.6115476074814851,0.40812816254402134
D100768,2026-03-10 07:57:07.027027027,Truck,Warehouse B,Urban,21.26,Medium,Normal,6,500,195.21,85.09,325.65,150.69,4.36,Yes,0.4457463688514586,0.28114200439836634,0.6916095573254304,0.6542960120916171,0.5978901693209867,-0.0065779946470098,-1.193119416438054,1.0615452080824412,1.4232190338096644,1.089544700580278
D100769,2026-03-10 10:05:24.324324324,Bike,Warehouse A,Suburban,15.13,Low,Normal,10,50,22.76,81.5,156.95,18.22,4.77,Yes,0.2961064323202734,0.25294533459000945,0.24523059825893676,0.0382281130101151,0.055654251890515205,-0.7121706927216186,-1.3445911103632502,-1.3047923440311433,-1.0767138619283956,-0.8085377091169031
D100770,2026-03-10 12:13:41.621621621,Truck,Warehouse A,Semi-urban,24.74,Low,Normal,2,500,137.68,105.96,354.96,174.59,4.79,Yes,0.5306969364091296,0.4450596921143575,0.7691636017251869,0.7654458783862341,0.4169981291367302,0.3939868649451005,-0.31255834339659444,1.4726735640542798,1.8742524467193018,0.4563369242400123
D100771,2026-03-10 14:21:58.918918919,Bike,Warehouse B,Urban,23.28,Medium,Normal,6,50,12.95,118.47,196.05,40.34,4.45,Yes,0.4950567557671183,0.543316054037072,0.3486889106448283,0.14109987210789443,0.02480859024950084,0.2259337916679509,0.215271988359451,-0.7563406647920133,-0.659272058850522,-0.9165121274360064
D100772,2026-03-10 16:30:16.216216216,Truck,Warehouse C,Urban,22.86,High,Normal,14,500,323.095,123.73,382.27,162.03,4.52,No,0.4848041010618821,0.5846292805529375,0.8414256608366627,0.7070340658063015,1.0,0.17758975688959255,0.43720544519692506,1.8557481256916362,1.6372240088052832,2.497119469870647
D100773,2026-03-10 18:38:33.513513513,Bike,Warehouse C,Semi-urban,20.65,Medium,Normal,1,50,44.97,113.43,178.91,39.65,4.62,Yes,0.4308556084462345,0.5037307571473453,0.30333659672426105,0.1378909429136147,0.12548933293505432,-0.07679194992033989,0.0026209194505410157,-0.9967616822385271,-0.6722935255830598,-0.564081864991798
D100774,2026-03-10 20:46:50.810810810,Van,Warehouse C,Suburban,19.7,Medium,Rain,1,200,44.16,105.65,227.23,75.71,4.54,No,0.4076650799462956,0.44262488218661644,0.4311909612891275,0.305592372979886,0.12294244344175953,-0.18614155239519758,-0.32563807184138804,-0.3189820111174341,0.008219648873907361,-0.5729971839355772
D100775,2026-03-10 22:55:08.108108108,Van,Warehouse C,Suburban,39.11,Medium,Normal,11,200,168.19,158.57,324.24,161.83,4.33,Yes,0.881484193823996,0.8582704995287465,0.6878787076971924,0.7061039414021625,0.5129309667174996,2.0480434834332124,1.9071981517021697,1.0417672830766316,1.6334496706219392,0.7921472711223607
D100776,2026-03-11 01:03:25.405405405,Bike,Warehouse A,Suburban,29.47,High,Rain,3,50,31.37,131.32,442.20000000000005,29.85,4.48,No,0.6461613572561943,0.6442428526547281,0.9999999999999999,0.09231484711080105,0.0827267439118336,0.938432780425182,0.7574478287323669,2.6963800729244003,-0.8572360965669277,-0.7137711707145099
D100777,2026-03-11 03:11:42.702702702,Bike,Warehouse B,Urban,25.78,High,Normal,3,50,16.76,121.5,177.74,49.45,4.06,Yes,0.556084462345905,0.5671143575243481,0.3002407853306167,0.18346703871642833,0.036788403792035476,0.5136959034438925,0.3431157857392126,-1.013173151924199,-0.4873509545991917,-0.8745771087004526
D100778,2026-03-11 05:20:00.000000000,Van,Warehouse B,Urban,20.89,Medium,Normal,11,200,133.5,117.44,315.58,92.55,4.51,Yes,0.43671426827779813,0.5352262016965127,0.6649644113989361,0.38390884780839435,0.40385492162812264,-0.049166787189849265,0.17181353578481254,0.9202943536083228,0.3260189239114928,0.41032947586347285
D100779,2026-03-11 07:28:17.297297297,Van,Warehouse A,Suburban,28.06,Medium,Normal,13,200,69.94,113.2,339.78,109.8,4.76,Yes,0.6117417307457585,0.5019242852654728,0.728997433387135,0.4641320776653877,0.2040027041048941,0.7761349493835509,-0.007083395202048313,1.259745265055559,0.6515555922249339,-0.2892478970582601
D100780,2026-03-11 09:36:34.594594594,Van,Warehouse C,Urban,24.14,High,Normal,5,200,131.02,96.57,264.06,100.07,4.39,Yes,0.5160502868302209,0.37130851398052145,0.5286428703728202,0.41888152540402274,0.3960570377474177,0.32492395811887476,-0.7087475372566476,0.19762861155205821,0.4679340396052363,0.3830331907022726
D100781,2026-03-11 11:44:51.891891892,Van,Warehouse A,Urban,20.21,Medium,Normal,1,200,123.3,95.01,200.5,87.97,4.55,No,0.42011473208836814,0.3590559220860824,0.3604635779112533,0.36260899895361004,0.3717829798607071,-0.12743808159290534,-0.7745681062046431,-0.6939209723977903,0.23958657951290963,0.2980624965714389
D100782,2026-03-11 13:53:09.189189189,Van,Warehouse C,Semi-urban,17.57,Medium,Normal,10,200,128.49,85.49,237.37,61.98,4.89,Yes,0.35566947394116927,0.28428369462770964,0.4580213267007116,0.24173933263574,0.3881019384658921,-0.4313148716282997,-1.1762423474770298,-0.17674927384160846,-0.25088866741267496,0.3551865772112093
D100783,2026-03-11 16:01:26.486486486,Bike,Warehouse B,Rural,31.35,Low,Normal,6,50,37.19,105.99,240.76,45.87,4.53,Yes,0.6920541926034419,0.44529531888155827,0.4669912417643477,0.16681781188233924,0.10102661656735892,1.1548298884806902,-0.31129256322451754,-0.1291980924446611,-0.5549116080810538,-0.649712953118467
D100784,2026-03-11 18:09:43.783783783,Bike,Warehouse B,Semi-urban,3.0,High,Normal,7,50,10.52,72.47,172.83,10.0,4.32,Yes,0.0,0.18202167766258248,0.28724896144788714,0.0,0.01716792176961655,-2.108392459058487,-1.7255909421583813,-1.0820452170153532,-1.231839161263844,-0.943258084267344
D100785,2026-03-11 20:18:01.081081081,Bike,Warehouse B,Semi-urban,21.68,High,Normal,10,50,36.04,176.615,218.28,41.63,4.3,No,0.45599902355669475,1.0000000000000002,0.4075093271240705,0.1470991745145913,0.09741066234848365,0.041766040131348166,2.6685649252063937,-0.44452274076424236,-0.6349275775679517,-0.662370504705314
D100786,2026-03-11 22:26:18.378378378,Truck,Warehouse C,Urban,16.09,Low,Normal,12,500,248.36,109.64,360.3,119.21,4.65,Yes,0.3195410716465275,0.47396324222431674,0.783293202444897,0.5078944308801301,0.7650101403933529,-0.6016700417996571,-0.1572893089551676,1.5475771949273482,0.8291382037512804,1.674543715224553
D100787,2026-03-12 00:34:35.675675675,Van,Warehouse B,Rural,43.965,Medium,Rain,13,200,111.46,176.615,309.18,176.71,4.47,Yes,1.0,1.0000000000000002,0.6480300584764372,0.775305197070108,0.33455437294637375,2.6068775045020915,2.6685649252063937,0.8305222117379797,1.914260431462751,0.16774474805990147
D100788,2026-03-12 02:42:52.972972973,Van,Warehouse B,Urban,20.15,Medium,Rain,11,200,82.76,119.5,266.07,77.42,4.67,Yes,0.4186500671304772,0.5514059063776312,0.5339613155875425,0.31354493663527494,0.24431273287531244,-0.1343443722755282,0.2587304409340895,0.22582267485821284,0.0404902403415008,-0.14814371328140954
D100789,2026-03-12 04:51:10.270270270,Van,Warehouse A,Rural,22.49,Low,Normal,3,200,170.2,94.76,194.61,88.77,4.66,Yes,0.47577200048822155,0.3570923656927427,0.34487868123726606,0.3663294965701662,0.5192510258304903,0.13500096434675307,-0.7851162743052835,-0.7765393967128406,0.25468393224628655,0.8142704699828497
D100790,2026-03-12 06:59:27.567567567,Truck,Warehouse B,Rural,31.6,High,Normal,4,500,163.12,150.52,360.55,214.02,4.12,No,0.6981569632613206,0.7950439836632108,0.7839547006059321,0.9488199046622485,0.4969893250742842,1.1836060996582844,1.5675471388615498,1.5510839192191583,2.6183632195656195,0.7363439784742616
D100791,2026-03-12 09:07:44.864864865,Bike,Warehouse A,Semi-urban,11.63,Low,Normal,10,50,29.06,63.43,170.02,16.05,4.86,Yes,0.21066764310997194,0.1110194784794219,0.2798137221178525,0.028136263225206376,0.0754633923939189,-1.1150376492079368,-2.107012700677538,-1.1214607980553009,-1.1176654312176806,-0.7391963395541764
D100792,2026-03-12 11:16:02.162162162,Van,Warehouse B,Rural,35.79,Low,Storm,11,200,179.58,147.33,317.77,134.86,4.37,Yes,0.8004393994873672,0.7699890040841975,0.6707591352896036,0.5806766655040111,0.548744635024447,1.6658953989947622,1.4329525138973784,0.951013258404581,1.124480166597968,0.9175120646651321
D100793,2026-03-12 13:24:19.459459459,Van,Warehouse B,Suburban,22.33,Medium,Normal,10,200,160.21,124.7,247.89,96.51,4.8,Yes,0.4718662272671792,0.5922478793590952,0.4858571693170691,0.40232531101034763,0.4878393887465216,0.11658418919309281,0.47813233742740974,-0.02918631564223166,0.40075081994170897,0.7043148696762402
D100794,2026-03-12 15:32:36.756756756,Van,Warehouse B,Urban,27.66,Medium,Normal,14,200,146.83,143.44,290.5,119.74,4.72,Yes,0.6019772976931527,0.7394360666038329,0.5986029158838937,0.5103592605510986,0.4457685474869118,0.7300930114994004,1.2688230182514133,0.5684997726539146,0.8391401999371427,0.5570470086049252
D100795,2026-03-12 17:40:54.054054054,Bike,Warehouse A,Suburban,13.67,Low,Normal,12,50,7.65,96.24,182.14,28.07,4.75,Yes,0.26046625167826193,0.3687166195413132,0.3118831529648346,0.08403673991396347,0.008143757762510417,-0.8802237659987685,-0.7226711191494929,-0.9514548043883383,-0.8908277063986915,-0.974846930401475
D100796,2026-03-12 19:49:11.351351351,Truck,Warehouse A,Suburban,20.27,Medium,Normal,15,500,100.36,107.59,373.77,132.34,4.82,Yes,0.42157939704625896,0.4578620797989319,0.8189347233614688,0.568957098011859,0.2996525539641863,-0.12053179091028288,-0.24378428738041868,1.7365194997700863,1.0769235054878303,0.0455718588303352
D100797,2026-03-12 21:57:28.648648648,Truck,Warehouse B,Urban,9.08,Medium,Normal,10,500,149.32,98.06,308.64,61.89,4.53,Yes,0.1484193823996094,0.3830113100848257,0.6466012224486014,0.24132077665387747,0.4535978744477808,-1.4085550032193972,-0.6458804553768305,0.8229476872676692,-0.25258711959517977,0.584453359432098
D100798,2026-03-13 00:05:45.945945946,Van,Warehouse A,Suburban,25.61,Low,Rain,14,200,58.3,140.83,296.2,107.12,4.79,Yes,0.5519345782985475,0.7189365378573673,0.6136850739554942,0.4516684106499244,0.16740295879384343,0.49412807984312823,1.1587001432807282,0.6484530865071891,0.6009794605681211,-0.41736433225034586
D100799,2026-03-13 02:14:03.243243243,Van,Warehouse A,Rural,36.15,Low,Normal,10,200,35.81,139.48,353.8,150.75,4.67,Yes,0.8092273892347125,0.7083333333333333,0.766094250257984,0.6545750494128588,0.0966874715047086,1.7073331430904977,1.101740035537269,1.4564023633402805,1.4243513352646677,-0.6649020150226833
D100800,2026-03-13 04:22:20.540540540,Truck,Warehouse A,Urban,23.97,Medium,Normal,10,500,323.095,93.0,319.43,153.08,4.56,Yes,0.5119004027828633,0.3432689286836318,0.6751514830788768,0.6654109987210789,1.0,0.30535613451811056,-0.8593753777337921,0.9742979077022016,1.4683223751006285,2.497119469870647
D100801,2026-03-13 06:30:37.837837838,Van,Warehouse C,Semi-urban,20.01,Low,Normal,3,200,59.7,90.77,225.17,85.96,4.82,Yes,0.4152325155620652,0.3257540056550423,0.42574021644219817,0.35326124869201253,0.17180499001682203,-0.15045905053498057,-0.9534650371915045,-0.34787741928195093,0.20165448077029988,-0.4019551390141843
D100802,2026-03-13 08:38:55.135135135,Bike,Warehouse B,Rural,35.32,High,Normal,1,50,40.18,147.99,225.12,43.03,4.29,No,0.7889661906505553,0.775172792962614,0.4256079168099911,0.1536100453435647,0.11042809753643465,1.6117961219808854,1.460799677683069,-0.34857876414031275,-0.608507210284542,-0.6168033189926649
D100803,2026-03-13 10:47:12.432432432,Van,Warehouse A,Rural,43.965,High,Rain,8,200,152.11,176.5,344.93,178.09,4.21,No,1.0,0.9990967640590638,0.7426242955044583,0.7817230554586675,0.462370493813574,2.6068775045020915,2.663712767880099,1.3319837854668515,1.940303364927826,0.6151616802384486
D100804,2026-03-13 12:55:29.729729729,Van,Warehouse A,Rural,29.72,High,Normal,13,200,153.34,150.81,292.18,128.94,3.74,Yes,0.652264127914073,0.7973217090794849,0.6030481835260496,0.5531449831414951,0.46623799267376226,0.9672089916027761,1.5797830138582922,0.5920649598948798,1.012759756370978,0.6286997571530761
D100805,2026-03-13 15:03:47.027027027,Van,Warehouse A,Suburban,21.11,Low,Rain,10,200,140.02,107.09,254.92,93.42,4.81,Yes,0.44208470645673137,0.45393496701225267,0.5044584976053765,0.38795488896639924,0.4243558098951373,-0.02384372135356654,-0.2648806235816995,0.06942277144347375,0.3424372950090403,0.48209229007759663
D100806,2026-03-13 17:12:04.324324324,Van,Warehouse C,Rural,23.31,High,Normal,10,200,159.15,123.0,227.06,103.85,4.74,Yes,0.4957890882460636,0.5788956958843858,0.4307411425396236,0.43646087664225086,0.4845064222491235,0.22938693700926194,0.40640479434305493,-0.3213665836358649,0.5392690312704425,0.6926479090831464
D100807,2026-03-13 19:20:21.621621621,Truck,Warehouse B,Semi-urban,13.05,Medium,Normal,2,500,136.45,99.21,289.98,82.82,4.7,No,0.2453313804467228,0.3920436694941878,0.5972269997089407,0.33865829554702936,0.4131306302765418,-0.9515887697192019,-0.5973588821138851,0.5612057861269495,0.14239737129179522,0.4427988473253845
D100808,2026-03-13 21:28:38.918918919,Truck,Warehouse A,Urban,20.78,Medium,Storm,1,500,323.095,125.21,321.98,138.91,4.36,No,0.4340290491883315,0.596253534401508,0.681898764321435,0.5995116846878269,1.0,-0.06182832010799063,0.49965060035271575,1.0100664954786667,1.2009105148106884,2.497119469870647
D100809,2026-03-13 23:36:56.216216216,Van,Warehouse A,Suburban,28.83,Low,Normal,14,200,56.77,112.6,293.48,110.82,4.63,Yes,0.6305382643720249,0.49721174992145767,0.6064879739634322,0.46887571212649687,0.16259216752873112,0.8647656798105409,-0.032398998643585614,0.6102999262122936,0.6708047169599893,-0.4342043791441509
D100810,2026-03-14 01:45:13.513513513,Bike,Warehouse A,Semi-urban,17.95,Low,Rain,8,50,21.94,89.13,233.91,25.75,4.78,Yes,0.36494568534114485,0.31287307571473444,0.44886619215198564,0.07324729682595046,0.0530759193170563,-0.3875750306383567,-1.0226610199317057,-0.225282338040263,-0.9346100293254846,-0.817563093726655
D100811,2026-03-14 03:53:30.810810810,Truck,Warehouse B,Urban,18.11,Medium,Normal,7,500,246.31,93.11,328.05,128.5,4.65,Yes,0.3688514585621872,0.3441328934967012,0.6979599396713676,0.5510987094523891,0.7585643089597056,-0.3691582554846964,-0.8547341837695104,1.0952097612838205,1.0044562123676206,1.6519802537001735
D100812,2026-03-14 06:01:48.108108108,Truck,Warehouse C,Suburban,16.74,Medium,Rain,7,500,323.095,100.42,326.41,127.4,4.8,Yes,0.335408275357012,0.40154728243795157,0.6936205117349773,0.5459830252296244,1.0,-0.5268518927379124,-0.5463057485067853,1.0722056499295451,0.9836973523592275,2.497119469870647
D100813,2026-03-14 08:10:05.405405405,Bike,Warehouse A,Semi-urban,15.72,Low,Normal,4,50,20.78,83.91,189.42,16.15,4.96,Yes,0.31050897107286707,0.27187401822180324,0.3311459794141771,0.028601325427275892,0.04942852201801688,-0.6442588343424964,-1.242906769873077,-0.8493389930108226,-1.1157782621260084,-0.8303307109794745
D100814,2026-03-14 10:18:22.702702702,Truck,Warehouse A,Urban,22.36,Medium,Normal,11,500,323.095,121.08,422.47,151.49,4.83,Yes,0.47259855974612475,0.5638155827835375,0.9477945651311087,0.6580165097081734,1.0,0.12003733453440424,0.3253948633301367,2.419629391814732,1.4383163865430417,2.497119469870647
D100815,2026-03-14 12:26:40.000000000,Truck,Warehouse A,Suburban,8.02,Low,Rain,9,500,187.48,89.38,270.6,67.53,4.67,No,0.12254363481020382,0.3148366321080741,0.5459476622654988,0.2675502848505988,0.5735846683541119,-1.5305661386123965,-1.0121128518310651,0.2893645190258157,-0.14615078282487207,1.004463940783472
D100816,2026-03-14 14:34:57.297297297,Van,Warehouse C,Semi-urban,30.25,Medium,Storm,6,200,167.1,142.0,262.62,111.73,4.23,Yes,0.6652020017087757,0.7281259817781967,0.524832640965258,0.4731077781653296,0.5095036709796091,1.0282145592992757,1.2080655699917247,0.17742987963123097,0.687977955694206,0.7801501135313492
D100817,2026-03-14 16:43:14.594594594,Van,Warehouse A,Suburban,14.68,Medium,Rain,2,200,173.29,106.57,189.09,64.53,4.64,Yes,0.2851214451360918,0.4498507697141061,0.3302728018416108,0.25359841878851297,0.5289669376012074,-0.7639678728412882,-0.2868208132310319,-0.853967869076012,-0.20276585557503574,0.8482807607683777
D100818,2026-03-14 18:51:31.891891892,Van,Warehouse C,Urban,25.78,High,Rain,14,200,38.16,164.84,279.7,102.41,4.13,Yes,0.556084462345905,0.9075164938737041,0.5700261953271768,0.42976398093244966,0.10407659534327982,0.5136959034438925,2.171746207666231,0.41700928324770986,0.512093796350364,-0.6390365835191266
D100819,2026-03-14 20:59:49.189189189,Bike,Warehouse B,Urban,9.84,High,Rain,1,50,38.78,98.58,137.48,17.86,4.15,Yes,0.16697180519956056,0.38709550738297205,0.1937131214775222,0.0365538890826648,0.10602606631345607,-1.321075321239511,-0.6239402657274986,-1.5778960318773287,-1.083507670658415,-0.6322125122288265
D100820,2026-03-14 23:08:06.486486486,Bike,Warehouse A,Suburban,25.35,Medium,Normal,1,50,28.29,96.88,160.15,31.53,4.86,No,0.5455876968143537,0.3737433239082626,0.2536977747201863,0.10012789210556912,0.07304227522128068,0.46420082021843057,-0.6956678088118534,-1.2599062730959714,-0.825531655826836,-0.7476713958340654
D100821,2026-03-15 01:16:23.783783783,Truck,Warehouse A,Rural,37.38,Medium,Normal,9,500,323.095,144.26,442.20000000000005,225.025,4.79,Yes,0.8392530208714757,0.7458765315739868,0.9999999999999999,0.9999999999999999,1.0,1.8489121020842614,1.3034210096215135,2.6963800729244003,2.8260461781041366,2.497119469870647
D100822,2026-03-15 03:24:41.081081081,Bike,Warehouse A,Urban,23.07,Medium,Normal,4,50,30.46,113.2,202.49,29.37,4.54,Yes,0.4899304284145002,0.5019242852654728,0.3657291032730928,0.09008254854086735,0.07986542361689751,0.20176177427877173,-0.007083395202048313,-0.6660074470349803,-0.8662945082069538,-0.7237871463180148
D100823,2026-03-15 05:32:58.378378378,Bike,Warehouse B,Suburban,12.04,High,Normal,5,50,38.36,91.0,174.67,10.0,4.08,Yes,0.2206761869888929,0.32756047753691486,0.2921175879131055,0.0,0.10470545694656248,-1.0678446628766824,-0.9437607225389153,-1.0562357262276298,-1.231839161263844,-0.6368352701996749
D100824,2026-03-15 07:41:15.675675675,Van,Warehouse C,Urban,22.0,Medium,Normal,3,200,70.25,98.24,206.19,91.84,4.81,Yes,0.46381056999877945,0.3844250706880301,0.37551927605641244,0.38060690617370074,0.2049774395899822,0.07859959043866872,-0.6382857743443697,-0.6141079275161881,0.31262002336062084,-0.28583586141311
D100825,2026-03-15 09:49:32.972972973,Van,Warehouse B,Urban,10.54,Low,Normal,4,200,30.47,72.65,174.68,22.14,4.45,Yes,0.18405956304162086,0.183435438265787,0.29214404783954695,0.056458551331240545,0.07989686669706164,-1.2405019299422475,-1.7179962611259199,-1.056095457255957,-1.0027368335348483,-0.7236770806520423
D100826,2026-03-15 11:57:50.270270270,Truck,Warehouse B,Semi-urban,17.98,Low,Normal,12,500,166.41,104.38,377.97,121.32,4.71,No,0.3656780178200903,0.4326500157084511,0.8300478924668587,0.5177072433437971,0.5073340984482839,-0.3841218852970452,-0.3792227657926417,1.7954324678724998,0.8689574715855622,0.7725555825792411
D100827,2026-03-15 14:06:07.567567567,Bike,Warehouse A,Semi-urban,28.24,Medium,Normal,8,50,22.22,103.62,246.52,44.69,4.64,Yes,0.6161357256194312,0.4266808042726987,0.48223215939459674,0.1613300778979188,0.053956325561652016,0.7968538214314187,-0.41128919681858805,-0.04840316476135172,-0.5771802033627849,-0.8144812550794227
D100828,2026-03-15 16:14:24.864864865,Bike,Warehouse C,Urban,26.37,Medium,Normal,13,50,23.69,140.3,238.58,45.62,4.82,Yes,0.5704870010984987,0.7147737983034874,0.46122297780012167,0.16565515637716544,0.05857845834577956,0.5816077618230147,1.1363380269073706,-0.15977672826924655,-0.559629530810234,-0.7983016021814531
D100829,2026-03-15 18:22:42.162162162,Van,Warehouse C,Suburban,20.12,High,Normal,4,200,12.17,129.16,220.89,90.29,4.47,No,0.4179177346515318,0.627277725416274,0.414415367925277,0.3733984420416231,0.022356029996698477,-0.1377975176168392,0.6663116563428341,-0.4079125391577431,0.283368902439703,-0.9250972493818679
D100830,2026-03-15 20:30:59.459459459,Van,Warehouse A,Urban,12.2,Low,Normal,9,200,97.28,78.65,205.38,63.02,4.58,Yes,0.22458196020993526,0.2305607917059378,0.3733760220146587,0.24657597953726312,0.2899680852736334,-1.0494278877230223,-1.4648402267105505,-0.6254697142216535,-0.23126210885928475,0.011671633710779884
D100831,2026-03-15 22:39:16.756756756,Bike,Warehouse C,Suburban,25.16,Medium,Rain,9,50,26.7,155.89,216.39,49.51,4.63,Yes,0.5409495911143659,0.8372211749921457,0.402508401026645,0.18374607603767001,0.06804282547518355,0.44233089972345885,1.7941217896633044,-0.4710335764103284,-0.48621865314418855,-0.7651718367237058
D100832,2026-03-16 00:47:34.054054054,Van,Warehouse B,Semi-urban,20.16,High,Rain,6,200,151.63,141.6,210.54,82.17,4.62,Yes,0.41889417795679235,0.7249842915488534,0.3870293440584234,0.3356353912335775,0.4608612259656955,-0.13319332382842425,1.1911885010307,-0.5530909248386892,0.1301307721959266,0.6098785282717645
D100833,2026-03-16 02:55:51.351351351,Bike,Warehouse B,Urban,3.0,High,Normal,2,50,37.4,90.74,64.27,13.5,4.35,Yes,0.0,0.32551837888784163,0.0,0.016277177072433438,0.10168692125080572,-2.108392459058487,-0.9547308173635815,-2.6048051734910542,-1.1657882430553197,-0.6474015741330428
D100834,2026-03-16 05:04:08.648648648,Bike,Warehouse B,Urban,26.26,Medium,Normal,12,50,27.23,137.4,265.43,40.8,4.71,No,0.5678017820090321,0.6919965441407478,0.5322678802952926,0.14323915823741423,0.06970930872388259,0.5689462289048733,1.0139792769399418,0.21684546067117869,-0.6505910810288303,-0.759338356427159
D100835,2026-03-16 07:12:25.945945946,Van,Warehouse C,Suburban,19.81,Medium,Normal,10,200,23.29,121.21,248.07,84.73,5.0,Yes,0.4103502990357622,0.5648366321080741,0.4863334479930145,0.3475409836065574,0.057320735139214235,-0.1734800194770562,0.3308799107424695,-0.02666147415212816,0.17844230094273295,-0.8027042288203565
D100836,2026-03-16 09:20:43.243243243,Van,Warehouse B,Rural,41.62,Medium,Normal,11,200,27.53,154.52,378.59,161.69,4.48,Yes,0.9427560112290978,0.8264608859566447,0.8316884079062258,0.7054528543192651,0.07065260112880659,2.336956643656258,1.736317828471796,1.8041291441161886,1.630807633893598,-0.7560363864479814
D100837,2026-03-16 11:29:00.540540540,Truck,Warehouse A,Rural,23.24,High,Normal,7,500,323.095,125.77,367.51,166.38,4.1,Yes,0.4940803124618576,0.6006519007225888,0.8023708094091496,0.7272642715963259,1.0,0.22132959787953554,0.5232784968981503,1.6487111235031566,1.7193158642930204,2.497119469870647
D100838,2026-03-16 13:37:17.837837837,Bike,Warehouse A,Urban,3.0,Low,Normal,9,50,19.33,55.06,135.4,10.0,4.59,Yes,0.0,0.04527961043041151,0.18820945677771014,0.0,0.0448692753942176,-2.108392459058487,-2.4601653686869778,-1.60707197798519,-1.231839161263844,-0.846290232545499
D100839,2026-03-16 15:45:35.135135135,Van,Warehouse C,Semi-urban,22.23,High,Normal,6,200,175.51,117.69,225.61,87.53,4.46,Yes,0.46942511900402784,0.5371897580898524,0.42690445320562,0.3605627252645041,0.5359473013976449,0.10507370472205539,0.18236170388545292,-0.34170558452836447,0.23128303550955231,0.872715338614291
D100840,2026-03-16 17:53:52.432432432,Van,Warehouse A,Suburban,22.33,Medium,Normal,3,200,13.1,101.05,198.52,93.04,4.66,Yes,0.4718662272671792,0.4064954445491674,0.3552245124758553,0.38618765259853505,0.02528023645196283,0.11658418919309281,-0.5197243648931716,-0.7216942287889276,0.33526605246068636,-0.9148611424464178
D100841,2026-03-16 20:02:09.729729729,Bike,Warehouse A,Suburban,6.47,Medium,Storm,14,50,26.87,114.59,155.75,26.44,4.4,No,0.08470645673135603,0.5128416588124411,0.24205540708596826,0.07645622602023021,0.0685773578379738,-1.7089786479134803,0.05156441943751229,-1.3216246206318325,-0.9215885625929471,-0.7633007204021719
D100842,2026-03-16 22:10:27.027027027,Van,Warehouse B,Semi-urban,12.17,Low,Storm,15,200,42.26,132.82,284.41,51.84,4.34,Yes,0.22384962773098988,0.656024191014766,0.5824888206810784,0.19458202534589003,0.1169682582105743,-1.0528810330643334,0.8207368373362093,0.48307596890541626,-0.442247613308228,-0.5939096604703679
D100843,2026-03-17 00:18:44.324324324,Bike,Warehouse B,Rural,43.965,Medium,Normal,7,50,24.86,152.56,354.19,80.97,4.08,Yes,1.0,0.8110666038328622,0.7671261873891988,0.33005464480874314,0.06225729872498309,2.6068775045020915,1.653620190562775,1.4618728532355045,0.10748474309586108,-0.785423919262661
D100844,2026-03-17 02:27:01.621621621,Truck,Warehouse B,Rural,29.56,Medium,Normal,5,500,234.05,135.07,355.39,200.27,4.58,Yes,0.6483583546930306,0.6736961985548224,0.7703013785621674,0.8848738518776886,0.7200150926784787,0.9487922164491158,0.9156703502419729,1.4787051298361937,2.358877469460703,1.5170397472177877
D100845,2026-03-17 04:35:18.918918919,Bike,Warehouse C,Suburban,25.85,Low,Normal,1,50,42.09,88.08,172.43,45.94,4.69,Yes,0.5577932381301111,0.30462613886270806,0.28619056439023094,0.1671433554237879,0.11643372584778405,0.5217532425736189,-1.0669633259543951,-1.0876559758822497,-0.5535905897168832,-0.5957807767919017
D100846,2026-03-17 06:43:36.216216216,Van,Warehouse A,Suburban,14.79,Medium,Normal,3,200,89.62,88.03,173.89,56.48,4.43,Yes,0.2878066642255584,0.30423342758404015,0.290053713650676,0.21616091152191602,0.2658826858679076,-0.7513063399231468,-1.069072959574523,-1.067176706018078,-0.3546829674546416,-0.0726386664242181
D100847,2026-03-17 08:51:53.513513513,Bike,Warehouse A,Semi-urban,3.28,High,Storm,5,50,21.31,101.82,70.1,10.0,3.87,Yes,0.006835103136824103,0.41254319824065344,0.0154261371153388,0.0,0.051095005266715926,-2.0761631025395815,-0.48723600714319937,-2.5230283630060386,-1.231839161263844,-0.8244972306829277
D100848,2026-03-17 11:00:10.810810810,Truck,Warehouse A,Urban,18.64,Medium,Normal,7,500,276.82,121.32,335.83,136.1,4.65,Yes,0.38178933235689,0.5657005969211435,0.7185457624427801,0.5864434368096731,0.854497146540475,-0.30815268778819666,0.3355211047067512,1.2043390212449565,1.1478810633347019,1.9877906005825219
D100849,2026-03-17 13:08:28.108108108,Van,Warehouse C,Suburban,17.88,Medium,Rain,3,200,8.51,100.26,253.22,81.63,4.65,Yes,0.3632369095569388,0.4002906063462143,0.4999603101103377,0.333124055342402,0.010847862656625844,-0.3956323697680831,-0.553056576091195,0.04557704625916393,0.11994005910089701,-0.9653812831278329
D100850,2026-03-17 15:16:45.405405405,Van,Warehouse B,Suburban,16.8,Low,Normal,6,200,160.83,92.81,264.0,73.94,4.76,Yes,0.33687294031490295,0.3417766258246937,0.5284841108141718,0.2973607720032554,0.4897888597166978,-0.5199456020552896,-0.8673919854902787,0.1967869977220237,-0.025183244048689123,0.7111389409665404
D100851,2026-03-17 17:25:02.702702702,Bike,Warehouse A,Semi-urban,19.08,Medium,Storm,5,50,24.98,131.39,190.33,18.83,4.36,No,0.3925302087147564,0.6447926484448632,0.333553832720345,0.0410649924427392,0.0626346156869527,-0.2575065561156312,0.7604013158005459,-0.8365745165886328,-1.0652021304691957,-0.78410313127099
D100852,2026-03-17 19:33:20.000000000,Van,Warehouse C,Urban,22.11,Low,Normal,13,200,147.08,97.12,262.8,74.7,4.75,Yes,0.46649578908824607,0.3756283380458687,0.5253089196412033,0.3008952447389838,0.44655462449101513,0.09126112335681008,-0.6855415674352383,0.17995472112133448,-0.0108407589519809,0.5597986502542397
D100853,2026-03-17 21:41:37.297297297,Bike,Warehouse C,Urban,18.8,Medium,Rain,1,50,22.63,103.13,117.72,33.81,4.59,No,0.38569510557793235,0.42283223374175305,0.141428306829307,0.11073131031275434,0.05524549184838147,-0.2897359126345364,-0.4319636062958436,-1.8550675199020141,-0.7825042005367115,-0.8099685627745469
D100854,2026-03-17 23:49:54.594594594,Truck,Warehouse C,Rural,21.89,High,Normal,10,500,218.15,140.82,388.11,153.92,4.38,Yes,0.46112535090931284,0.7188579956016337,0.856878257878443,0.6693175212184628,0.6700205952175075,0.06593805752052735,1.1582782165567018,1.937665205148325,1.4841745954706738,1.3420353383213819
D100855,2026-03-18 01:58:11.891891892,Bike,Warehouse C,Urban,23.89,Medium,Normal,6,50,40.88,103.05,211.52,38.97,4.92,No,0.5099475161723422,0.42220389569588435,0.389622416849681,0.13472851993954188,0.11262911314792398,0.2961477469412806,-0.4353390200880485,-0.5393445656147925,-0.6851262754064301,-0.6090987223745842
D100856,2026-03-18 04:06:29.189189189,Bike,Warehouse A,Suburban,21.26,Low,Normal,14,50,20.79,83.11,150.62,20.37,4.74,Yes,0.4457463688514586,0.26559063776311653,0.22848146482152779,0.04822695035460993,0.049459965098181013,-0.0065779946470098,-1.276660907795126,-1.3935826030997795,-1.0361397264574448,-0.830220645313502
D100857,2026-03-18 06:14:46.486486486,Bike,Warehouse C,Urban,18.0,Medium,Normal,8,50,43.13,70.89,113.04,10.0,4.66,No,0.3661662394727206,0.16961200125667608,0.12904506125472973,0.0,0.11970380618485388,-0.38181978840283776,-1.7922553645544284,-1.920713398644703,-1.231839161263844,-0.5843339475307531
D100858,2026-03-18 08:23:03.783783783,Van,Warehouse B,Urban,25.91,Medium,Storm,13,200,153.74,162.96,308.83,113.97,4.06,Yes,0.5592579030880019,0.8927505497957902,0.6471039610509881,0.483525171491687,0.4674957158803276,0.5286595332562413,2.0924239835494154,0.825612797729445,0.7302505433476614,0.6331023837919795
D100859,2026-03-18 10:31:21.081081081,Van,Warehouse C,Urban,24.06,Medium,Rain,13,200,132.08,150.09,265.39,91.39,4.51,Yes,0.5140974002196996,0.7916666666666667,0.532162040589527,0.37851412626438785,0.3993900042448158,0.3157155705420444,1.549404289728448,0.21628438478448875,0.3041277624480962,0.39470015129536634
D100860,2026-03-18 12:39:38.378378378,Bike,Warehouse B,Urban,19.54,High,Rain,1,50,5.33,100.5,163.05,41.83,4.32,No,0.40375930672525323,0.4021756204838203,0.2613711533881935,0.14802929891873035,0.0008489631644315876,-0.20455832754885786,-0.5429303347145804,-1.219228271310972,-0.6311532393846075,-1.000382164907114
D100861,2026-03-18 14:47:55.675675675,Van,Warehouse C,Semi-urban,8.84,High,Normal,2,200,57.33,77.3,136.63,41.36,4.43,Yes,0.14256072256804586,0.21995758718190384,0.19146402773000284,0.14584350656900358,0.16435298001792253,-1.4361801659498876,-1.521800334454009,-1.5898188944694838,-0.6400229341154664,-0.42804070184968634
D100862,2026-03-18 16:56:12.972972973,Van,Warehouse B,Urban,14.34,Medium,Rain,14,200,60.4,110.29,305.94,45.3,4.43,Yes,0.2768216770413768,0.4790684888469997,0.6394570423094222,0.16416695733054293,0.17400600562831134,-0.8031035200428162,-0.12986407189350233,0.7850750649161182,-0.5656684719035848,-0.3942505423961036
D100863,2026-03-18 19:04:30.270270270,Van,Warehouse A,Rural,29.9,Medium,Normal,15,200,122.46,151.95,303.4,116.26,4.47,Yes,0.6566581227877456,0.8062755262331134,0.6327362209933054,0.4941750959190792,0.36914176112691993,0.9879278636506439,1.6278826603972119,0.7494467461113253,0.773466715546953,0.288816980629742
D100864,2026-03-18 21:12:47.567567567,Van,Warehouse B,Suburban,7.23,Low,Normal,4,200,10.5,70.78,186.58,44.25,4.76,Yes,0.1032588795313072,0.16874803644360659,0.3236313603048183,0.15928380420881294,0.017105035609288288,-1.6214989659335939,-1.7968965585187102,-0.8891753809657872,-0.5854837473661421,-0.9434782155992891
D100865,2026-03-18 23:21:04.864864864,Van,Warehouse C,Suburban,14.09,Low,Normal,12,200,132.14,78.73,209.23,70.68,4.72,Yes,0.2707189063834981,0.2311891297518065,0.3835630936945994,0.28219974421578886,0.3995786627258005,-0.8318797312204104,-1.4614648129183456,-0.5714661601277751,-0.08670495643720012,0.3953605452912015
D100866,2026-03-19 01:29:22.162162162,Van,Warehouse C,Suburban,25.22,Medium,Normal,2,200,151.26,115.23,231.84,105.71,4.65,Yes,0.5424142560722568,0.5178683631793906,0.443388987378615,0.44511103360074405,0.4596978319996226,0.4492371904060813,0.07856772977515172,-0.25431801517645214,0.574370376375544,0.6058060986307789
D100867,2026-03-19 03:37:39.459459459,Bike,Warehouse A,Suburban,31.42,Medium,Normal,11,50,6.02,125.2,279.08,49.96,4.65,Yes,0.693762968387648,0.5961749921457745,0.5683856798878097,0.1858388559469829,0.003018535695756757,1.1628872276104167,0.4992286736286905,0.4083126070040203,-0.4777263922316639,-0.992787633955006
D100868,2026-03-19 05:45:56.756756756,Bike,Warehouse A,Semi-urban,16.64,Medium,Normal,9,50,7.54,110.49,212.41,26.88,4.54,Yes,0.3329671670938606,0.48063933396167136,0.391977350302966,0.07850249970933611,0.007797883880704955,-0.5383623772089499,-0.1214255374129905,-0.5268606271359481,-0.9132850185895898,-0.9760576527271734
D100869,2026-03-19 07:54:14.054054054,Truck,Warehouse A,Urban,26.05,Medium,Normal,10,500,270.58,127.49,398.49,185.85,4.76,No,0.562675454656414,0.6141611687087654,0.8843436615246208,0.8178118823392627,0.8348766645180561,0.5447742115156942,0.5958498934305562,2.0832643977442884,2.0867476864415826,1.9191096250156305
D100870,2026-03-19 10:02:31.351351351,Truck,Warehouse B,Suburban,4.69,Low,Rain,8,500,323.095,67.2,276.24,31.7,4.76,Yes,0.04125472964725986,0.14062990889098337,0.560871060778451,0.10091849784908731,1.0,-1.9138652714979505,-1.9479463257198806,0.3684762190490557,-0.8223234683709933,2.497119469870647
D100871,2026-03-19 12:10:48.648648648,Bike,Warehouse C,Rural,37.28,Medium,Normal,8,50,26.84,140.9,249.93,65.61,4.49,Yes,0.8368119126083241,0.7194863336475024,0.49125499431111574,0.25862109057086385,0.06848302859748141,1.8374016176132235,1.1616536303489073,-0.0005714454210593965,-0.18238442938497684,-0.7636309174000896
D100872,2026-03-19 14:19:05.945945946,Bike,Warehouse A,Rural,25.57,Low,Normal,4,50,6.37,114.39,170.45,42.98,4.81,Yes,0.5509581349932869,0.5112708136977694,0.28095149895483285,0.15337751424252993,0.004119043501501409,0.4895238860547133,0.04312588495699986,-1.1154292322733874,-0.6094507948303781,-0.9889353356459656
D100873,2026-03-19 16:27:23.243243243,Van,Warehouse B,Rural,34.46,Low,Normal,5,200,94.71,102.5,327.33,130.12,4.6,Yes,0.7679726595874526,0.4178840716305372,0.6960548249675864,0.5586327171259156,0.2818872136714512,1.5128059555299616,-0.45854498990945725,1.0851103953234065,1.0350283516527092,-0.016615242444173842
D100874,2026-03-19 18:35:40.540540540,Van,Warehouse C,Suburban,18.02,High,Normal,4,200,168.5,115.05,218.27,77.32,4.29,Yes,0.3666544611253509,0.5164546025761859,0.40748286719762905,0.3130798744332054,0.5139057022025878,-0.3795176915086303,0.07097304874269035,-0.44466300973591466,0.038603071249828515,0.7955593067675109
D100875,2026-03-19 20:43:57.837837837,Bike,Warehouse B,Semi-urban,30.56,Low,Normal,13,50,28.76,114.55,270.56,47.16,4.98,Yes,0.6727694373245453,0.5125274897895067,0.5458418225597331,0.17281711428903612,0.07452009998899492,1.0638970611594925,0.04987671254140957,0.2888034431391258,-0.5305671267984834,-0.7424983095333538
D100876,2026-03-19 22:52:15.135135135,Bike,Warehouse B,Suburban,13.0,Medium,Normal,9,50,10.94,94.34,198.73,17.0,4.94,Yes,0.24411082631514708,0.3537935909519322,0.3557801709311247,0.032554354144866876,0.01848853113651013,-0.9573440119547209,-0.8028371967143595,-0.7187485803838073,-1.0997373248467954,-0.9386353262964955
D100877,2026-03-20 01:00:32.432432432,Van,Warehouse B,Suburban,25.02,Low,Normal,13,200,51.71,119.12,304.75,115.27,4.48,Yes,0.5375320395459539,0.548421300659755,0.6363083110628951,0.48957098011859085,0.14668196896567987,0.42621622146400606,0.24269722542111624,0.7683830572871012,0.7547837415393989,-0.48989760612627753
D100878,2026-03-20 03:08:49.729729729,Van,Warehouse B,Urban,17.76,High,Normal,2,200,167.66,128.65,201.41,71.87,4.16,Yes,0.3603075796411571,0.6232720703738612,0.36287143121742105,0.28773398442041626,0.5112644834688006,-0.40944495113332796,0.6447933934175281,-0.6811564959756009,-0.06424764424630192,0.7863137908258139
D100879,2026-03-20 05:17:07.027027027,Bike,Warehouse A,Suburban,18.73,Medium,Normal,13,50,44.96,111.7,232.28,12.44,4.54,Yes,0.3839863297937263,0.49014294690543514,0.4445532241420368,0.01134751773049645,0.12545788985489018,-0.2977932517642628,-0.07037240380589067,-0.24814618042286604,-1.1857922354270443,-0.5641919306577706
D100880,2026-03-20 07:25:24.324324324,Bike,Warehouse B,Urban,18.53,Low,Rain,11,50,44.49,123.22,187.26,25.86,4.94,Yes,0.37910411326742344,0.5806236255105247,0.3254306353028338,0.07375886524822695,0.12398006508717593,-0.320814220706338,0.41568718227161844,-0.8796370908920635,-0.9325341433246453,-0.569365016958482
D100881,2026-03-20 09:33:41.621621621,Bike,Warehouse B,Urban,13.23,Medium,Normal,8,50,40.27,85.06,126.79,27.79,4.61,Yes,0.24972537532039546,0.28090637763116555,0.16542746011166085,0.0827345657481688,0.11071108525791187,-0.9308698976713342,-1.1943851966101309,-1.7278435625951365,-0.8961117798553734,-0.6158127279989116
D100882,2026-03-20 11:41:58.918918919,Van,Warehouse C,Semi-urban,19.89,Medium,Normal,2,200,134.43,92.83,248.83,72.15,4.48,Yes,0.4123031856462834,0.3419337103361608,0.48834440240256116,0.2890361585862109,0.406779128083387,-0.1642716319002259,-0.8665481320422277,-0.016001032305024598,-0.05896357078961996,0.4205655827989231
D100883,2026-03-20 13:50:16.216216216,Bike,Warehouse B,Urban,19.5,High,Rain,1,50,32.46,126.37,143.42,36.93,4.53,Yes,0.40278286341999264,0.6053644360666038,0.20943031778371649,0.12524125101732353,0.08615403964972408,-0.20916252133727284,0.5485941003396876,-1.4945762627039163,-0.7236245248765414,-0.7017740131234984
D100884,2026-03-20 15:58:33.513513513,Bike,Warehouse C,Urban,21.93,Low,Normal,10,50,21.66,105.88,204.5,24.91,4.79,Yes,0.4621017942145734,0.44443135406848877,0.37104754848781507,0.06934077432856645,0.05219551307246058,0.07054225130894232,-0.3159337571887993,-0.6378133837288257,-0.9504622496955306,-0.8206449323738874
D100885,2026-03-20 18:06:50.810810810,Van,Warehouse A,Urban,20.68,High,Normal,3,200,34.64,112.58,216.45,93.41,4.69,Yes,0.43158794092518005,0.49705466540999055,0.4026671605852934,0.38790838274619227,0.09300863112550505,-0.07333880457902846,-0.03324285209163668,-0.4701919625802939,0.342248578099873,-0.6777796979414755
D100886,2026-03-20 20:15:08.108108108,Bike,Warehouse B,Rural,38.38,High,Rain,9,50,17.38,166.7,261.14,52.99,4.24,Yes,0.8636641035029904,0.9221253534401508,0.5209165718519301,0.19993024066968956,0.0387378747622117,1.964016946794638,2.2502245783349952,0.15667007182371379,-0.4205451687539986,-0.8677530374101525
D100887,2026-03-20 22:23:25.405405405,Van,Warehouse A,Suburban,27.39,High,Normal,12,200,130.82,156.11,322.57,106.75,4.15,Yes,0.5953863053826437,0.8389491046182849,0.6834598999814778,0.44994768050226713,0.395428176144135,0.6990147034275987,1.803404177591869,1.0183423648073386,0.5939969349289341,0.38083187738282076
D100888,2026-03-21 00:31:42.702702702,Bike,Warehouse A,Suburban,11.6,Medium,Normal,3,50,25.95,79.82,143.08,13.99,4.74,Yes,0.2099353106310265,0.23975023562676712,0.2085306802847088,0.018555981862574122,0.06568459446287359,-1.1184907945492482,-1.4154747999995538,-1.499345407740778,-1.1565411145061262,-0.7734267616716495
D100889,2026-03-21 02:40:00.000000000,Bike,Warehouse B,Semi-urban,26.95,Medium,Normal,9,50,5.98,112.19,220.6,45.2,4.63,No,0.5846454290247772,0.4939915174363808,0.4136480300584763,0.16370189512847344,0.0028927633751002248,0.6483685717550329,-0.04969799432863571,-0.41198033933624295,-0.5675556409952569,-0.9932278966188962
D100890,2026-03-21 04:48:17.297297297,Bike,Warehouse C,Semi-urban,10.51,Medium,Normal,7,50,36.63,77.97,117.25,30.52,4.9,Yes,0.18332723056267547,0.22521991831605404,0.14018469028656097,0.09543076386466688,0.0992658040781675,-1.2439550752835586,-1.4935312439442925,-1.8616601615706174,-0.8445920636527245,-0.6558766304129316
D100891,2026-03-21 06:56:34.594594594,Van,Warehouse A,Urban,24.7,High,Normal,13,200,159.43,145.6,296.33,98.92,4.55,Yes,0.5297204931038691,0.7564011938422872,0.6140290529992325,0.4135333100802232,0.4853868284937192,0.3893826711566855,1.3599591906409463,0.6502765831389303,0.446231595051007,0.6957297477303788
D100892,2026-03-21 09:04:51.891891892,Truck,Warehouse B,Semi-urban,24.96,Medium,Normal,10,500,323.095,142.49,313.57,174.63,4.46,Yes,0.536067374588063,0.7319745523091423,0.6596459661842138,0.7656319032670619,1.0,0.4193099307813836,1.2287399794689804,0.8921002903021682,1.8750073143559705,2.497119469870647
D100893,2026-03-21 11:13:09.189189189,Truck,Warehouse C,Semi-urban,4.71,Medium,Normal,1,500,156.56,60.68,250.6,28.38,4.84,Yes,0.04174295129989014,0.08942035815268612,0.49302780938268975,0.08547843274037902,0.4763626644866131,-1.911563174603743,-2.2230425497845823,0.008826575680992009,-0.884977482214508,0.6641409015962476
D100894,2026-03-21 13:21:26.486486486,Van,Warehouse A,Semi-urban,20.74,Medium,Normal,10,200,85.84,132.97,242.18,69.94,4.54,Yes,0.4330526058830708,0.6572023248507697,0.47074855131902726,0.27875828392047436,0.25399720156586536,-0.066432513896406,0.8270657381965938,-0.10927989846717844,-0.10067000771557401,-0.11424348816185421
D100895,2026-03-21 15:29:43.783783783,Van,Warehouse B,Urban,16.25,Medium,Normal,5,200,152.84,94.89,214.86,61.21,5.0,Yes,0.32344684486756986,0.35811341501727934,0.39846003228111015,0.23815835367980465,0.4646658386655556,-0.5832532666459969,-0.7796312268929507,-0.492494729076207,-0.26541986941855017,0.623196473854447
D100896,2026-03-21 17:38:01.081081081,Bike,Warehouse B,Rural,25.93,High,Normal,9,50,41.54,132.56,254.06,28.82,4.58,Yes,0.5597461247406322,0.6539820923656927,0.5021829439314157,0.08752470642948494,0.11470435643875673,0.5309616301504488,0.8097667425115437,0.057359639879646554,-0.8766739382111505,-0.6018343884203937
D100897,2026-03-21 19:46:18.378378378,Bike,Warehouse B,Suburban,30.81,Low,Normal,12,50,21.63,115.52,228.67,31.12,4.53,Yes,0.678872207982424,0.5201460885956645,0.43500119069668974,0.09822113707708406,0.05210118383196817,1.0926732723370867,0.09080360477189424,-0.29878327919660685,-0.8332690491026916,-0.8209751293718051
D100898,2026-03-21 21:54:35.675675675,Truck,Warehouse A,Urban,14.77,High,Normal,15,500,156.5,120.06,408.0,102.77,4.39,Yes,0.2873184425729281,0.5558042726987119,0.9095070515703964,0.4314382048599,0.47617400600562826,-0.7536084368173543,0.28235833747952405,2.2166601898047515,0.5188876050803837,0.6634805076004121
D100899,2026-03-22 00:02:52.972972973,Bike,Warehouse A,Suburban,13.55,Medium,Normal,15,50,18.99,97.04,229.34,15.98,4.85,Yes,0.25753692176248016,0.375,0.43677400576826386,0.0278107196837577,0.043800210668637096,-0.8940363473640136,-0.6889169812274432,-0.28938525809455506,-1.118986449581851,-0.8500324651885668
D100900,2026-03-22 02:11:10.270270270,Bike,Warehouse C,Urban,20.61,High,Rain,3,50,30.1,117.36,183.46,41.93,4.26,Yes,0.429879165140974,0.5345978636506441,0.31537586325510014,0.1484943611207999,0.07873347273098873,-0.08139614370875485,0.16843812199260766,-0.9329393001275796,-0.6292660702929354,-0.7277495102930279
D100901,2026-03-22 04:19:27.567567567,Bike,Warehouse B,Urban,25.48,Medium,Normal,9,50,36.38,102.94,207.06,31.38,4.5,Yes,0.5487611375564506,0.42133993088281496,0.3778212896568146,0.0994302988024648,0.09847972707406417,0.4791644500307794,-0.43998021405233023,-0.6019045269806882,-0.8283624094643443,-0.6586282720622462
D100902,2026-03-22 06:27:44.864864864,Bike,Warehouse A,Semi-urban,18.87,Medium,Normal,5,50,30.93,117.9,155.14,33.67,4.72,Yes,0.38740388136213844,0.5388391454602577,0.24044135157304256,0.11008022322985699,0.08134324838461175,-0.28167857350481,0.19122216508999118,-1.3301810279038497,-0.7851462372650526,-0.7186140600173034
D100903,2026-03-22 08:36:02.162162162,Bike,Warehouse C,Urban,29.33,High,Normal,9,50,34.93,152.8,236.41,49.2,4.13,Yes,0.6427438056877822,0.8129516179704683,0.45548117376233677,0.18230438321125453,0.09392048045026491,0.9223181021657292,1.6637464319393902,-0.19021509512216012,-0.492068877328372,-0.6745877936282706
D100904,2026-03-22 10:44:19.459459459,Van,Warehouse A,Suburban,24.25,Low,Normal,10,200,64.54,111.22,301.92,107.7,4.56,No,0.5187355059196875,0.48637291863022303,0.6288201518799776,0.45436577142192763,0.18702344081626238,0.3375854910370161,-0.09062488655912039,0.7286869383038089,0.6119250412998194,-0.3486833566834544
D100905,2026-03-22 12:52:36.756756756,Van,Warehouse B,Suburban,21.26,High,Rain,6,200,6.14,93.56,129.71,10.53,4.54,Yes,0.4457463688514586,0.3476672950047125,0.17315375863255097,0.002464829670968484,0.0033958526577263504,-0.0065779946470098,-0.8357474811883575,-1.6868850228667924,-1.2218371650779816,-0.991466845963335
D100906,2026-03-22 15:00:54.054054054,Truck,Warehouse A,Urban,15.76,Medium,Normal,9,500,323.095,99.96,331.45,120.87,4.51,No,0.31148541437812766,0.3979343386742067,0.706956314661445,0.5156144634344842,1.0,-0.6396546405540814,-0.5657143778119639,1.1429012116524402,0.8604652106730378,2.497119469870647
D100907,2026-03-22 17:09:11.351351351,Truck,Warehouse C,Rural,27.51,Medium,Storm,7,500,264.99,137.75,388.9,197.06,4.38,Yes,0.5983156352984255,0.6947455230914232,0.8589685920673137,0.8699453551912567,0.8172999827063059,0.7128272847928441,1.028746712280838,1.948746453910445,2.2982993416180277,1.8575829177369574
D100908,2026-03-22 19:17:28.648648648,Bike,Warehouse A,Urban,23.83,Medium,Normal,7,50,30.51,101.82,228.32,44.86,4.73,Yes,0.5084828512144512,0.41254319824065344,0.4340750932712406,0.162120683641437,0.08002263901771818,0.2892414562586577,-0.48723600714319937,-0.3036926932051412,-0.5739720159069421,-0.7232368179881519
D100909,2026-03-22 21:25:45.945945946,Bike,Warehouse A,Urban,3.0,Medium,Rain,8,50,25.24,90.17,140.88,23.65,4.75,No,0.0,0.32104147031102737,0.20270949646759975,0.06348099058249039,0.06345213577122014,-2.108392459058487,-0.9787806406330413,-1.5302045815087086,-0.9742405802505992,-0.781241423955703
D100910,2026-03-22 23:34:03.243243243,Bike,Warehouse A,Urban,40.39,Medium,Normal,7,50,33.69,143.66,239.2,59.6,4.87,Yes,0.9127303795923348,0.7411639962299716,0.4628634932394886,0.2306708522264853,0.09002153850991242,2.195377684662495,1.2781054061799768,-0.15108005202555735,-0.29580329179447135,-0.6882359362088708
D100911,2026-03-23 01:42:20.540540540,Van,Warehouse A,Urban,24.25,Low,Rain,12,200,53.91,124.76,310.14,98.37,4.66,Yes,0.5187355059196875,0.5927191328934968,0.6505702114148121,0.4109754679688408,0.1535994466017891,0.3375854910370161,0.48066389777156354,0.8439880330185309,0.4358521650468104,-0.4656831596123095
D100912,2026-03-23 03:50:37.837837837,Bike,Warehouse C,Urban,21.19,Low,Normal,9,50,34.71,84.26,205.68,28.89,4.31,Yes,0.44403759306725255,0.27462299717247884,0.37416981980790087,0.08785024997093362,0.09322873268665398,-0.014635333776736197,-1.22813933453218,-0.621261645071481,-0.87535291984698,-0.6770092382796674
D100913,2026-03-23 05:58:55.135135135,Van,Warehouse C,Semi-urban,29.45,Low,Normal,11,200,14.69,117.25,271.55,130.14,4.64,Yes,0.645673135603564,0.5337338988375746,0.5484613552774322,0.5587257295663294,0.03027968619805996,0.9361306835309745,0.16379692802832593,0.30269007133469467,1.0354057854710432,-0.8973607015567772
D100914,2026-03-23 08:07:12.432432432,Van,Warehouse A,Rural,43.965,High,Normal,9,200,30.3,173.47,377.55,223.84,4.26,Yes,1.0,0.9752984605717876,0.8289365755563197,0.9944890129054761,0.07936233433427138,2.6068775045020915,2.535868970500337,1.7895411710622582,2.803683224367822,-0.7255481969735762
D100915,2026-03-23 10:15:29.729729729,Van,Warehouse B,Urban,26.97,High,Normal,6,200,126.67,137.78,214.31,113.75,4.33,No,0.5851336506774075,0.694981149858624,0.39700473632683286,0.482502034647134,0.3823792978760199,0.6506706686492404,1.030012492452915,-0.5002095225181898,0.7260987713459827,0.3351546260041992
D100916,2026-03-23 12:23:47.027027027,Van,Warehouse B,Semi-urban,27.59,Medium,Rain,7,200,29.87,140.63,285.34,97.48,4.68,Yes,0.6002685219089466,0.7173656927426955,0.5849495938401289,0.40683641437042206,0.07801028188721368,0.722035672369674,1.1502616088002153,0.49612098327094983,0.4190563601309285,-0.7302810206103972
D100917,2026-03-23 14:32:04.324324324,Bike,Warehouse C,Semi-urban,21.05,Medium,Normal,2,50,41.03,114.7,165.22,24.51,4.78,Yes,0.4406200414988405,0.5137056236255105,0.2671129574259783,0.06748052552028834,0.11310075935038597,-0.03075001203618899,0.056205613401794044,-1.1887899044580588,-0.9580109260622189,-0.6074477373849955
D100918,2026-03-23 16:40:21.621621621,Truck,Warehouse B,Semi-urban,18.87,Medium,Normal,15,500,323.095,108.95,342.5,141.37,4.8,Yes,0.38740388136213844,0.4685438265786994,0.736194533379197,0.6109522148587373,1.0,-0.28167857350481,-0.186402252912935,1.2978984253504553,1.2473348744658228,2.497119469870647
D100919,2026-03-23 18:48:38.918918919,Van,Warehouse A,Suburban,16.19,Medium,Rain,9,200,76.29,99.6,225.75,55.61,4.43,Yes,0.32198217990967903,0.39510681746779763,0.4272748921757996,0.2121148703639112,0.2239690600091185,-0.5901595573286192,-0.580903739876886,-0.33974181892495087,-0.3711013385521891,-0.21935619916567026
D100920,2026-03-23 20:56:56.216216216,Bike,Warehouse B,Urban,13.39,High,Normal,12,50,33.03,110.59,168.55,15.28,4.35,Yes,0.2536311485414378,0.4814247565190073,0.27592411293096597,0.024555284269271005,0.08794629521907966,-0.912453122517674,-0.11720627017273398,-1.1420803368911454,-1.1321966332235558,-0.6955002701630613
D100921,2026-03-23 23:05:13.513513513,Truck,Warehouse B,Urban,43.965,High,Storm,13,500,323.095,136.51,329.81,96.42,4.02,No,1.0,0.6850062833804587,0.7026168867250547,0.40190675502848505,1.0,2.6068775045020915,0.9764277985016614,1.1198971002981648,0.399052367759204,2.497119469870647
D100922,2026-03-24 01:13:30.810810810,Van,Warehouse A,Semi-urban,9.2,Medium,Rain,1,200,104.23,89.21,107.11,36.18,4.71,Yes,0.15134871231539115,0.31350141376060314,0.11335432487497685,0.1217532845018021,0.3118210259877057,-1.3947424218541522,-1.0192856061395008,-2.003892898846443,-0.7377782930640824,0.0881672715617246
D100923,2026-03-24 03:21:48.108108108,Truck,Warehouse B,Semi-urban,19.39,High,Normal,1,500,140.28,113.2,264.63,137.78,4.05,Yes,0.400097644330526,0.5019242852654728,0.5301510861799803,0.5942564818044412,0.4251733299794047,-0.22182405425541418,-0.007083395202048313,0.2056239429373856,1.1795855040747936,0.48495399739288364
D100924,2026-03-24 05:30:05.405405405,Van,Warehouse A,Urban,6.52,Low,Rain,3,200,14.59,55.0,156.64,10.96,4.9,No,0.08592701086293174,0.04480835689600998,0.24441034053925323,0.004464597139867459,0.029965255396418634,-1.7032234056779614,-2.462696929031132,-1.309140682152988,-1.2137223379837914,-0.898461358216503
D100925,2026-03-24 07:38:22.702702702,Van,Warehouse C,Suburban,21.53,High,Normal,12,200,78.77,127.6,260.38,73.9,4.35,Yes,0.45233736116196754,0.6150251335218346,0.5189056174423834,0.29717474712242764,0.2317669438898234,0.02450031342479184,0.6004910873948379,0.14600962997661063,-0.025938111685357822,-0.19205991400446995
D100926,2026-03-24 09:46:40.000000000,Bike,Warehouse A,Rural,31.71,Low,Normal,6,50,13.55,124.69,257.53,35.54,4.76,Yes,0.7008421823507872,0.5921693371033616,0.511364538406583,0.11877688640855712,0.026695175059348816,1.1962676325764259,0.4777104107033839,0.10603297304997299,-0.749856175250784,-0.9099081874776516
D100927,2026-03-24 11:54:57.297297297,Bike,Warehouse B,Semi-urban,21.18,Medium,Normal,5,50,31.29,94.59,168.16,20.7,4.96,Yes,0.4437934822409374,0.35575714734527175,0.2748921757997512,0.04976165562143936,0.08247519927052054,-0.015786382223840142,-0.7922890286137191,-1.1475508267863697,-1.0299120684549268,-0.7146516960422906
D100928,2026-03-24 14:03:14.594594594,Van,Warehouse B,Rural,27.82,Medium,Normal,15,200,146.14,141.63,298.67,111.41,4.77,Yes,0.605883070914195,0.7252199183160539,0.6202206757865212,0.47161957911870706,0.44359897495558653,0.7485097866530607,1.1924542812027767,0.6830995225102752,0.6819390146008549,0.5494524776528167
D100929,2026-03-24 16:11:31.891891892,Van,Warehouse B,Semi-urban,43.965,Medium,Rain,2,200,36.44,160.87,305.36,180.0,4.27,No,1.0,0.8763352183474711,0.6379223665758208,0.7906057435181955,0.09866838555504896,2.6068775045020915,2.0042412982280617,0.7769394645591186,1.9763482945787636,-0.6579678780664108
D100930,2026-03-24 18:19:49.189189189,Bike,Warehouse A,Suburban,30.88,Low,Rain,9,50,37.26,145.73,239.77,54.43,4.69,Yes,0.68058098376663,0.7574222431668236,0.4643717090466487,0.20662713637949076,0.10124671812850786,1.100730611466813,1.365444238053279,-0.1430847206402296,-0.3933699338339201,-0.648942493456659
D100931,2026-03-24 20:28:06.486486486,Bike,Warehouse B,Suburban,10.04,High,Normal,14,50,25.41,103.06,184.45,19.5,4.45,Yes,0.1718540217258635,0.422282437951618,0.31799539597279913,0.04418090919660504,0.06398666813401041,-1.2980543522974357,-0.4349170933640226,-0.9190526719320112,-1.0525580975549924,-0.7793703076341689
D100932,2026-03-24 22:36:23.783783783,Truck,Warehouse B,Semi-urban,21.86,Low,Normal,13,500,323.095,92.16,366.65,148.36,4.71,Yes,0.4603930184303674,0.3366713792020106,0.8000952557351888,0.6434600627833973,1.0,0.06248491217921592,-0.894817222551944,1.636647991939329,1.3792479939737043,2.497119469870647
D100933,2026-03-25 00:44:41.081081081,Truck,Warehouse B,Urban,15.14,Medium,Storm,10,500,238.57,131.27,347.87,107.82,4.66,No,0.29635054314658854,0.6438501413760604,0.7504035138782312,0.4549238460644111,0.7342273649126668,-0.7110196442745148,0.7553381951122395,1.3732228631385404,0.6141896442098257,1.5667894282373949
D100934,2026-03-25 02:52:58.378378378,Van,Warehouse B,Suburban,11.88,Low,Normal,14,200,103.68,92.56,297.4,55.95,4.57,Yes,0.2167704137678506,0.33981306943135403,0.6168602651284627,0.21369608185094757,0.31009165657867843,-1.0862614380303426,-0.8779401535909191,0.6652853631078783,-0.3646849636405038,0.08211365993323261
D100935,2026-03-25 05:01:15.675675675,Bike,Warehouse B,Semi-urban,9.28,Medium,Normal,4,50,22.92,81.58,108.34,12.1,4.89,Yes,0.15330159892591233,0.25357367263587804,0.1166088958272696,0.00976630624346006,0.05615734117314132,-1.385534034277322,-1.3412156965710453,-1.986639815330736,-1.1922086103387293,-0.806776658461342
D100936,2026-03-25 07:09:32.972972973,Bike,Warehouse C,Urban,23.46,Medium,Normal,4,50,9.83,97.44,198.33,32.71,4.62,Yes,0.4994507506407909,0.3781416902293434,0.3547217738734686,0.10561562608998952,0.01499834923829138,0.24665266371581868,-0.6720399122664189,-0.7243593392507035,-0.803263060545105,-0.9508526152194522
D100937,2026-03-25 09:17:50.270270270,Bike,Warehouse A,Semi-urban,14.55,Medium,Rain,5,50,22.04,109.35,156.85,14.27,4.71,No,0.28194800439399487,0.4716855168080427,0.24496599899452273,0.019858156028368795,0.053390350118697624,-0.778931502653637,-0.1695251839519107,-1.3061950337478674,-1.1512570410494443,-0.8164624370669292
D100938,2026-03-25 11:26:07.567567567,Truck,Warehouse C,Suburban,27.74,Low,Normal,15,500,323.095,116.65,437.68,187.74,4.75,Yes,0.6039301843036738,0.5290213634935595,0.988040113248485,0.8266015579583769,1.0,0.7393013990762304,0.13848132458678922,2.6329784977284696,2.122415182274186,2.497119469870647
D100939,2026-03-25 13:34:24.864864864,Bike,Warehouse B,Rural,39.95,Low,Rain,8,50,11.41,148.92,282.86,65.41,4.55,Yes,0.9019895032344685,0.7824772227458372,0.5783875320826607,0.25769096616672477,0.019966355904224378,2.1447315529899296,1.5000388630174504,0.4613342782961923,-0.18615876756832114,-0.9334622399957841
D100940,2026-03-25 15:42:42.162162162,Van,Warehouse A,Urban,30.99,Medium,Rain,10,200,28.36,137.38,282.0,123.93,4.65,No,0.6832662028560966,0.6918394596292805,0.5761119784086999,0.5298453668178118,0.0732623767824296,1.1133921443849544,1.0131354234918901,0.4492711467323647,0.9182125848782048,-0.7469009361722572
D100941,2026-03-25 17:50:59.459459459,Bike,Warehouse A,Urban,13.18,High,Normal,4,50,14.33,105.9,116.23,35.44,4.44,Yes,0.24850482118881972,0.4445884385799561,0.13748577778953772,0.1183118242064876,0.029147735312151177,-0.9366251399068531,-0.31508990374074763,-1.8759675966812035,-0.751743344342456,-0.9013230655317901
D100942,2026-03-25 19:59:16.756756756,Van,Warehouse A,Suburban,23.8,High,Normal,5,200,178.2,113.15,260.22,89.79,4.33,Yes,0.5077505187355059,0.5015315739868049,0.518482258619321,0.3710731310312754,0.5444054899617966,0.28578831091734674,-0.009193028822176272,0.14376532642985249,0.27393305698134235,0.9023230027609155
D100943,2026-03-25 22:07:34.054054054,Van,Warehouse C,Urban,25.06,Low,Rain,12,200,71.04,128.12,258.16,106.33,4.71,No,0.5385084828512144,0.6191093308199811,0.5130315137723916,0.44799441925357514,0.20746144292294874,0.43082041525242104,0.6224312770441703,0.11486991826533566,0.5860708247439113,-0.27714067380127594
D100944,2026-03-26 00:15:51.351351351,Truck,Warehouse B,Semi-urban,16.21,Medium,Normal,4,500,209.19,100.0,337.68,116.56,4.85,Yes,0.3224704015623093,0.39824850769714104,0.72344084883444,0.49557028252528773,0.6418475953904444,-0.5878574604344118,-0.5640266709158611,1.230288781004353,0.7791282228219694,1.243416501609948
D100945,2026-03-26 02:24:08.648648648,Bike,Warehouse C,Semi-urban,13.83,Low,Rain,14,50,35.43,104.82,211.92,20.03,4.41,Yes,0.2643720248993043,0.43610587496072883,0.3906808139073372,0.04664573886757353,0.09549263445847155,-0.8618069908451083,-0.3606579899355147,-0.5337338067478964,-1.04255610136913,-0.6690845103296416
D100946,2026-03-26 04:32:25.945945946,Bike,Warehouse B,Urban,32.88,Low,Storm,6,50,24.23,161.2,240.26,45.84,4.26,Yes,0.7294031490296595,0.8789271127866791,0.4656682454422775,0.1666782932217184,0.06027638467464273,1.3309403008875667,2.0181648801209064,-0.1362115410282817,-0.5554777588085553,-0.7923580562189336
D100947,2026-03-26 06:40:43.243243243,Bike,Warehouse B,Suburban,21.82,Medium,Normal,12,50,42.26,118.71,188.84,37.53,4.97,No,0.4594165751251068,0.545201068174678,0.3296113036805757,0.12803162422974074,0.1169682582105743,0.05788071839080096,0.22539822973606555,-0.8574745933678223,-0.7123015103265087,-0.5939096604703679
D100948,2026-03-26 08:49:00.540540540,Truck,Warehouse A,Suburban,25.09,Medium,Rain,3,500,323.095,128.87,357.26,179.97,4.64,Yes,0.5392408153301599,0.625,0.77524938480671,0.7904662248575746,1.0,0.43427356059373246,0.6540757813460916,1.5049354275389346,1.975782143851262,2.497119469870647
D100949,2026-03-26 10:57:17.837837837,Truck,Warehouse A,Suburban,13.42,Low,Rain,8,500,319.56,94.76,356.78,95.56,4.51,Yes,0.25436348102038325,0.3570923656927427,0.7739793083375226,0.39790722009068713,0.9888848711619789,-0.9089999771763627,-0.7851162743052835,1.4982025168986588,0.38282271357082376,2.4582112569493386
D100950,2026-03-26 13:05:35.135135135,Van,Warehouse B,Rural,22.25,Low,Rain,6,200,147.69,116.79,232.82,92.41,4.64,Yes,0.46991334065665813,0.5301209550738297,0.44598206016987263,0.383257760725497,0.4484726523810272,0.10737580161626288,0.14438829872314787,-0.24057165595255595,0.3233768871831518,0.5665126558785671
D100951,2026-03-26 15:13:52.432432432,Van,Warehouse A,Semi-urban,15.44,Low,Normal,10,200,160.63,75.55,216.3,62.05,4.47,Yes,0.30367386793604295,0.20621269242852647,0.4022702616886724,0.2420648761771887,0.4891599981134151,-0.676488190861402,-1.5956375111584917,-0.47229599715537973,-0.24956764904850445,0.7089376276470886
D100952,2026-03-26 17:22:09.729729729,Van,Warehouse A,Semi-urban,19.01,High,Normal,5,200,95.89,115.85,222.54,62.91,4.38,No,0.3908214329305505,0.5227379830348727,0.41878125578810876,0.24606441111498661,0.2855974971308189,-0.2655638952453572,0.10472718666473949,-0.38476815883179516,-0.23333799486012421,-0.003627493859409059
D100953,2026-03-26 19:30:27.027027027,Bike,Warehouse B,Semi-urban,11.49,High,Normal,13,50,19.45,101.21,194.93,17.91,4.34,Yes,0.20725009154155988,0.4077521206409047,0.34572539888339104,0.03678642018369957,0.04524659235618721,-1.1311523274673896,-0.5129735373087619,-0.7720507896193235,-1.0825640861125791,-0.8449694445538279
D100954,2026-03-26 21:38:44.324324324,Truck,Warehouse B,Suburban,19.92,Low,Normal,15,500,171.58,108.74,365.38,137.29,4.75,Yes,0.4130355181252289,0.466894439208294,0.7967348450771304,0.5919776770143005,0.5235901708931407,-0.16081848655891445,-0.19526271411747326,1.6188338325369331,1.1703383755256,0.8294595318870663
D100955,2026-03-26 23:47:01.621621621,Van,Warehouse C,Rural,18.49,Low,Normal,2,200,173.24,88.82,230.14,89.53,4.68,Yes,0.37812766996216274,0.3104382657869933,0.43889079988357615,0.36986396930589466,0.5288097222003868,-0.3254184144947534,-1.0357407483764998,-0.27816374036076236,0.26902641734299476,0.847730432438515
D100956,2026-03-27 01:55:18.918918919,Van,Warehouse C,Semi-urban,11.04,High,Rain,10,200,110.47,125.15,264.14,49.23,4.38,No,0.1962651043573782,0.5957822808671066,0.5288545497843514,0.1824439018718753,0.3314415080101246,-1.182949507587059,0.49711904000856255,0.19875076332543729,-0.49150272660087047,0.1568482471286159
D100957,2026-03-27 04:03:36.216216216,Van,Warehouse B,Semi-urban,25.37,High,Normal,10,200,102.91,140.64,284.81,103.09,4.42,No,0.546075918466984,0.7174442349984291,0.5835472177387345,0.4329264039065225,0.30767053940604017,0.466502917112638,1.1506835355242404,0.4886867277723124,0.5249265461737346,0.07363860365334365
D100958,2026-03-27 06:11:53.513513513,Bike,Warehouse B,Semi-urban,24.83,Medium,Normal,7,50,34.47,111.79,201.16,40.95,4.52,Yes,0.532893933845966,0.4908498272070374,0.36220993305638594,0.14393675154051855,0.09247409876271478,0.40434630096903434,-0.06657506328965998,-0.6846632202674112,-0.647760327391322,-0.6796508142630094
D100959,2026-03-27 08:20:10.810810810,Bike,Warehouse B,Urban,16.86,Low,Normal,2,50,9.54,74.18,161.81,17.11,4.75,Yes,0.33833760527279383,0.1954524033930255,0.2580901225094594,0.033065922567143344,0.014086499913531527,-0.5130393113726672,-1.6534414723500006,-1.236621623798351,-1.097661438845956,-0.9540445195326571
D100960,2026-03-27 10:28:28.108108108,Van,Warehouse C,Semi-urban,11.86,Low,Rain,1,200,106.01,56.79,204.24,42.56,4.92,Yes,0.21628219211522026,0.058867420672321646,0.3703595904003386,0.15142425299383794,0.31741789425692135,-1.0885635349245504,-2.3871720454305465,-0.6414603769923083,-0.6173769050154009,0.10775896010484426
D100961,2026-03-27 12:36:45.405405405,Bike,Warehouse A,Urban,11.78,Medium,Normal,7,50,15.13,89.75,158.47,14.99,4.56,Yes,0.21432930550469909,0.3177426955702167,0.2492525070780303,0.02320660388326938,0.031663181725281805,-1.0977719225013804,-0.9965015630421172,-1.2834714603369366,-1.137669423589405,-0.8925178122539835
D100962,2026-03-27 14:45:02.702702702,Van,Warehouse B,Urban,17.01,Medium,Normal,5,200,156.67,107.9,228.57,71.15,4.75,Yes,0.3419992676675211,0.46029688972667304,0.4347365914322757,0.28438553656551563,0.4767085383684185,-0.49577358466611043,-0.2307045589356245,-0.3001859689133309,-0.07783526170634118,0.6653516239219459
D100963,2026-03-27 16:53:20.000000000,Bike,Warehouse C,Urban,25.16,Low,Normal,1,50,28.62,97.9,198.29,34.26,4.89,Yes,0.5409495911143659,0.3817546339930883,0.3546159341677029,0.11282409022206717,0.07407989686669707,0.44233089972345885,-0.6526312829612402,-0.7249204151373934,-0.7740119396241871,-0.7440392288569699
D100964,2026-03-27 19:01:37.297297297,Van,Warehouse A,Rural,39.43,Medium,Rain,15,200,97.37,165.51,338.72,153.71,4.33,No,0.8892957402660807,0.9127788250078541,0.7261926811843462,0.6683408905941169,0.29025107299511055,2.084877033740533,2.2000152981759467,1.244876754058284,1.4802115403781628,0.012662224704533162
D100965,2026-03-27 21:09:54.594594594,Bike,Warehouse B,Semi-urban,16.03,Low,Normal,4,50,6.05,84.49,168.8,15.5,4.82,Yes,0.3180764066886367,0.2764294690543512,0.2765856110920011,0.025578421113823968,0.0031128649362491545,-0.6085763324822796,-1.2184350198795912,-1.138573612599335,-1.1280448612218772,-0.9924574369570882
D100966,2026-03-27 23:18:11.891891891,Bike,Warehouse B,Semi-urban,10.77,High,Normal,12,50,15.44,105.66,141.69,16.36,4.32,Yes,0.18967411204686924,0.44270342444235,0.20485275050935356,0.029577956051621904,0.03263791721036992,-1.2140278156588609,-0.3252161451173628,-1.5188427948032432,-1.111815207033497,-0.8891057766088335
D100967,2026-03-28 01:26:29.189189189,Van,Warehouse A,Semi-urban,22.14,Medium,Storm,13,200,118.41,145.73,261.53,89.88,4.55,Yes,0.4672281215671915,0.7574222431668236,0.5219485089831448,0.37149168701313795,0.3564073136604461,0.09471426869812151,1.365444238053279,0.16214056171893765,0.2756315091638471,0.24424038591084618
D100968,2026-03-28 03:34:46.486486486,Bike,Warehouse A,Suburban,13.41,Low,Normal,4,50,41.3,73.77,174.96,23.54,4.58,No,0.2541193701940681,0.19223217090794842,0.2928849257799063,0.06296942216021392,0.11394972251481753,-0.9101510256234664,-1.6707404680350513,-1.0521679260491297,-0.9763164662514386,-0.6044759644037357
D100969,2026-03-28 05:43:03.783783783,Van,Warehouse A,Rural,27.85,Medium,Storm,10,200,87.25,141.71,242.18,105.83,4.4,Yes,0.6066154033931405,0.7258482563619229,0.47074855131902726,0.4456691082432275,0.2584306758690081,0.7519629319943721,1.1958296949949823,-0.10927989846717844,0.5766349792855506,-0.09872422925972014
D100970,2026-03-28 07:51:21.081081081,Van,Warehouse A,Suburban,30.6,Medium,Normal,7,200,155.14,125.95,276.77,125.37,4.47,Yes,0.6737458806298059,0.6020656613257933,0.5622734368798453,0.5365422625276131,0.4718977471033061,1.0685012549479078,0.5308731779306117,0.37591047454769316,0.9453878197982833,0.6485115770281408
D100971,2026-03-28 09:59:38.378378378,Van,Warehouse A,Suburban,26.62,High,Normal,9,200,57.25,135.77,319.45,98.16,4.42,Yes,0.5765897717563774,0.6791941564561734,0.6752044029317597,0.40999883734449477,0.16410143537660948,0.6103839730006089,0.9452052209237666,0.9745784456455462,0.4318891099542988,-0.428921227177467
D100972,2026-03-28 12:07:55.675675675,Truck,Warehouse C,Urban,21.26,Medium,Rain,2,500,323.095,129.27,286.54,147.07,4.77,Yes,0.4457463688514586,0.6281416902293435,0.5881247850130975,0.6374607603767003,1.0,-0.0065779946470098,0.6709528503071164,0.5129532598716399,1.3549035126911335,2.497119469870647
D100973,2026-03-28 14:16:12.972972973,Van,Warehouse A,Semi-urban,9.82,Low,Normal,12,200,45.22,74.58,216.12,41.69,4.78,Yes,0.16648358354693027,0.1985940936223688,0.4017939830127272,0.147378211835833,0.12627540993915762,-1.3233774181337186,-1.6365644033889764,-0.47482083864548325,-0.6337952761129485,-0.5613302233424835
D100974,2026-03-28 16:24:30.270270270,Bike,Warehouse B,Semi-urban,21.69,Medium,Normal,14,50,18.57,117.79,237.98,30.47,4.77,Yes,0.4562431343830099,0.5379751806471883,0.4596353822136373,0.09519823276363211,0.04247960130174351,0.04291708857845211,0.18658097112570943,-0.16819286656959156,-0.8455356481985605,-0.8546552231594153
D100975,2026-03-28 18:32:47.567567567,Bike,Warehouse A,Suburban,28.5,Low,Normal,1,50,9.44,100.93,124.49,30.26,4.69,Yes,0.622482607103625,0.4055529374803645,0.15934167703013782,0.09422160213928614,0.0137720691118902,0.8267810810561167,-0.5247874855814786,-1.7601054260797915,-0.8494987032910719,-0.9551451761923828
D100976,2026-03-28 20:41:04.864864864,Bike,Warehouse C,Urban,16.99,High,Normal,2,50,16.14,102.5,147.42,13.94,4.13,No,0.3415110460148907,0.4178840716305372,0.22001428836027828,0.01832345076153935,0.03483893282185922,-0.49807568156031834,-0.45854498990945725,-1.4384686740349515,-1.1574846990519623,-0.8814011799907527
D100977,2026-03-28 22:49:22.162162162,Van,Warehouse A,Semi-urban,30.81,Medium,Normal,7,200,81.54,132.25,256.29,125.01,4.85,Yes,0.678872207982424,0.6515472824379516,0.508083507527849,0.5348680386001627,0.24047667709528828,1.0926732723370867,0.7966870140667495,0.08863962056259461,0.9385940110682637,-0.16157172453006455
D100978,2026-03-29 00:57:39.459459459,Bike,Warehouse B,Urban,30.34,Medium,Normal,13,50,19.05,157.56,234.88,50.15,4.49,Yes,0.6673989991456121,0.8503377316996545,0.45143280501680194,0.18672247413091497,0.0439888691496219,1.0385739953232098,1.864583552575583,-0.2116762477880391,-0.4741407709574869,-0.8493720711927313
D100979,2026-03-29 03:05:56.756756756,Van,Warehouse C,Semi-urban,33.31,Low,Normal,10,200,115.68,123.41,303.1,135.95,4.76,Yes,0.7398999145612108,0.5821159283694628,0.6319424232000634,0.5857458435065689,0.34782335277563786,1.3804353841130286,0.42370379002810504,0.7452386769611536,1.1450503096971936,0.21419245910033133
D100980,2026-03-29 05:14:14.054054054,Van,Warehouse C,Rural,34.44,Medium,Normal,6,200,55.45,138.04,249.01,142.59,4.67,Yes,0.7674844379348223,0.697023248507697,0.4888206810785064,0.6166259737239855,0.15844168094706557,1.5105038586357535,1.0409825872775806,-0.013476190814921492,1.2703583373842227,-0.44873304705253175
D100981,2026-03-29 07:22:31.351351351,Bike,Warehouse A,Suburban,24.7,High,Storm,4,50,11.54,131.28,173.54,34.81,4.34,No,0.5297204931038691,0.6439286836317939,0.28912761622522676,0.11538193233344961,0.0203751159463581,0.3893826711566855,0.7557601218362648,-1.0720861200266123,-0.7636325096199904,-0.9320313863381406
D100982,2026-03-29 09:30:48.648648648,Van,Warehouse C,Urban,31.31,High,Normal,1,200,55.19,130.18,211.44,131.15,4.26,Yes,0.6910777492981813,0.6352890355010996,0.3894107374381498,0.5634228578072317,0.1576241608627981,1.1502256946922749,0.7093481821934473,-0.540466717388172,1.054466193296932,-0.45159475436781893
D100983,2026-03-29 11:39:05.945945946,Bike,Warehouse B,Semi-urban,23.58,Low,Normal,13,50,23.09,127.21,237.13,38.06,4.61,Yes,0.5023800805565726,0.6119619855482249,0.45738628846611795,0.13049645390070924,0.05669187353593158,0.26046524508106356,0.5840359451578389,-0.18011572916174648,-0.7022995141406464,-0.804905542139808
D100984,2026-03-29 13:47:23.243243243,Bike,Warehouse B,Semi-urban,15.99,Low,Rain,1,50,5.64,87.93,144.77,18.87,4.47,Yes,0.31709996338337604,0.30344800502670444,0.21300240785330612,0.04125101732356702,0.0018236986495197074,-0.6131805262706947,-1.073292226814779,-1.4756399515281404,-1.0644472628325266,-0.996970129261964
D100985,2026-03-29 15:55:40.540540540,Van,Warehouse A,Suburban,16.41,High,Normal,5,200,154.18,115.34,205.21,69.76,4.37,No,0.3273526180886122,0.5187323279924599,0.3729262032651548,0.2779211719567492,0.46887921140754946,-0.5648364914923366,0.08320892373943346,-0.6278542867400844,-0.10406691208058369,0.6379452730947731
D100986,2026-03-29 18:03:57.837837837,Van,Warehouse A,Rural,33.91,High,Normal,15,200,92.55,154.09,362.33,138.01,4.43,Yes,0.7545465641401194,0.8230835689601006,0.788664567512502,0.5953261248692011,0.2750955083559985,1.449498290939254,1.7181749793386942,1.5760517961768474,1.1839259929856394,-0.040389426294251574
D100987,2026-03-29 20:12:15.135135135,Van,Warehouse B,Urban,9.68,Low,Rain,1,200,123.81,78.44,158.25,52.1,4.72,Yes,0.1630660319785182,0.22891140433553248,0.24867038869631938,0.19579118707127074,0.3733865769490779,-1.3394920963931713,-1.4737006879150887,-1.2865573777137296,-0.4373409736698805,0.30367584553604066
D100988,2026-03-29 22:20:32.432432432,Van,Warehouse B,Suburban,18.85,Medium,Normal,12,200,73.59,127.03,258.59,86.43,4.73,Yes,0.38691565970950814,0.6105482249450205,0.5141692906093719,0.35544704104173935,0.2154794283648026,-0.2839806703990175,0.5764412641253781,0.12090148404724865,0.2105241755011591,-0.2490739289782675
D100989,2026-03-30 00:28:49.729729729,Bike,Warehouse B,Semi-urban,28.77,Medium,Rain,15,50,43.58,133.44,243.18,42.42,4.85,Yes,0.629073599414134,0.6608938108702482,0.4733945439631677,0.1507731659109406,0.12111874479223983,0.8578593891279184,0.8468962942257976,-0.09525300129993727,-0.620018941743742,-0.5793809925619869
D100990,2026-03-30 02:37:07.027027027,Truck,Warehouse B,Semi-urban,3.0,High,Rain,7,500,296.29,118.37,210.02,17.66,4.37,Yes,0.0,0.5425306314797361,0.38565342788347035,0.03562376467852575,0.9157168236200418,-2.108392459058487,0.21105272111919507,-0.5603849113656543,-1.0872820088417594,2.20208845223114
D100991,2026-03-30 04:45:24.324324324,Van,Warehouse C,Urban,32.28,Low,Storm,13,200,110.63,138.6,316.94,141.59,4.58,Yes,0.7147564994507506,0.701421614828778,0.6685629613949672,0.6119753517032902,0.3319445972927507,1.2618773940613406,1.0646104838230153,0.939370933755771,1.2514866464675016,0.15860929778417715
D100992,2026-03-30 06:53:41.621621621,Van,Warehouse A,Semi-urban,28.98,Low,Normal,11,200,168.44,114.6,289.82,120.33,4.9,Yes,0.6341999267667521,0.5129202010681746,0.5968036408858781,0.5131031275433088,0.513717043721603,0.8820314065170975,0.05198634616153752,0.5589614825801905,0.8502744975780083,0.7948989127716753
D100993,2026-03-30 09:01:58.918918918,Bike,Warehouse B,Suburban,16.32,High,Normal,1,50,17.94,95.78,186.29,23.09,4.26,Yes,0.3251556206517759,0.3651036757775683,0.3228640224380175,0.060876642250901045,0.040498687251403154,-0.5751959275162705,-0.742079748454671,-0.8932431811442874,-0.9848087271639631,-0.8615893601156879
D100994,2026-03-30 11:10:16.216216216,Van,Warehouse A,Suburban,24.35,Low,Normal,1,200,30.71,92.48,243.96,81.49,4.49,Yes,0.521176614182839,0.33918473138548544,0.4754584182255972,0.3324729682595047,0.08065150062100084,0.34909597550805394,-0.881315567383124,-0.08431202150948915,0.11729802237255603,-0.7210355046687003
D100995,2026-03-30 13:18:33.513513513,Bike,Warehouse C,Urban,20.03,Medium,Normal,2,50,25.01,89.57,153.8,24.0,4.8,Yes,0.4157207372146955,0.3163289349670122,0.23689572142989443,0.06510870828973374,0.0627289449274451,-0.14815695364077308,-1.0040962440745786,-1.3489770701079526,-0.9676354884297468,-0.7837729342730722
D100996,2026-03-30 15:26:50.810810810,Bike,Warehouse B,Semi-urban,29.84,Medium,Rain,13,50,24.34,134.93,263.87,38.16,4.75,Yes,0.6551934578298547,0.6725966069745524,0.5281401317704335,0.13096151610277873,0.06062225855644819,0.9810215729680214,0.9097633761056148,0.19496350109028243,-0.7004123450489744,-0.7911473338932352
D100997,2026-03-30 17:35:08.108108108,Truck,Warehouse C,Urban,27.86,Medium,Normal,14,500,130.26,119.85,429.69,193.85,4.54,Yes,0.6068595142194556,0.5541548853283066,0.9668986320218028,0.8550168585048249,0.39366736365494354,0.7531139804414756,0.2734978762749858,2.5209035893622125,2.237721213775352,0.3746682000883561
D100998,2026-03-30 19:43:25.405405405,Bike,Warehouse A,Urban,8.8,Medium,Normal,11,50,35.57,95.54,174.88,18.15,4.6,Yes,0.14158427926278533,0.3632186616399623,0.292673246368375,0.03790256946866642,0.09593283758076941,-1.4407843597383025,-0.7522059898312855,-1.0532900778225092,-1.078034880292566,-0.6675435910060253
D100999,2026-03-30 21:51:42.702702702,Truck,Warehouse A,Urban,24.7,Medium,Rain,12,500,323.095,176.615,425.46,179.07,4.6,Yes,0.5297204931038691,1.0000000000000002,0.9557060831370886,0.7862806650389488,1.0,0.3893826711566855,2.6685649252063937,2.461569814344782,1.9587976220262127,2.497119469870647
D101000,2026-03-31 00:00:00.000000000,Van,Warehouse A,Rural,30.35,Low,Normal,10,200,84.43,115.7,277.74,133.4,4.72,Yes,0.6676431099719272,0.521559849198869,0.5648400497446616,0.573886757353796,0.24956372726272266,1.0397250437703136,0.09839828580435561,0.3895165647999175,1.0969274978595547,-0.12976274706398827
D100140,2026-01-13 09:12:04.324324324,Truck,Warehouse B,Semi-urban,14.41,Low,Normal,4,500,122.38,64.26,302.02,94.68,4.62,Yes,0.2785304528255828,0.11753848570530945,0.6290847511443916,0.39381467271247533,0.3688902164856069,-0.7950461809130898,-2.0719927825834112,0.7300896280205326,0.36621562556410914,0.2879364553019613
