Delivery_ID,Delivery_Date,Vehicle_Type,Origin,Destination_Zone,Distance_KM,Traffic_Level,Weather_Condition,Package_Count,Vehicle_Capacity_KG,Load_Weight_KG,Delivery_Time_Minutes,Delivery_Cost_INR,Fuel_Cost_INR,Customer_Rating,On_Time_Delivery
D100001,2026-01-01 00:00:00.000000000,Bike,Warehouse A,Urban,15.22,Medium,Normal,2,50,31.82,69.45,150.98,30.63,4.84,Yes
D100002,2026-01-01 02:08:17.297297297,Truck,Warehouse B,Urban,3.0,High,Rain,13,500,284.3,102.22,260.23,17.62,4.15,No
D100003,2026-01-01 04:16:34.594594594,Van,Warehouse C,Rural,28.7,Low,Rain,1,200,142.97,96.27,253.2,116.35,4.85,Yes
D100004,2026-01-01 06:24:51.891891891,Van,Warehouse B,Urban,27.31,Medium,Normal,10,200,148.17,118.23,282.36,104.78,4.96,No
D100005,2026-01-01 08:33:09.189189189,Bike,Warehouse C,Urban,24.3,Medium,Normal,2,50,14.9,112.39,180.48,35.31,4.95,Yes
D100006,2026-01-01 10:41:26.486486486,Bike,Warehouse B,Semi-urban,23.43,High,Normal,12,50,25.26,119.81,241.39,36.84,4.17,Yes
D100007,2026-01-01 12:49:43.783783783,Bike,Warehouse B,Suburban,17.76,High,Normal,7,50,38.78,114.12,220.68,31.39,4.32,Yes
D100008,2026-01-01 14:58:01.081081081,Truck,Warehouse C,Semi-urban,9.77,Low,Normal,8,500,326.65,77.19,309.11,68.88,4.84,Yes
D100009,2026-01-01 17:06:18.378378378,Van,Warehouse A,Urban,24.12,Medium,Normal,5,200,22.46,108.35,241.31,76.59,4.53,No
D100010,2026-01-01 19:14:35.675675675,Van,Warehouse B,Suburban,13.33,Low,Normal,6,200,14.54,75.85,176.42,52.7,4.44,Yes
D100011,2026-01-01 21:22:52.972972972,Bike,Warehouse A,Urban,37.47,Medium,Normal,12,50,24.25,151.19,227.6,67.97,4.55,Yes
D100012,2026-01-01 23:31:10.270270270,Truck,Warehouse C,Urban,24.56,Low,Normal,1,500,309.51,100.26,331.35,171.24,4.6,Yes
D100013,2026-01-02 01:39:27.567567567,Truck,Warehouse C,Rural,27.35,Medium,Normal,15,500,188.89,132.22,378.38,203.44,4.46,Yes
D100014,2026-01-02 03:47:44.864864864,Bike,Warehouse A,Urban,15.11,Medium,Normal,6,50,28.47,89.96,99.96,21.7,4.88,Yes
D100015,2026-01-02 05:56:02.162162162,Bike,Warehouse B,Suburban,19.26,Medium,Normal,12,50,29.97,120.17,202.12,16.31,4.72,Yes
D100016,2026-01-02 08:04:19.459459459,Bike,Warehouse C,Suburban,18.08,Medium,Normal,15,50,31.13,100.55,226.92,23.66,4.62,No
D100017,2026-01-02 10:12:36.756756756,Bike,Warehouse A,Urban,28.93,Medium,Rain,8,50,7.81,141.73,250.11,38.93,4.56,Yes
D100018,2026-01-02 12:20:54.054054054,Van,Warehouse B,Rural,33.49,Medium,Rain,13,200,146.65,155.68,352.19,132.12,4.53,Yes
D100019,2026-01-02 14:29:11.351351351,Van,Warehouse C,Urban,14.15,Low,Normal,3,200,145.03,79.79,216.32,47.12,4.78,Yes
D100020,2026-01-02 16:37:28.648648648,Bike,Warehouse A,Semi-urban,35.12,High,Normal,11,50,26.64,156.64,295.07,52.61,4.2,Yes
D100021,2026-01-02 18:45:45.945945945,Van,Warehouse B,Rural,32.39,Low,Normal,1,200,139.79,92.38,224.34,126.93,4.47,Yes
D100022,2026-01-02 20:54:03.243243243,Bike,Warehouse A,Suburban,26.15,Medium,Normal,11,50,27.27,137.67,231.09,49.53,4.77,Yes
D100023,2026-01-02 23:02:20.540540540,Bike,Warehouse C,Rural,27.13,Medium,Normal,4,50,39.19,123.65,2000.0,31.01,4.8,Yes
D100024,2026-01-03 01:10:37.837837837,Bike,Warehouse C,Urban,22.9,Medium,Rain,1,50,42.18,102.69,172.34,36.32,4.65,No
D100025,2026-01-03 03:18:55.135135135,Van,Warehouse C,Suburban,22.49,Low,Normal,14,200,95.58,118.57,280.58,93.25,4.86,Yes
D100026,2026-01-03 05:27:12.432432432,Van,Warehouse B,Urban,4.88,Medium,Rain,8,200,26.78,88.65,181.2,25.72,4.57,No
D100027,2026-01-03 07:35:29.729729729,Bike,Warehouse C,Semi-urban,36.12,High,Normal,5,50,20.7,143.91,252.84,51.27,4.54,Yes
D100028,2026-01-03 09:43:47.027027027,Van,Warehouse C,Rural,42.33,Medium,Normal,1,200,55.74,153.08,300.86,171.09,4.52,Yes
D100029,2026-01-03 11:52:04.324324324,Van,Warehouse A,Urban,16.82,Medium,Rain,14,200,154.27,115.33,239.49,70.11,4.63,Yes
D100030,2026-01-03 14:00:21.621621621,Bike,Warehouse C,Semi-urban,11.18,Medium,Normal,8,50,37.54,102.92,114.39,10.0,4.65,Yes
D100031,2026-01-03 16:08:38.918918918,Van,Warehouse A,Urban,22.78,Low,normal,9,200,61.56,109.4,255.58,88.5,4.85,Yes
D100032,2026-01-03 18:16:56.216216216,Bike,Warehouse B,Suburban,20.69,Medium,Normal,10,50,26.13,120.95,208.34,30.77,4.74,Yes
D100033,2026-01-03 20:25:13.513513513,Bike,Warehouse A,Suburban,22.85,High,Normal,2,50,31.48,124.49,177.13,34.95,4.45,Yes
D100034,2026-01-03 22:33:30.810810810,Truck,Warehouse A,Rural,33.53,Low,Storm,9,500,194.25,155.89,429.65,235.29,4.36,No
D100035,2026-01-04 00:41:48.108108108,Truck,Warehouse A,Suburban,24.05,Low,Normal,8,500,188.2,107.25,389.28,171.85,4.62,Yes
D100036,2026-01-04 02:50:05.405405405,Truck,Warehouse B,Urban,31.58,Low,Storm,7,500,375.36,136.39,385.04,236.56,4.42,Yes
D100037,2026-01-04 04:58:22.702702702,Bike,Warehouse A,Urban,24.54,Medium,Storm,3,50,23.84,134.21,185.65,32.05,4.37,No
D100038,2026-01-04 07:06:40.000000000,Bike,Warehouse B,Urban,11.6,High,Rain,2,50,21.45,115.36,143.05,20.45,4.5,Yes
D100039,2026-01-04 09:14:57.297297297,Van,Warehouse A,Urban,30.9,Low,Normal,7,200,108.49,124.49,295.44,134.01,4.64,Yes
D100040,2026-01-04 11:23:14.594594594,Van,Warehouse A,Urban,33.12,Medium,Normal,15,200,130.86,148.75,323.04,118.09,4.71,Yes
D100041,2026-01-04 13:31:31.891891891,Bike,Warehouse B,Semi-urban,45.22,Low,Rain,5,50,10.27,131.98,301.4,69.98,5.0,Yes
D100042,2026-01-04 15:39:49.189189189,Van,Warehouse C,Suburban,11.01,High,Normal,6,200,95.03,98.89,192.58,30.6,4.54,Yes
D100043,2026-01-04 17:48:06.486486486,Bike,Warehouse A,Suburban,21.94,Low,Normal,4,50,38.7,91.7,179.02,50.39,4.54,Yes
D100044,2026-01-04 19:56:23.783783783,Truck,Warehouse B,Urban,3.34,Medium,Normal,2,500,148.6,53.65,254.87,27.56,4.84,No
D100045,2026-01-04 22:04:41.081081081,Bike,Warehouse C,Semi-urban,24.43,Medium,Normal,9,50,39.66,126.4,210.08,39.74,4.8,Yes
D100046,2026-01-05 00:12:58.378378378,Van,Warehouse B,Semi-urban,15.61,Medium,Normal,3,200,93.81,70.47,202.93,47.45,4.53,Yes
D100047,2026-01-05 02:21:15.675675675,Bike,Warehouse A,Urban,35.39,Medium,Normal,12,50,41.51,152.15,286.08,49.05,4.48,Yes
D100048,2026-01-05 04:29:32.972972972,Van,Warehouse A,Semi-urban,13.8,Medium,Normal,14,200,154.64,116.89,268.39,51.2,4.56,Yes
D100049,2026-01-05 06:37:50.270270270,Van,Warehouse C,Suburban,6.49,Medium,Rain,7,200,80.59,86.38,200.96,40.09,4.34,No
D100050,2026-01-05 08:46:07.567567567,Bike,Warehouse A,Urban,16.23,Low,Normal,14,50,15.0,97.72,214.84,30.18,4.68,Yes
D100051,2026-01-05 10:54:24.864864864,Truck,Warehouse C,Suburban,4.2,Low,Storm,8,500,133.34,100.08,212.42,16.18,4.32,Yes
D100052,2026-01-05 13:02:42.162162162,Van,Warehouse B,Suburban,26.01,Medium,Normal,2,200,110.43,102.38,245.33,107.8,4.53,Yes
D100053,2026-01-05 15:10:59.459459459,Truck,Warehouse C,Urban,3.48,Low,Rain,14,500,243.08,89.57,314.56,12.34,4.7,Yes
D100054,2026-01-05 17:19:16.756756756,Truck,Warehouse C,Rural,32.23,Low,Normal,6,500,447.99,109.28,400.39,212.58,4.38,Yes
D100055,2026-01-05 19:27:34.054054054,Van,Warehouse C,Semi-urban,3.38,Medium,Rain,11,200,133.71,76.09,165.3,17.15,4.71,Yes
D100056,2026-01-05 21:35:51.351351351,Truck,Warehouse A,Semi-urban,17.44,High,Normal,8,500,304.94,119.84,280.2,128.04,4.35,Yes
D100057,2026-01-05 23:44:08.648648648,Bike,Warehouse C,Suburban,33.15,Medium,Rain,7,50,40.28,141.53,264.38,53.4,4.8,Yes
D100058,2026-01-06 01:52:25.945945945,Bike,Warehouse B,Suburban,22.89,Low,Normal,11,50,21.38,90.07,190.52,49.37,4.46,Yes
D100059,2026-01-06 04:00:43.243243243,Bike,Warehouse B,Semi-urban,13.09,Low,Rain,3,50,16.6,99.83,170.53,22.59,5.0,Yes
D100060,2026-01-06 06:09:00.540540540,Bike,Warehouse B,Suburban,19.75,High,Storm,1,50,5.58,131.85,143.48,30.99,4.31,Yes
D100061,2026-01-06 08:17:17.837837837,Van,Warehouse C,Urban,20.14,Low,Normal,14,200,147.55,111.39,248.91,70.83,4.58,No
D100062,2026-01-06 10:25:35.135135135,Bike,Warehouse C,Suburban,23.78,Low,Normal,6,50,21.09,117.61,208.62,42.53,4.92,Yes
D100063,2026-01-06 12:33:52.432432432,Truck,Warehouse C,Semi-urban,9.07,Medium,Rain,8,500,347.74,97.62,313.5,50.28,4.83,No
D100064,2026-01-06 14:42:09.729729729,Bike,Warehouse B,Suburban,24.74,Medium,Normal,6,50,12.32,126.21,217.82,53.27,4.63,Yes
D100065,2026-01-06 16:50:27.027027027,Bike,Warehouse B,Urban,3.0,Medium,Rain,5,50,22.2,69.87,120.14,11.47,4.61,No
D100066,2026-01-06 18:58:44.324324324,Van,Warehouse B,Semi-urban,14.96,Low,Normal,11,200,58.62,105.63,220.14,82.16,4.62,Yes
D100067,2026-01-06 21:07:01.621621621,Bike,Warehouse A,Urban,16.09,Low,Normal,12,50,16.91,86.92,159.41,27.25,5.0,Yes
D100068,2026-01-06 23:15:18.918918918,Truck,Warehouse A,Urban,25.07,High,Storm,8,500,315.84,151.43,,182.85,4.05,Yes
D100069,2026-01-07 01:23:36.216216216,Bike,Warehouse A,Urban,20.18,Low,Normal,2,50,36.06,73.81,136.11,28.05,4.67,Yes
D100070,2026-01-07 03:31:53.513513513,Truck,Warehouse A,Urban,8.76,Medium,Rain,15,500,162.98,107.7,342.61,60.97,4.68,Yes
D100071,2026-01-07 05:40:10.810810810,Van,Warehouse A,Semi-urban,12.12,Medium,Normal,12,200,63.85,103.55,252.76,40.07,4.83,Yes
D100072,2026-01-07 07:48:28.108108108,Bike,Warehouse A,Suburban,21.59,Medium,Normal,15,50,29.43,128.35,240.0,20.8,4.82,Yes
D100073,2026-01-07 09:56:45.405405405,Bike,Warehouse A,Urban,19.37,Medium,Normal,1,50,39.85,80.92,156.33,30.57,4.56,Yes
D100074,2026-01-07 12:05:02.702702702,Truck,Warehouse A,Rural,27.37,Low,Normal,1,500,136.92,104.99,332.19,191.2,4.74,Yes
D100075,2026-01-07 14:13:20.000000000,Van,Warehouse C,Rural,28.15,Medium,Normal,15,200,36.61,137.92,337.74,103.99,4.62,Yes
D100076,2026-01-07 16:21:37.297297297,Van,Warehouse B,Rural,37.57,High,Normal,14,200,89.99,172.29,302.03,143.09,4.17,Yes
D100077,2026-01-07 18:29:54.594594594,Van,Warehouse A,Urban,15.86,High,Normal,4,200,128.23,99.99,176.46,63.7,4.34,Yes
D100078,2026-01-07 20:38:11.891891891,Bike,Warehouse B,Suburban,19.3,Low,Normal,6,50,21.64,67.55,226.73,20.21,4.85,Yes
D100079,2026-01-07 22:46:29.189189189,Bike,Warehouse A,Rural,49.36,Low,Rain,13,50,34.87,180.28,310.94,76.89,4.46,Yes
D100080,2026-01-08 00:54:46.486486486,Bike,Warehouse C,Semi-urban,8.61,High,Normal,9,50,8.75,99.26,164.44,10.0,4.37,Yes
D100081,2026-01-08 03:03:03.783783783,Truck,Warehouse C,Urban,5.19,Medium,Normal,1,500,418.24,69.68,265.22,38.38,4.42,Yes
D100082,2026-01-08 05:11:21.081081081,Van,Warehouse A,Urban,26.27,High,Normal,12,200,154.53,139.59,242.18,95.87,4.4,No
D100083,2026-01-08 07:19:38.378378378,Bike,Warehouse B,Suburban,14.57,Low,Normal,1,50,24.77,77.99,92.84,12.68,4.58,Yes
D100084,2026-01-08 09:27:55.675675675,Bike,Warehouse C,Rural,29.45,Medium,Rain,13,50,34.27,150.77,290.31,25.28,4.27,No
D100085,2026-01-08 11:36:12.972972973,Bike,Warehouse C,Suburban,13.75,Medium,Normal,13,50,20.35,83.43,168.43,19.34,4.87,Yes
D100086,2026-01-08 13:44:30.270270270,Bike,Warehouse B,Suburban,,Medium,Normal,5,50,42.8,109.75,146.62,38.51,4.69,No
D100087,2026-01-08 15:52:47.567567567,Van,Warehouse B,Urban,32.79,Medium,Normal,10,200,89.5,133.76,294.7,142.34,4.39,No
D100088,2026-01-08 18:01:04.864864864,Van,Warehouse A,Semi-urban,26.42,Low,Normal,5,200,120.39,121.61,231.7,108.27,4.58,Yes
D100089,2026-01-08 20:09:22.162162162,Truck,Warehouse C,Semi-urban,,Medium,Rain,5,500,226.33,121.71,371.14,172.29,4.7,Yes
D100090,2026-01-08 22:17:39.459459459,Van,Warehouse A,Suburban,8.67,Low,Normal,10,200,88.48,70.52,176.86,41.43,4.71,Yes
D100091,2026-01-09 00:25:56.756756756,Bike,Warehouse C,Semi-urban,10.79,Medium,RAIN,6,50,8.01,94.1,2000.0,17.99,4.63,Yes
D100092,2026-01-09 02:34:14.054054054,Van,Warehouse B,Rural,15.0,High,Normal,8,200,137.28,117.0,251.91,56.75,3.85,No
D100093,2026-01-09 04:42:31.351351351,Van,Warehouse B,Urban,13.52,Medium,Normal,3,200,89.6,83.8,163.46,63.74,4.62,No
D100094,2026-01-09 06:50:48.648648648,Van,Warehouse B,Suburban,27.65,High,Rain,9,200,24.54,154.53,262.33,115.52,4.31,No
D100095,2026-01-09 08:59:05.945945945,Van,Warehouse A,Urban,,Low,Normal,13,200,25.2,108.91,307.13,112.25,4.91,Yes
D100096,2026-01-09 11:07:23.243243243,Van,Warehouse A,Semi-urban,18.23,Medium,Normal,1,200,145.27,93.31,203.32,61.67,4.61,No
D100097,2026-01-09 13:15:40.540540540,Van,Warehouse A,Suburban,19.82,High,Normal,4,200,97.64,138.01,251.05,68.66,4.63,Yes
D100098,2026-01-09 15:23:57.837837837,Van,Warehouse A,Suburban,14.49,Low,Normal,9,200,89.28,91.05,246.99,48.69,4.46,Yes
D100099,2026-01-09 17:32:15.135135135,Bike,Warehouse C,Semi-urban,21.64,Low,Normal,15,50,17.98,115.15,224.55,30.18,4.58,Yes
D100100,2026-01-09 19:40:32.432432432,Bike,Warehouse A,Suburban,26.13,Medium,Normal,14,50,36.27,113.53,275.29,51.9,4.83,Yes
D100101,2026-01-09 21:48:49.729729729,Bike,Warehouse A,Rural,19.07,Low,Normal,8,50,35.36,108.68,194.29,23.62,4.81,Yes
D100102,2026-01-09 23:57:07.027027027,Van,Warehouse C,Suburban,22.4,Medium,Normal,10,200,138.5,125.46,249.12,84.78,4.7,Yes
D100103,2026-01-10 02:05:24.324324324,Bike,Warehouse C,Urban,27.46,High,Normal,9,50,6.79,131.28,237.59,44.53,4.18,Yes
D100104,2026-01-10 04:13:41.621621621,Van,Warehouse C,Semi-urban,16.68,Medium,Normal,1,200,67.35,100.33,162.32,73.47,4.53,Yes
D100105,2026-01-10 06:21:58.918918918,Truck,Warehouse C,Semi-urban,25.61,Low,Normal,9,500,334.33,113.02,393.41,161.38,4.59,Yes
D100106,2026-01-10 08:30:16.216216216,Bike,Warehouse A,Urban,42.52,Medium,Normal,3,50,37.44,145.0,281.19,72.1,4.54,Yes
D100107,2026-01-10 10:38:33.513513513,Van,Warehouse A,Semi-urban,19.17,Medium,Storm,11,200,71.01,147.75,2000.0,71.44,4.42,Yes
D100108,2026-01-10 12:46:50.810810810,Van,Warehouse C,Rural,35.15,Low,Normal,12,200,163.08,128.18,279.67,139.78,4.69,Yes
D100109,2026-01-10 14:55:08.108108108,Bike,Warehouse B,Urban,14.1,Medium,Rain,10,50,31.77,100.98,208.08,32.5,4.53,Yes
D100110,2026-01-10 17:03:25.405405405,Bike,Warehouse A,Rural,33.45,Medium,Normal,9,50,34.3,137.48,266.42,48.44,4.65,Yes
D100111,2026-01-10 19:11:42.702702702,Bike,Warehouse C,Urban,23.68,Medium,Normal,1,50,22.29,109.14,173.88,23.27,4.3,Yes
D100112,2026-01-10 21:20:00.000000000,Bike,Warehouse A,Urban,21.56,Low,Normal,1,50,32.19,99.28,161.04,20.55,4.75,Yes
D100113,2026-01-10 23:28:17.297297297,Truck,Warehouse A,Urban,11.84,Medium,Normal,9,500,387.36,90.67,301.31,82.65,4.81,No
D100114,2026-01-11 01:36:34.594594594,Truck,Warehouse B,Rural,33.65,Low,Normal,11,500,133.32,120.3,407.72,232.88,4.56,Yes
D100115,2026-01-11 03:44:51.891891891,Van,Warehouse B,Semi-urban,31.7,Low,Normal,14,200,122.66,154.69,342.37,127.28,4.38,Yes
D100116,2026-01-11 05:53:09.189189189,Truck,Warehouse B,Urban,23.59,High,Normal,6,500,303.43,115.31,336.16,161.92,4.39,Yes
D100117,2026-01-11 08:01:26.486486486,Truck,Warehouse A,Suburban,27.7,Medium,Rain,4,500,351.94,126.95,349.48,203.83,4.72,No
D100118,2026-01-11 10:09:43.783783783,Bike,Warehouse C,Suburban,18.1,Low,Normal,7,50,9.32,99.5,177.83,27.35,4.82,Yes
D100119,2026-01-11 12:18:01.081081081,Truck,Warehouse A,Urban,26.0,Low,Normal,5,500,398.98,116.01,351.7,167.9,4.58,Yes
D100120,2026-01-11 14:26:18.378378378,Van,Warehouse A,Rural,34.23,Low,Normal,10,200,35.13,122.79,298.32,143.45,4.6,Yes
D100121,2026-01-11 16:34:35.675675675,Truck,Warehouse C,Semi-urban,12.39,Low,Normal,14,500,321.61,72.03,337.78,101.98,4.67,Yes
D100122,2026-01-11 18:42:52.972972972,Truck,Warehouse C,Suburban,22.55,Low,Normal,7,500,265.84,94.7,358.29,159.09,4.54,Yes
D100123,2026-01-11 20:51:10.270270270,Bike,Warehouse C,Rural,24.07,Low,Normal,8,50,17.56,113.75,188.47,37.97,4.66,Yes
D100124,2026-01-11 22:59:27.567567567,Bike,Warehouse C,Suburban,14.94,Medium,Rain,8,50,30.34,113.25,168.61,16.17,4.54,Yes
D100125,2026-01-12 01:07:44.864864864,Bike,Warehouse B,Rural,33.51,Medium,Rain,1,50,9.23,140.22,264.02,48.33,4.76,No
D100126,2026-01-12 03:16:02.162162162,Van,Warehouse B,Semi-urban,22.38,Medium,Normal,8,200,54.31,118.88,252.42,93.54,4.56,Yes
D100127,2026-01-12 05:24:19.459459459,Truck,Warehouse A,Suburban,10.49,Medium,Normal,6,500,212.05,98.38,270.8,82.48,4.74,No
D100128,2026-01-12 07:32:36.756756756,Truck,Warehouse B,Urban,28.43,Low,Storm,4,500,120.07,125.1,333.22,202.58,4.62,Yes
D100129,2026-01-12 09:40:54.054054054,Bike,Warehouse A,Rural,36.58,High,Normal,13,50,34.13,150.68,257.01,69.41,4.21,Yes
D100130,2026-01-12 11:49:11.351351351,Van,Warehouse A,Suburban,14.36,High,Normal,14,200,94.53,123.42,290.99,58.23,4.38,Yes
D100131,2026-01-12 13:57:28.648648648,Van,Warehouse B,Urban,7.7,High,Normal,12,200,32.81,92.91,237.54,21.83,4.15,Yes
D100132,2026-01-12 16:05:45.945945945,Bike,Warehouse B,Urban,18.84,High,Normal,8,50,6.49,107.07,156.89,19.52,4.56,Yes
D100133,2026-01-12 18:14:03.243243243,Bike,Warehouse A,Suburban,16.43,High,Normal,3,50,22.8,119.6,159.35,34.52,4.52,Yes
D100134,2026-01-12 20:22:20.540540540,Bike,Warehouse A,Suburban,20.91,Medium,Normal,13,50,9.53,118.82,253.44,39.42,4.68,Yes
D100135,2026-01-12 22:30:37.837837837,Truck,Warehouse B,Semi-urban,17.1,Low,Normal,4,500,103.27,85.48,310.81,106.54,4.64,Yes
D100136,2026-01-13 00:38:55.135135135,Bike,Warehouse A,Rural,15.94,Medium,Normal,15,50,44.93,109.87,199.66,22.23,4.58,Yes
D100137,2026-01-13 02:47:12.432432432,Van,Warehouse C,Urban,16.89,Medium,Rain,6,200,137.51,106.72,276.96,66.17,4.97,Yes
D100138,2026-01-13 04:55:29.729729729,Van,Warehouse B,Semi-urban,17.56,Medium,Normal,11,200,58.49,118.79,201.12,64.23,4.82,No
D100139,2026-01-13 07:03:47.027027027,Bike,Warehouse B,Urban,25.07,Medium,Normal,7,50,27.53,100.49,276.11,26.32,4.59,Yes
D100140,2026-01-13 09:12:04.324324324,Truck,Warehouse B,Semi-urban,14.41,Low,Normal,4,500,122.38,64.26,302.02,94.68,4.86,Yes
D100141,2026-01-13 11:20:21.621621621,Truck,Warehouse C,Semi-urban,33.43,Medium,Normal,4,500,196.32,118.5,412.67,226.38,4.9,Yes
D100142,2026-01-13 13:28:38.918918918,Bike,Warehouse A,Suburban,4.71,High,Normal,7,50,10.8,92.81,94.77,10.0,4.35,Yes
D100143,2026-01-13 15:36:56.216216216,Van,Warehouse B,Semi-urban,30.49,Medium,Normal,6,200,55.81,143.03,259.92,128.59,4.65,Yes
D100144,2026-01-13 17:45:13.513513513,Bike,Warehouse B,Urban,18.21,Medium,Rain,13,50,43.75,129.61,184.48,29.58,4.55,Yes
D100145,2026-01-13 19:53:30.810810810,Bike,Warehouse A,Suburban,26.88,Low,Rain,11,50,44.68,131.18,235.37,36.61,4.81,No
D100146,2026-01-13 22:01:48.108108108,Bike,Warehouse C,Semi-urban,20.64,Medium,Normal,8,50,36.59,107.48,204.38,14.4,4.64,Yes
D100147,2026-01-14 00:10:05.405405405,Van,Warehouse C,Suburban,29.12,High,Normal,1,200,175.34,116.41,273.97,114.09,4.28,Yes
D100148,2026-01-14 02:18:22.702702702,Van,Warehouse B,Suburban,16.9,Medium,Normal,10,200,143.35,108.95,198.19,71.77,4.7,Yes
D100149,2026-01-14 04:26:40.000000000,Bike,Warehouse C,Suburban,11.21,High,Rain,13,50,11.86,142.18,186.0,10.93,4.23,Yes
D100150,2026-01-14 06:34:57.297297297,Bike,Warehouse C,Semi-urban,31.36,Medium,Rain,11,50,8.16,141.82,279.08,37.84,4.93,Yes
D100151,2026-01-14 08:43:14.594594594,Truck,Warehouse B,Urban,19.09,Medium,Normal,7,500,361.9,98.07,362.23,132.65,4.85,No
D100152,2026-01-14 10:51:31.891891891,Bike,Warehouse C,Urban,21.77,Low,Normal,12,50,36.39,104.19,210.42,35.34,4.71,Yes
D100153,2026-01-14 12:59:49.189189189,Bike,Warehouse B,Semi-urban,29.88,Medium,,7,50,38.06,131.26,219.79,28.82,4.57,No
D100154,2026-01-14 15:08:06.486486486,Van,Warehouse B,Semi-urban,11.74,Medium,Normal,11,200,117.22,96.1,222.01,57.79,4.58,Yes
D100155,2026-01-14 17:16:23.783783783,Truck,Warehouse B,Urban,24.76,Medium,Normal,7,500,287.93,124.12,363.64,163.33,4.57,Yes
D100156,2026-01-14 19:24:41.081081081,Bike,Warehouse C,Urban,15.28,Medium,Normal,7,50,44.99,95.73,201.74,19.54,4.52,Yes
D100157,2026-01-14 21:32:58.378378378,Van,Warehouse A,Urban,18.94,High,Normal,10,200,70.64,120.47,219.3,85.21,4.4,Yes
D100158,2026-01-14 23:41:15.675675675,Van,Warehouse C,Urban,20.58,Low,Rain,14,200,94.06,119.45,256.78,83.32,4.6,Yes
D100159,2026-01-15 01:49:32.972972973,Bike,Warehouse C,Suburban,8.0,High,Storm,10,50,28.46,120.6,120.31,20.77,3.95,No
D100160,2026-01-15 03:57:50.270270270,Van,Warehouse A,Semi-urban,13.77,Low,Normal,8,200,174.57,101.95,228.53,67.51,4.58,Yes
D100161,2026-01-15 06:06:07.567567567,Bike,Warehouse C,Semi-urban,30.81,Medium,Normal,9,50,44.28,138.35,271.94,34.54,,Yes
D100162,2026-01-15 08:14:24.864864864,Van,Warehouse A,Suburban,-10.0,Low,Normal,9,200,157.37,101.68,243.25,115.58,4.59,No
D100163,2026-01-15 10:22:42.162162162,Van,Warehouse A,Suburban,19.5,Medium,Normal,2,200,78.82,89.54,214.12,88.6,4.89,Yes
D100164,2026-01-15 12:30:59.459459459,Van,Warehouse B,Semi-urban,21.94,Medium,Normal,13,200,125.98,124.03,302.87,84.75,4.66,Yes
D100165,2026-01-15 14:39:16.756756756,Bike,Warehouse A,Suburban,17.65,Low,Normal,13,50,32.53,101.63,,24.11,4.51,Yes
D100166,2026-01-15 16:47:34.054054054,Truck,Warehouse C,Rural,42.85,Medium,Normal,7,500,149.11,154.23,454.29,284.65,4.57,Yes
D100167,2026-01-15 18:55:51.351351351,Bike,Warehouse C,Suburban,18.4,High,Normal,7,50,42.43,115.38,152.53,33.85,4.48,No
D100168,2026-01-15 21:04:08.648648648,Bike,Warehouse B,Urban,21.85,Low,Normal,4,50,14.36,99.25,201.01,12.5,4.57,Yes
D100169,2026-01-15 23:12:25.945945946,Bike,Warehouse A,Semi-urban,29.17,High,Normal,9,50,8.38,140.15,232.87,51.51,4.36,No
D100170,2026-01-16 01:20:43.243243243,Van,Warehouse A,Urban,13.78,Medium,Normal,8,200,105.99,100.19,244.63,43.78,4.75,Yes
D100171,2026-01-16 03:29:00.540540540,Van,Warehouse B,Semi-urban,32.47,Medium,Normal,12,200,117.46,145.67,327.6,141.01,4.71,Yes
D100172,2026-01-16 05:37:17.837837837,Bike,Warehouse C,Urban,7.76,Low,Storm,1,50,6.44,103.09,87.2,14.81,4.33,Yes
D100173,2026-01-16 07:45:35.135135135,Van,Warehouse B,Urban,33.04,Low,Normal,2,200,56.19,108.93,275.74,140.23,4.83,No
D100174,2026-01-16 09:53:52.432432432,Bike,Warehouse A,Semi-urban,17.02,Low,Normal,13,50,19.08,98.43,226.95,19.03,4.66,Yes
D100175,2026-01-16 12:02:09.729729729,Van,Warehouse B,Urban,18.06,Low,Rain,15,200,71.33,101.43,258.19,61.57,4.61,Yes
D100176,2026-01-16 14:10:27.027027027,Bike,Warehouse B,Semi-urban,4.88,Low,Storm,13,50,5.73,117.52,158.72,10.0,4.14,Yes
D100177,2026-01-16 16:18:44.324324324,Van,Warehouse C,Urban,16.36,Medium,Normal,2,200,28.18,70.97,165.3,74.17,4.44,Yes
D100178,2026-01-16 18:27:01.621621621,Van,Warehouse A,Suburban,11.68,High,Rain,12,200,122.65,138.19,242.78,52.02,4.38,Yes
D100179,2026-01-16 20:35:18.918918918,Truck,Warehouse C,Semi-urban,15.14,High,Normal,12,500,361.1,119.21,342.18,111.57,4.34,Yes
D100180,2026-01-16 22:43:36.216216216,Bike,Warehouse B,Suburban,18.9,Medium,Normal,11,50,35.15,113.48,227.23,30.68,4.83,No
D100181,2026-01-17 00:51:53.513513513,Bike,Warehouse C,Urban,27.66,Low,Normal,15,50,22.89,121.16,274.19,45.84,4.87,Yes
D100182,2026-01-17 03:00:10.810810810,Bike,Warehouse A,Urban,21.66,Low,Normal,15,50,17.39,,225.79,30.16,4.66,Yes
D100183,2026-01-17 05:08:28.108108108,Truck,Warehouse B,Urban,22.46,Medium,Normal,8,500,218.2,117.8,333.17,160.18,4.84,Yes
D100184,2026-01-17 07:16:45.405405405,Truck,Warehouse C,Urban,11.24,Low,Normal,15,500,339.72,73.61,315.3,71.83,4.62,Yes
D100185,2026-01-17 09:25:02.702702702,Bike,Warehouse A,Semi-urban,12.95,Medium,Normal,1,50,38.56,75.88,116.7,16.68,4.68,No
D100186,2026-01-17 11:33:20.000000000,Van,Warehouse C,Rural,46.39,Medium,Normal,4,200,145.85,145.33,357.02,209.91,4.67,Yes
D100187,2026-01-17 13:41:37.297297297,Truck,Warehouse B,Rural,26.12,Medium,Normal,10,500,269.66,126.71,335.8,183.15,4.94,Yes
D100188,2026-01-17 15:49:54.594594594,Van,Warehouse A,Semi-urban,33.25,Medium,Normal,12,200,154.56,139.54,293.76,117.23,4.51,Yes
D100189,2026-01-17 17:58:11.891891891,Van,Warehouse A,Semi-urban,18.06,High,Normal,5,200,145.39,119.8,242.33,68.97,4.36,No
D100190,2026-01-17 20:06:29.189189189,Bike,Warehouse B,Semi-urban,20.02,High,Normal,9,50,41.53,125.19,232.31,21.57,4.25,No
D100191,2026-01-17 22:14:46.486486486,Bike,Warehouse A,Urban,28.56,Medium,Rain,7,50,29.34,143.21,200.37,44.11,4.66,Yes
D100192,2026-01-18 00:23:03.783783783,Truck,Warehouse B,Rural,42.18,High,Rain,8,500,311.23,168.96,410.99,288.15,4.1,No
D100193,2026-01-18 02:31:21.081081081,Truck,Warehouse A,Semi-urban,19.11,High,Normal,14,500,115.74,129.8,405.44,132.08,4.36,Yes
D100194,2026-01-18 04:39:38.378378378,Van,Warehouse B,Suburban,16.89,Medium,Rain,11,200,75.79,126.37,242.85,61.64,4.9,Yes
D100195,2026-01-18 06:47:55.675675675,Bike,Warehouse A,Urban,19.55,Medium,Normal,9,50,15.38,116.69,174.75,30.9,4.99,Yes
D100196,2026-01-18 08:56:12.972972973,Bike,Warehouse C,Suburban,22.7,Medium,Normal,13,50,16.7,105.1,256.46,29.03,4.8,Yes
D100197,2026-01-18 11:04:30.270270270,Van,Warehouse C,Suburban,27.13,High,Normal,7,200,148.65,124.55,281.53,111.38,4.2,Yes
D100198,2026-01-18 13:12:47.567567567,Truck,Warehouse C,Semi-urban,20.03,High,Normal,5,500,97.51,116.74,347.54,155.8,4.32,Yes
D100199,2026-01-18 15:21:04.864864864,Truck,Warehouse B,Suburban,24.95,Low,Normal,13,500,95.25,112.05,368.73,165.41,4.74,Yes
D100200,2026-01-18 17:29:22.162162162,Van,Warehouse A,Suburban,33.11,Medium,Normal,15,200,73.6,143.07,343.43,138.23,4.64,Yes
D100201,2026-01-18 19:37:39.459459459,Van,Warehouse C,Rural,35.05,Medium,Rain,5,200,69.52,150.56,323.37,120.58,4.46,Yes
D100202,2026-01-18 21:45:56.756756756,Bike,Warehouse A,Urban,,Medium,Normal,10,50,9.08,117.87,230.48,31.87,4.69,Yes
D100203,2026-01-18 23:54:14.054054054,Bike,Warehouse A,Suburban,7.85,Low,Normal,11,50,21.19,80.68,180.97,13.61,4.82,Yes
D100204,2026-01-19 02:02:31.351351351,Truck,Warehouse A,Urban,3.0,High,Storm,6,500,276.89,116.71,297.68,15.02,4.13,No
D100205,2026-01-19 04:10:48.648648648,Van,Warehouse B,Semi-urban,23.11,Medium,Normal,5,200,151.28,119.46,252.75,78.14,4.61,Yes
D100206,2026-01-19 06:19:05.945945945,Bike,Warehouse C,Rural,31.24,High,Normal,13,50,8.69,121.42,252.08,46.56,4.44,Yes
D100207,2026-01-19 08:27:23.243243243,Bike,Warehouse B,Urban,15.88,High,Normal,12,50,31.96,115.89,218.62,36.08,4.61,Yes
D100208,2026-01-19 10:35:40.540540540,Van,Warehouse B,Semi-urban,21.95,Medium,Normal,11,200,48.53,106.57,239.55,86.63,4.47,No
D100209,2026-01-19 12:43:57.837837837,Bike,Warehouse A,Urban,19.52,Medium,Normal,9,50,31.91,112.29,191.43,33.75,4.63,Yes
D100210,2026-01-19 14:52:15.135135135,Bike,Warehouse C,Rural,41.02,Medium,Normal,3,50,38.72,136.92,271.99,70.55,4.62,Yes
D100211,2026-01-19 17:00:32.432432432,Van,Warehouse B,Semi-urban,20.69,Low,Normal,3,200,111.17,91.64,141.46,102.53,4.71,Yes
D100212,2026-01-19 19:08:49.729729729,Van,Warehouse B,Semi-urban,14.02,Medium,Normal,15,200,129.1,114.06,260.2,47.66,4.43,Yes
D100213,2026-01-19 21:17:07.027027027,Van,Warehouse A,Urban,27.92,Low,Normal,7,200,8.69,105.31,279.75,104.09,4.9,Yes
D100214,2026-01-19 23:25:24.324324324,Bike,Warehouse C,Rural,30.26,Medium,Normal,7,50,17.02,129.65,203.69,43.05,4.71,Yes
D100215,2026-01-20 01:33:41.621621621,Van,Warehouse B,Semi-urban,24.21,Low,Normal,6,200,162.94,117.96,259.83,101.76,4.74,Yes
D100216,2026-01-20 03:41:58.918918918,Bike,Warehouse A,Urban,16.18,Low,Rain,3,50,15.88,100.18,157.7,10.0,4.73,Yes
D100217,2026-01-20 05:50:16.216216216,Bike,Warehouse A,Semi-urban,14.8,Low,Normal,14,50,33.92,79.74,203.01,27.43,4.62,Yes
D100218,2026-01-20 07:58:33.513513513,Van,Warehouse B,Urban,20.67,Low,Normal,13,200,44.93,102.92,301.55,83.87,4.8,Yes
D100219,2026-01-20 10:06:50.810810810,Van,Warehouse B,Rural,32.1,Medium,Normal,7,200,134.5,133.26,311.79,124.13,4.7,Yes
D100220,2026-01-20 12:15:08.108108108,Truck,Warehouse A,Urban,23.84,Medium,Normal,5,500,121.76,115.71,361.13,170.28,4.39,Yes
D100221,2026-01-20 14:23:25.405405405,Van,Warehouse C,Semi-urban,17.85,Medium,Normal,7,200,155.28,98.68,204.36,78.52,4.68,Yes
D100222,2026-01-20 16:31:42.702702702,Van,Warehouse A,Suburban,5.31,Low,Normal,2,200,127.58,52.22,151.87,29.46,4.66,Yes
D100223,2026-01-20 18:40:00.000000000,Bike,Warehouse B,Urban,16.54,Low,Rain,6,50,34.81,97.76,199.08,24.93,4.8,Yes
D100224,2026-01-20 20:48:17.297297297,Bike,Warehouse C,Urban,26.35,Low,Rain,14,50,13.54,117.83,245.3,42.13,5.0,Yes
D100225,2026-01-20 22:56:34.594594594,Bike,Warehouse B,Urban,17.62,Low,Normal,8,50,5.43,103.24,222.86,28.74,4.76,Yes
D100226,2026-01-21 01:04:51.891891891,Bike,Warehouse B,Suburban,18.03,High,Rain,1,50,36.06,136.25,167.46,36.89,,Yes
D100227,2026-01-21 03:13:09.189189189,Truck,Warehouse A,Urban,27.89,Low,Normal,4,500,126.28,110.73,399.88,198.28,4.6,Yes
D100228,2026-01-21 05:21:26.486486486,Van,Warehouse A,Suburban,14.3,Medium,Normal,11,200,6.65,97.78,208.38,62.36,4.61,No
D100229,2026-01-21 07:29:43.783783783,Truck,Warehouse C,Urban,7.66,Low,Normal,1,500,184.16,71.23,253.31,60.76,4.66,Yes
D100230,2026-01-21 09:38:01.081081081,Van,Warehouse B,Urban,18.71,Low,Normal,14,200,50.39,111.14,267.08,90.51,4.76,Yes
D100231,2026-01-21 11:46:18.378378378,Van,Warehouse C,Semi-urban,16.13,Medium,Normal,1,200,116.32,86.0,207.9,59.83,4.6,Yes
D100232,2026-01-21 13:54:35.675675675,Van,Warehouse A,Urban,12.27,Medium,Normal,10,200,84.49,94.06,203.07,62.09,4.46,No
D100233,2026-01-21 16:02:52.972972973,Van,Warehouse A,Rural,30.6,Low,Normal,12,200,156.1,118.1,268.33,142.17,4.7,Yes
D100234,2026-01-21 18:11:10.270270270,Van,Warehouse A,Semi-urban,23.93,Low,Rain,14,200,165.47,125.51,299.96,91.54,4.53,No
D100235,2026-01-21 20:19:27.567567567,Bike,Warehouse B,Semi-urban,19.93,Medium,Normal,14,50,15.76,118.85,214.54,28.16,4.87,Yes
D100236,2026-01-21 22:27:44.864864864,Van,Warehouse A,Suburban,22.46,Low,Normal,11,200,31.89,98.62,257.56,86.41,4.8,Yes
D100237,2026-01-22 00:36:02.162162162,Bike,Warehouse C,Rural,46.51,Low,Normal,8,50,26.34,139.27,288.02,75.02,4.59,Yes
D100238,2026-01-22 02:44:19.459459459,Bike,Warehouse B,Urban,17.26,High,Rain,7,50,7.11,111.76,180.59,11.0,4.42,Yes
D100239,2026-01-22 04:52:36.756756756,Van,Warehouse C,Urban,22.23,Medium,Normal,12,200,108.39,121.63,246.44,84.92,4.62,Yes
D100240,2026-01-22 07:00:54.054054054,Bike,Warehouse A,Urban,15.93,Medium,Normal,10,50,42.69,101.75,182.05,21.71,4.69,Yes
D100241,2026-01-22 09:09:11.351351351,Truck,Warehouse C,Semi-urban,13.23,Medium,Normal,13,500,237.19,100.12,319.85,89.72,4.69,Yes
D100242,2026-01-22 11:17:28.648648648,Truck,Warehouse C,Urban,15.32,Medium,Normal,1,500,234.31,91.79,274.11,104.27,4.65,Yes
D100243,2026-01-22 13:25:45.945945945,Truck,Warehouse C,Suburban,16.17,Medium,Rain,11,500,325.61,104.83,351.76,109.28,4.82,Yes
D100244,2026-01-22 15:34:03.243243243,Bike,Warehouse C,Rural,34.88,Medium,Normal,14,50,37.23,135.06,302.78,58.54,4.53,Yes
D100245,2026-01-22 17:42:20.540540540,Bike,Warehouse C,Semi-urban,38.79,Medium,Normal,13,50,15.86,154.49,290.27,62.49,4.58,Yes
D100246,2026-01-22 19:50:37.837837837,Truck,Warehouse B,Suburban,14.27,Low,Storm,2,500,239.97,84.25,314.13,113.52,4.45,No
D100247,2026-01-22 21:58:55.135135135,Van,Warehouse A,Urban,16.67,Medium,Normal,4,200,28.71,91.75,185.7,72.92,4.49,No
D100248,2026-01-23 00:07:12.432432432,Truck,Warehouse A,Semi-urban,19.5,Medium,Normal,1,500,423.2,120.16,268.9,127.72,4.58,No
D100249,2026-01-23 02:15:29.729729729,Truck,Warehouse C,Suburban,23.17,High,Normal,3,500,193.86,107.35,298.91,160.83,4.19,No
D100250,2026-01-23 04:23:47.027027027,Truck,Warehouse B,Urban,22.11,Medium,Storm,8,500,121.29,131.92,325.98,152.56,4.35,Yes
D100251,2026-01-23 06:32:04.324324324,Bike,Warehouse C,Urban,30.27,Medium,Normal,8,50,41.47,106.31,204.31,47.45,4.71,No
D100252,2026-01-23 08:40:21.621621621,Van,Warehouse B,Rural,15.0,Low,Normal,8,200,52.74,84.66,273.53,68.75,4.56,Yes
D100253,2026-01-23 10:48:38.918918918,Truck,Warehouse A,Semi-urban,3.0,Medium,Normal,6,500,188.27,89.67,223.84,22.49,4.85,Yes
D100254,2026-01-23 12:56:56.216216216,Bike,Warehouse A,Semi-urban,16.03,Low,Normal,6,50,19.33,90.73,190.76,25.55,4.86,Yes
D100255,2026-01-23 15:05:13.513513513,Bike,Warehouse B,Rural,40.78,Medium,Normal,5,50,12.33,137.92,265.65,61.25,4.89,Yes
D100256,2026-01-23 17:13:30.810810810,Van,Warehouse B,Suburban,7.47,Low,Normal,13,200,102.28,101.25,221.99,36.36,4.29,Yes
D100257,2026-01-23 19:21:48.108108108,Truck,Warehouse A,Suburban,3.0,Medium,Storm,9,500,189.39,82.08,254.96,16.45,4.69,Yes
D100258,2026-01-23 21:30:05.405405405,Van,Warehouse B,Suburban,24.57,Low,Normal,4,200,85.52,104.68,251.33,86.62,4.72,Yes
D100259,2026-01-23 23:38:22.702702702,Van,Warehouse A,Urban,21.95,Medium,Normal,10,200,7.66,114.55,239.34,92.96,4.71,Yes
D100260,2026-01-24 01:46:40.000000000,Bike,Warehouse B,Suburban,11.28,High,Normal,15,50,22.34,112.59,215.45,19.92,4.33,Yes
D100261,2026-01-24 03:54:57.297297297,Van,Warehouse A,Semi-urban,12.12,Low,Normal,12,200,81.4,95.31,256.04,59.07,4.5,Yes
D100262,2026-01-24 06:03:14.594594594,Truck,Warehouse C,Suburban,12.24,Medium,Rain,12,500,352.69,95.66,328.04,66.26,4.75,Yes
D100263,2026-01-24 08:11:31.891891891,Bike,Warehouse A,Rural,32.88,Medium,Normal,12,50,11.13,141.89,266.36,48.52,4.94,Yes
D100264,2026-01-24 10:19:49.189189189,Van,Warehouse B,Suburban,14.99,Low,Normal,7,200,64.12,87.34,228.78,60.81,4.72,Yes
D100265,2026-01-24 12:28:06.486486486,Truck,Warehouse A,Suburban,23.95,High,Normal,1,500,182.16,110.69,335.13,155.56,4.18,No
D100266,2026-01-24 14:36:23.783783783,Van,Warehouse A,Suburban,3.0,Low,Normal,15,200,47.4,93.0,233.2,11.31,4.47,Yes
D100267,2026-01-24 16:44:41.081081081,Van,Warehouse A,Suburban,13.15,Medium,Normal,9,200,166.79,92.98,245.13,62.1,4.66,No
D100268,2026-01-24 18:52:58.378378378,Van,Warehouse B,Semi-urban,10.99,Medium,Normal,7,200,96.31,86.09,200.44,60.65,4.59,Yes
D100269,2026-01-24 21:01:15.675675675,Bike,Warehouse B,Urban,17.95,Medium,Rain,10,50,10.2,105.62,183.46,34.78,4.81,Yes
D100270,2026-01-24 23:09:32.972972972,Bike,Warehouse A,Suburban,15.7,Medium,Storm,12,50,33.62,127.77,216.23,20.95,4.61,Yes
D100271,2026-01-25 01:17:50.270270270,Truck,Warehouse B,Urban,26.38,Low,Normal,9,500,119.55,134.61,371.89,194.75,4.77,Yes
D100272,2026-01-25 03:26:07.567567567,Truck,Warehouse C,Suburban,5.13,Low,Storm,7,500,324.24,88.23,279.39,43.2,4.39,Yes
D100273,2026-01-25 05:34:24.864864864,Truck,Warehouse C,Suburban,20.36,Medium,Normal,2,500,389.35,103.91,328.77,138.64,4.68,Yes
D100274,2026-01-25 07:42:42.162162162,Truck,Warehouse A,Semi-urban,24.47,Medium,Normal,15,500,345.83,135.95,422.16,166.64,4.71,Yes
D100275,2026-01-25 09:50:59.459459459,Van,Warehouse B,Rural,46.85,High,Normal,6,200,166.2,170.89,,186.05,3.98,Yes
D100276,2026-01-25 11:59:16.756756756,Van,Warehouse A,Suburban,16.15,High,Normal,10,200,158.02,113.2,223.15,56.19,4.44,Yes
D100277,2026-01-25 14:07:34.054054054,Van,Warehouse A,Semi-urban,22.6,High,Normal,12,200,104.94,137.92,319.85,87.91,4.19,No
D100278,2026-01-25 16:15:51.351351351,Van,Warehouse C,Suburban,5.57,medium,Normal,11,200,6.57,80.23,236.65,26.17,4.87,Yes
D100279,2026-01-25 18:24:08.648648648,Van,Warehouse A,Suburban,3.0,Medium,Normal,4,200,50.12,63.68,127.15,20.31,4.65,Yes
D100280,2026-01-25 20:32:25.945945945,Van,Warehouse B,Urban,26.76,High,Normal,3,200,76.19,137.42,224.6,104.01,4.47,No
D100281,2026-01-25 22:40:43.243243243,Truck,Warehouse B,Urban,19.96,Medium,Normal,2,500,356.67,97.23,294.18,150.83,4.48,Yes
D100282,2026-01-26 00:49:00.540540540,Bike,Warehouse B,Suburban,147.15,Low,Rain,6,50,40.72,134.99,244.82,49.35,4.82,No
D100283,2026-01-26 02:57:17.837837837,Bike,Warehouse B,Suburban,9.01,High,Normal,8,50,22.92,99.1,193.72,19.08,4.55,No
D100284,2026-01-26 05:05:35.135135135,Bike,Warehouse A,Urban,24.16,High,Normal,6,50,26.22,114.15,188.82,28.89,4.16,Yes
D100285,2026-01-26 07:13:52.432432432,Van,Warehouse A,Urban,34.95,Medium,Normal,9,200,96.73,104.14,316.02,154.26,4.68,Yes
D100286,2026-01-26 09:22:09.729729729,Bike,Warehouse B,Urban,23.36,Low,Normal,14,50,39.02,94.34,219.3,39.47,4.75,Yes
D100287,2026-01-26 11:30:27.027027027,Van,Warehouse A,Rural,34.21,Medium,Rain,5,200,11.65,124.26,331.19,134.18,4.76,Yes
D100288,2026-01-26 13:38:44.324324324,Van,Warehouse A,Urban,20.07,High,Normal,2,200,179.05,115.81,234.91,76.21,4.3,Yes
D100289,2026-01-26 15:47:01.621621621,Bike,Warehouse A,Suburban,7.43,High,Normal,8,50,19.9,87.15,120.59,10.0,4.27,No
D100290,2026-01-26 17:55:18.918918918,Van,Warehouse A,Urban,30.84,Low,Rain,9,200,137.3,110.44,241.97,115.21,4.74,Yes
D100291,2026-01-26 20:03:36.216216216,Bike,Warehouse A,Suburban,15.11,Low,Normal,14,50,27.44,94.91,229.4,30.57,4.75,Yes
D100292,2026-01-26 22:11:53.513513513,Bike,Warehouse A,Urban,24.04,High,Normal,10,50,10.38,122.26,206.66,28.73,4.26,Yes
D100293,2026-01-27 00:20:10.810810810,Truck,Warehouse B,Urban,7.5,Medium,Normal,4,500,124.34,80.63,292.57,54.82,4.58,No
D100294,2026-01-27 02:28:28.108108108,Bike,Warehouse B,Suburban,10.56,Medium,Rain,6,50,41.54,99.5,151.69,12.24,4.88,Yes
D100295,2026-01-27 04:36:45.405405405,Bike,Warehouse C,Urban,157.4,High,Normal,15,50,21.37,160.9,231.36,52.59,4.17,Yes
D100296,2026-01-27 06:45:02.702702702,Van,Warehouse A,Urban,17.22,Low,Normal,11,200,119.49,70.36,227.15,75.33,4.36,Yes
D100297,2026-01-27 08:53:20.000000000,Van,Warehouse A,Urban,31.63,Medium,Normal,10,200,53.2,133.71,293.99,121.37,4.88,Yes
D100298,2026-01-27 11:01:37.297297297,Bike,Warehouse A,Urban,19.37,Low,Normal,8,50,14.9,94.53,174.46,28.78,4.61,Yes
D100299,2026-01-27 13:09:54.594594594,Van,Warehouse B,Urban,5.26,Medium,Normal,9,200,61.27,66.8,190.0,10.0,4.71,Yes
D100300,2026-01-27 15:18:11.891891892,Bike,Warehouse B,Urban,27.14,High,Normal,12,50,35.52,120.91,254.02,54.31,4.41,Yes
D100301,2026-01-27 17:26:29.189189189,Bike,Warehouse A,Semi-urban,15.28,Medium,Normal,5,50,20.45,91.97,203.91,31.46,4.48,Yes
D100302,2026-01-27 19:34:46.486486486,Van,Warehouse C,Suburban,25.59,High,Storm,12,200,38.46,174.82,299.28,91.2,3.81,No
D100303,2026-01-27 21:43:03.783783783,Van,Warehouse A,Suburban,20.2,Medium,Rain,6,200,59.73,88.58,272.12,73.86,4.9,Yes
D100304,2026-01-27 23:51:21.081081081,Van,Warehouse B,Urban,7.66,Medium,Normal,11,200,90.06,78.49,195.25,29.56,4.86,Yes
D100305,2026-01-28 01:59:38.378378378,Van,Warehouse B,Rural,33.31,Low,RAIN,4,200,121.22,128.94,309.03,133.55,4.66,Yes
D100306,2026-01-28 04:07:55.675675675,Truck,Warehouse C,Suburban,37.57,Medium,Normal,5,500,240.14,148.89,393.26,257.5,4.81,Yes
D100307,2026-01-28 06:16:12.972972973,Van,Warehouse B,Urban,23.94,Medium,Normal,7,200,174.65,110.26,232.62,86.6,4.83,Yes
D100308,2026-01-28 08:24:30.270270270,Bike,Warehouse C,Suburban,19.54,Low,Normal,9,50,32.39,116.89,173.09,32.47,4.82,Yes
D100309,2026-01-28 10:32:47.567567567,Van,Warehouse A,Urban,28.6,Medium,Rain,10,200,42.11,119.25,224.07,128.32,4.53,No
D100310,2026-01-28 12:41:04.864864864,Bike,Warehouse C,Urban,21.69,Medium,Rain,11,50,36.46,104.71,237.45,32.97,4.95,Yes
D100311,2026-01-28 14:49:22.162162162,Van,Warehouse A,Suburban,21.68,Medium,Normal,13,200,125.47,128.04,243.8,84.39,4.63,Yes
D100312,2026-01-28 16:57:39.459459459,Bike,Warehouse C,Rural,23.27,Medium,Storm,6,50,24.31,112.04,232.94,31.73,4.42,No
D100313,2026-01-28 19:05:56.756756756,Bike,Warehouse B,Suburban,21.87,Medium,Normal,14,50,18.24,124.36,227.5,24.03,4.65,Yes
D100314,2026-01-28 21:14:14.054054054,Truck,Warehouse C,Semi-urban,28.28,Low,Rain,6,500,288.13,117.61,329.9,192.58,4.73,Yes
D100315,2026-01-28 23:22:31.351351351,Truck,Warehouse B,Rural,25.31,Low,Storm,8,500,228.79,123.61,338.36,186.26,4.27,Yes
D100316,2026-01-29 01:30:48.648648648,Van,Warehouse B,Urban,31.4,Medium,Normal,11,200,6.89,130.03,311.65,109.03,4.67,Yes
D100317,2026-01-29 03:39:05.945945946,Van,Warehouse B,Urban,19.27,Medium,Rain,4,200,127.68,96.65,173.94,77.64,4.73,Yes
D100318,2026-01-29 05:47:23.243243243,Bike,Warehouse B,Suburban,12.9,Low,Normal,3,50,36.76,72.12,153.93,19.57,4.88,Yes
D100319,2026-01-29 07:55:40.540540540,Bike,Warehouse A,Suburban,27.98,High,Normal,14,50,44.57,147.13,219.61,42.92,4.52,Yes
D100320,2026-01-29 10:03:57.837837837,Bike,Warehouse A,Suburban,17.71,High,Normal,7,50,32.17,111.76,160.91,32.38,4.52,Yes
D100321,2026-01-29 12:12:15.135135135,Van,Warehouse A,Rural,38.08,Medium,Normal,5,200,142.25,132.81,309.9,152.81,4.83,No
D100322,2026-01-29 14:20:32.432432432,Van,Warehouse A,Semi-urban,17.67,Low,Storm,2,200,107.19,110.88,215.9,67.05,4.68,Yes
D100323,2026-01-29 16:28:49.729729729,Van,Warehouse C,Suburban,19.52,High,Normal,2,200,19.43,128.64,231.93,72.83,4.31,No
D100324,2026-01-29 18:37:07.027027027,Bike,Warehouse A,Urban,23.95,Medium,Normal,11,50,9.31,116.74,192.93,46.31,4.68,Yes
D100325,2026-01-29 20:45:24.324324324,Truck,Warehouse C,Semi-urban,22.33,High,Rain,6,500,296.45,141.86,336.07,164.64,4.32,No
D100326,2026-01-29 22:53:41.621621621,Van,Warehouse A,Rural,16.04,High,,8,200,88.77,129.42,254.69,87.18,4.04,Yes
D100327,2026-01-30 01:01:58.918918919,Van,Warehouse A,Semi-urban,11.03,High,Normal,1,200,35.16,80.22,163.62,41.87,4.13,Yes
D100328,2026-01-30 03:10:16.216216216,Van,Warehouse C,Urban,27.44,Medium,Storm,15,200,136.66,161.91,317.6,104.65,,No
D100329,2026-01-30 05:18:33.513513513,Van,Warehouse B,Suburban,18.94,Low,Normal,11,200,164.53,97.04,258.61,79.39,4.77,Yes
D100330,2026-01-30 07:26:50.810810810,Bike,Warehouse B,Urban,15.81,Medium,Rain,6,50,27.45,116.91,198.93,27.15,4.66,Yes
D100331,2026-01-30 09:35:08.108108108,Bike,Warehouse B,Urban,9.13,Medium,Normal,12,50,24.01,104.51,156.7,18.79,4.44,Yes
D100332,2026-01-30 11:43:25.405405405,Van,Warehouse B,Urban,11.36,Medium,Normal,2,200,138.69,89.11,142.96,52.22,4.7,Yes
D100333,2026-01-30 13:51:42.702702702,Bike,Warehouse A,Suburban,3.83,Low,Normal,2,50,10.34,63.83,71.89,10.76,4.51,Yes
D100334,2026-01-30 16:00:00.000000000,Bike,Warehouse C,Semi-urban,19.19,Low,Normal,7,50,17.42,59.63,190.32,37.39,4.76,Yes
D100335,2026-01-30 18:08:17.297297297,Bike,Warehouse C,Urban,15.21,High,Normal,10,50,29.63,119.87,2000.0,32.48,4.37,Yes
D100336,2026-01-30 20:16:34.594594594,Bike,Warehouse B,Suburban,12.27,Medium,Normal,1,50,32.64,89.67,112.92,28.21,4.73,Yes
D100337,2026-01-30 22:24:51.891891892,Truck,Warehouse A,Suburban,19.46,High,Normal,6,500,213.16,105.2,333.62,118.13,4.19,Yes
D100338,2026-01-31 00:33:09.189189189,Van,Warehouse B,Suburban,22.91,High,Rain,14,200,140.49,146.91,267.06,93.5,4.54,No
D100339,2026-01-31 02:41:26.486486486,Van,Warehouse A,Urban,36.75,Medium,Normal,7,200,119.84,128.57,317.52,139.61,4.73,Yes
D100340,2026-01-31 04:49:43.783783783,Bike,Warehouse A,Suburban,7.9,Medium,Normal,14,50,21.11,102.08,191.29,20.29,4.56,Yes
D100341,2026-01-31 06:58:01.081081081,Van,Warehouse A,Semi-urban,29.28,High,Normal,8,200,105.03,131.0,294.35,98.86,4.44,Yes
D100342,2026-01-31 09:06:18.378378378,Van,Warehouse B,Urban,27.78,Medium,Normal,7,200,13.12,113.13,232.99,122.87,4.71,Yes
D100343,2026-01-31 11:14:35.675675675,Bike,Warehouse C,Urban,13.77,Medium,Rain,6,50,33.35,96.9,159.81,13.74,4.98,Yes
D100344,2026-01-31 13:22:52.972972973,Van,Warehouse B,Suburban,21.63,Low,Rain,9,200,114.57,134.25,259.78,77.77,4.62,Yes
D100345,2026-01-31 15:31:10.270270270,Van,Warehouse B,Rural,28.34,Medium,Normal,13,200,160.96,141.23,294.5,116.21,4.51,Yes
D100346,2026-01-31 17:39:27.567567567,Van,Warehouse B,Semi-urban,21.49,Medium,Normal,3,200,93.49,118.61,233.09,82.97,4.74,No
D100347,2026-01-31 19:47:44.864864864,Van,Warehouse A,Semi-urban,32.07,Low,Rain,11,200,18.5,117.51,316.63,142.52,4.85,Yes
D100348,2026-01-31 21:56:02.162162162,Bike,Warehouse A,Suburban,24.84,Low,Normal,6,50,14.66,90.99,202.06,48.16,5.0,Yes
D100349,2026-02-01 00:04:19.459459459,Bike,Warehouse C,Suburban,24.07,Medium,Rain,4,50,31.89,132.53,165.99,32.02,5.0,Yes
D100350,2026-02-01 02:12:36.756756756,Van,Warehouse A,Urban,16.56,Low,normal,2,200,46.87,63.52,198.89,74.58,4.47,Yes
D100351,2026-02-01 04:20:54.054054054,Van,Warehouse C,Suburban,8.13,Low,Rain,1,200,54.09,66.04,205.82,28.16,4.68,Yes
D100352,2026-02-01 06:29:11.351351351,Truck,Warehouse B,Rural,30.33,Medium,Normal,12,500,317.12,154.21,397.58,207.88,4.31,Yes
D100353,2026-02-01 08:37:28.648648648,Van,Warehouse B,Suburban,29.65,High,Normal,12,200,107.26,137.67,330.71,124.31,4.31,Yes
D100354,2026-02-01 10:45:45.945945946,Bike,Warehouse B,Rural,19.78,Medium,Storm,14,50,24.98,122.35,,41.32,4.77,Yes
D100355,2026-02-01 12:54:03.243243243,Bike,Warehouse B,Semi-urban,11.56,Low,Normal,1,50,39.8,70.09,103.53,13.81,4.58,Yes
D100356,2026-02-01 15:02:20.540540540,Van,Warehouse C,Urban,21.01,Low,Normal,11,200,132.91,85.72,255.83,81.12,4.7,Yes
D100357,2026-02-01 17:10:37.837837837,Bike,Warehouse C,Rural,24.12,Medium,Normal,10,50,32.12,130.61,220.88,38.59,4.61,No
D100358,2026-02-01 19:18:55.135135135,Van,Warehouse B,Urban,13.66,Medium,Normal,3,200,133.99,77.87,208.75,47.49,4.55,Yes
D100359,2026-02-01 21:27:12.432432432,Truck,Warehouse A,Suburban,16.61,High,Normal,4,500,120.04,98.27,369.26,128.79,4.62,Yes
D100360,2026-02-01 23:35:29.729729729,Van,Warehouse B,Urban,9.08,Medium,Normal,2,200,156.29,76.45,169.5,29.09,4.47,Yes
D100361,2026-02-02 01:43:47.027027027,Van,Warehouse C,Urban,12.21,High,Normal,13,200,92.42,109.88,205.51,43.77,4.34,No
D100362,2026-02-02 03:52:04.324324324,Van,Warehouse A,Suburban,25.63,Low,Normal,12,200,81.74,116.78,246.28,116.66,4.71,Yes
D100363,2026-02-02 06:00:21.621621621,Van,Warehouse B,Urban,9.54,Medium,Rain,11,200,111.93,105.8,204.52,39.88,4.7,No
D100364,2026-02-02 08:08:38.918918919,Van,Warehouse B,Suburban,7.22,Low,Normal,11,200,114.23,73.77,177.12,44.43,4.65,Yes
D100365,2026-02-02 10:16:56.216216216,Truck,Warehouse B,Suburban,14.96,High,Normal,14,500,277.91,109.31,366.78,102.97,4.59,No
D100366,2026-02-02 12:25:13.513513513,Van,Warehouse A,Urban,25.86,Medium,,11,200,137.34,130.53,297.74,123.6,4.38,Yes
D100367,2026-02-02 14:33:30.810810810,Truck,Warehouse B,Urban,18.42,Medium,Normal,1,500,128.86,86.41,298.71,133.87,4.77,Yes
D100368,2026-02-02 16:41:48.108108108,Truck,Warehouse C,Suburban,16.28,Low,Normal,4,500,178.38,74.87,324.81,107.94,4.77,Yes
D100369,2026-02-02 18:50:05.405405405,Bike,Warehouse A,Urban,20.35,Low,Normal,15,50,31.03,,232.09,24.38,4.74,Yes
D100370,2026-02-02 20:58:22.702702702,Bike,Warehouse A,Semi-urban,6.03,Medium,Normal,7,50,12.96,58.27,177.02,10.0,4.58,No
D100371,2026-02-02 23:06:40.000000000,Bike,Warehouse C,Semi-urban,23.96,Low,Normal,10,50,14.61,111.83,236.29,25.16,4.88,Yes
D100372,2026-02-03 01:14:57.297297297,Bike,Warehouse A,Semi-urban,23.07,Medium,Normal,11,50,31.37,119.6,244.28,29.33,4.87,Yes
D100373,2026-02-03 03:23:14.594594594,Bike,Warehouse C,Semi-urban,16.73,Low,Normal,6,50,41.39,98.68,134.06,17.16,4.57,No
D100374,2026-02-03 05:31:31.891891891,Van,Warehouse B,Suburban,28.05,Medium,Normal,6,200,173.33,115.1,238.53,91.58,4.52,Yes
D100375,2026-02-03 07:39:49.189189189,Bike,Warehouse A,Semi-urban,10.98,High,Normal,11,50,12.92,121.71,183.09,23.2,4.14,No
D100376,2026-02-03 09:48:06.486486486,Bike,Warehouse C,Urban,29.02,High,Normal,9,50,10.36,146.84,198.15,49.73,4.38,Yes
D100377,2026-02-03 11:56:23.783783783,Truck,Warehouse B,Urban,21.24,High,Normal,14,500,83.17,133.21,363.6,151.15,4.36,No
D100378,2026-02-03 14:04:41.081081081,Bike,Warehouse B,Semi-urban,17.31,Low,Rain,15,50,39.73,130.29,247.19,16.89,4.65,Yes
D100379,2026-02-03 16:12:58.378378378,Truck,Warehouse A,Suburban,19.84,Low,Normal,2,500,150.85,88.63,297.18,152.05,5.0,Yes
D100380,2026-02-03 18:21:15.675675675,Bike,Warehouse B,Semi-urban,19.14,Medium,Normal,4,50,5.07,94.1,140.14,27.28,4.63,Yes
D100381,2026-02-03 20:29:32.972972973,Bike,Warehouse A,Semi-urban,29.76,Medium,Normal,5,50,13.95,123.26,236.68,37.97,4.73,Yes
D100382,2026-02-03 22:37:50.270270270,Van,Warehouse A,Semi-urban,11.39,Medium,Normal,1,200,89.96,73.89,224.68,47.42,4.67,Yes
D100383,2026-02-04 00:46:07.567567567,Van,Warehouse C,Rural,25.9,Low,Normal,8,200,88.65,112.54,248.56,105.0,4.99,Yes
D100384,2026-02-04 02:54:24.864864864,Truck,Warehouse A,Suburban,28.29,Low,Normal,8,500,446.96,126.79,409.42,178.01,4.4,No
D100385,2026-02-04 05:02:42.162162162,Van,Warehouse B,Urban,15.24,Low,Rain,6,200,35.76,94.4,190.68,60.71,4.65,No
D100386,2026-02-04 07:10:59.459459459,Truck,Warehouse A,Suburban,27.2,High,Normal,12,500,195.01,143.3,391.43,191.36,4.44,No
D100387,2026-02-04 09:19:16.756756756,Bike,Warehouse C,Suburban,33.6,Low,Storm,5,50,18.21,152.68,234.39,47.37,4.17,No
D100388,2026-02-04 11:27:34.054054054,Bike,Warehouse A,Suburban,16.79,Medium,Normal,8,50,5.79,112.45,160.97,14.61,4.5,Yes
D100389,2026-02-04 13:35:51.351351351,Van,Warehouse C,Semi-urban,25.45,Low,Normal,3,200,24.78,95.87,263.77,91.46,4.73,No
D100390,2026-02-04 15:44:08.648648648,Truck,Warehouse B,Semi-urban,10.77,Medium,Normal,3,500,285.2,82.76,241.74,79.5,4.46,No
D100391,2026-02-04 17:52:25.945945946,Truck,Warehouse A,Suburban,26.04,Medium,Normal,2,500,391.98,118.1,344.24,188.37,4.8,Yes
D100392,2026-02-04 20:00:43.243243243,Van,Warehouse A,Urban,21.6,High,Normal,5,200,146.71,124.0,262.57,82.82,4.29,No
D100393,2026-02-04 22:09:00.540540540,Bike,Warehouse A,Suburban,23.78,High,Normal,3,50,19.03,103.44,204.68,38.73,4.26,No
D100394,2026-02-05 00:17:17.837837837,Van,Warehouse B,Urban,14.84,Medium,Normal,3,200,51.03,99.01,209.61,55.7,4.86,Yes
D100395,2026-02-05 02:25:35.135135135,Bike,Warehouse A,Rural,18.71,High,Storm,15,50,28.3,160.15,263.21,21.24,3.7,Yes
D100396,2026-02-05 04:33:52.432432432,Truck,Warehouse C,Urban,24.03,High,Rain,6,500,136.63,143.0,345.44,169.93,4.12,Yes
D100397,2026-02-05 06:42:09.729729729,Truck,Warehouse B,Urban,3.49,High,Normal,8,500,267.07,77.06,236.54,15.24,4.21,No
D100398,2026-02-05 08:50:27.027027027,Van,Warehouse A,Urban,17.46,High,Normal,2,200,133.5,109.44,206.71,84.99,4.66,No
D100399,2026-02-05 10:58:44.324324324,Van,Warehouse B,Suburban,27.53,Low,Normal,4,200,116.29,114.49,252.48,98.62,4.55,Yes
D100400,2026-02-05 13:07:01.621621621,Van,Warehouse B,Suburban,21.54,Medium,Normal,11,200,158.12,105.77,212.57,88.43,4.75,Yes
D100401,2026-02-05 15:15:18.918918919,Bike,Warehouse A,Urban,35.59,Low,Normal,7,50,9.44,120.47,226.35,54.59,4.83,Yes
D100402,2026-02-05 17:23:36.216216216,Truck,Warehouse A,Urban,28.2,Low,Normal,1,500,269.52,,312.12,197.89,4.56,Yes
D100403,2026-02-05 19:31:53.513513513,Van,Warehouse A,Suburban,14.77,High,Normal,1,200,56.34,94.37,166.67,70.95,4.21,Yes
D100404,2026-02-05 21:40:10.810810810,Truck,Warehouse B,Urban,20.22,Medium,Normal,12,500,139.93,111.35,356.14,120.05,4.73,Yes
D100405,2026-02-05 23:48:28.108108108,Bike,Warehouse B,Semi-urban,19.62,Medium,Storm,13,50,42.87,128.39,209.58,32.72,4.43,No
D100406,2026-02-06 01:56:45.405405405,Truck,Warehouse B,Suburban,7.34,High,Normal,10,500,422.92,117.88,281.36,49.19,4.55,Yes
D100407,2026-02-06 04:05:02.702702702,Van,Warehouse C,Suburban,12.48,High,Storm,7,200,78.56,135.67,176.07,54.59,3.93,Yes
D100408,2026-02-06 06:13:20.000000000,Bike,Warehouse C,Urban,15.51,High,Normal,14,50,37.43,119.47,214.58,23.7,4.29,No
D100409,2026-02-06 08:21:37.297297297,Truck,Warehouse B,Rural,15.71,Low,Normal,7,500,285.3,500.0,323.9,109.37,5.0,Yes
D100410,2026-02-06 10:29:54.594594594,Bike,Warehouse C,Suburban,20.38,Low,Normal,1,50,42.06,74.98,164.26,20.91,4.43,Yes
D100411,2026-02-06 12:38:11.891891891,Bike,Warehouse A,Semi-urban,18.01,Medium,,1,50,40.92,500.0,195.12,21.63,4.4,Yes
D100412,2026-02-06 14:46:29.189189189,Truck,Warehouse A,Urban,6.62,Low,Normal,4,500,313.61,70.89,271.88,71.39,4.49,Yes
D100413,2026-02-06 16:54:46.486486486,Truck,Warehouse A,Suburban,23.23,Low,Normal,5,500,300.71,90.86,333.4,167.35,4.87,Yes
D100414,2026-02-06 19:03:03.783783783,Van,Warehouse A,Urban,25.73,Medium,Normal,5,200,23.11,115.02,250.42,111.34,4.63,No
D100415,2026-02-06 21:11:21.081081081,Van,Warehouse B,Suburban,21.82,High,Normal,4,200,23.8,115.97,234.11,84.46,4.28,Yes
D100416,2026-02-06 23:19:38.378378378,Van,Warehouse C,Rural,29.41,Medium,Normal,8,200,22.7,139.62,298.92,110.8,4.56,Yes
D100417,2026-02-07 01:27:55.675675675,Bike,Warehouse A,Suburban,24.73,Medium,Normal,7,50,34.06,108.59,207.75,43.31,4.84,Yes
D100418,2026-02-07 03:36:12.972972973,Bike,Warehouse A,Urban,25.44,Medium,Normal,9,50,42.15,127.15,173.27,22.93,4.49,Yes
D100419,2026-02-07 05:44:30.270270270,Van,Warehouse B,Urban,22.46,Low,Normal,7,200,175.34,114.36,238.41,84.63,4.61,Yes
D100420,2026-02-07 07:52:47.567567567,Van,Warehouse C,Suburban,13.4,Low,Normal,15,200,81.77,90.53,251.32,50.76,4.56,Yes
D100421,2026-02-07 10:01:04.864864864,Van,Warehouse A,Urban,22.21,High,Normal,10,200,99.63,123.53,295.89,96.4,3.95,Yes
D100422,2026-02-07 12:09:22.162162162,Van,Warehouse B,Urban,29.56,Medium,Storm,1,200,174.39,149.85,229.5,121.55,4.33,No
D100423,2026-02-07 14:17:39.459459459,Bike,Warehouse A,Semi-urban,15.23,High,Normal,13,50,11.73,102.15,158.08,19.06,4.34,No
D100424,2026-02-07 16:25:56.756756756,Van,Warehouse A,Suburban,36.78,Low,Rain,14,200,155.23,153.87,346.09,150.07,4.38,Yes
D100425,2026-02-07 18:34:14.054054054,Bike,Warehouse C,Urban,15.79,High,Normal,7,50,44.02,96.33,192.97,21.26,4.31,No
D100426,2026-02-07 20:42:31.351351351,Van,Warehouse C,Rural,32.26,Medium,Normal,1,200,104.66,133.24,250.66,137.6,4.66,Yes
D100427,2026-02-07 22:50:48.648648648,Van,Warehouse A,Urban,14.62,Medium,Normal,7,200,65.06,92.22,275.98,60.37,4.68,Yes
D100428,2026-02-08 00:59:05.945945946,Truck,Warehouse C,Rural,33.79,Medium,Normal,10,500,124.53,136.67,465.61,250.42,4.54,Yes
D100429,2026-02-08 03:07:23.243243243,Bike,Warehouse B,Urban,6.06,High,Normal,8,50,17.53,86.88,133.64,10.0,4.18,Yes
D100430,2026-02-08 05:15:40.540540540,Bike,Warehouse C,Rural,27.63,Medium,Rain,11,50,26.07,120.93,245.71,51.25,4.71,Yes
D100431,2026-02-08 07:23:57.837837837,Bike,Warehouse B,Suburban,,Medium,Normal,9,50,17.97,103.68,196.51,17.61,4.48,Yes
D100432,2026-02-08 09:32:15.135135135,Van,Warehouse B,Semi-urban,21.08,High,Normal,12,200,160.33,128.45,266.29,78.74,4.32,Yes
D100433,2026-02-08 11:40:32.432432432,Van,Warehouse B,Rural,39.96,High,Normal,3,200,69.37,186.51,282.73,180.65,4.4,Yes
D100434,2026-02-08 13:48:49.729729729,Bike,Warehouse B,Urban,25.17,Medium,Rain,15,50,15.13,129.74,272.94,48.23,4.69,Yes
D100435,2026-02-08 15:57:07.027027027,Bike,Warehouse A,Rural,15.0,Medium,Normal,4,50,41.37,84.53,164.61,24.37,4.43,Yes
D100436,2026-02-08 18:05:24.324324324,Van,Warehouse A,Suburban,36.34,Medium,Normal,4,200,33.8,124.71,272.44,151.49,,Yes
D100437,2026-02-08 20:13:41.621621621,Bike,Warehouse A,Suburban,,Low,Normal,12,50,6.97,105.96,230.89,24.88,4.82,Yes
D100438,2026-02-08 22:21:58.918918918,Truck,Warehouse B,Urban,13.79,Medium,Rain,9,500,233.36,121.83,318.92,88.16,4.58,Yes
D100439,2026-02-09 00:30:16.216216216,Van,Warehouse A,Suburban,21.26,High,Storm,13,200,141.42,167.12,264.66,93.95,3.81,No
D100440,2026-02-09 02:38:33.513513513,Bike,Warehouse B,Urban,21.41,High,Normal,7,50,31.42,108.27,175.28,32.15,4.22,Yes
D100441,2026-02-09 04:46:50.810810810,Bike,Warehouse C,Suburban,14.67,Medium,Rain,3,50,34.22,110.88,149.65,20.76,4.63,Yes
D100442,2026-02-09 06:55:08.108108108,Truck,Warehouse A,Suburban,21.58,Medium,Rain,10,500,131.49,129.99,353.99,148.76,4.6,Yes
D100443,2026-02-09 09:03:25.405405405,Bike,Warehouse B,Semi-urban,15.14,Low,Normal,5,50,32.37,87.59,165.71,23.93,4.77,Yes
D100444,2026-02-09 11:11:42.702702702,Bike,Warehouse B,Semi-urban,16.77,High,Normal,7,50,19.4,107.2,195.93,23.12,4.6,No
D100445,2026-02-09 13:20:00.000000000,Truck,Warehouse C,Suburban,14.51,High,Normal,8,500,149.88,104.92,326.73,85.31,4.36,Yes
D100446,2026-02-09 15:28:17.297297297,Truck,Warehouse A,Urban,8.54,Medium,Storm,1,500,179.38,99.95,,71.11,4.17,No
D100447,2026-02-09 17:36:34.594594594,Truck,Warehouse B,Urban,21.17,High,Normal,12,500,277.72,,355.38,147.31,4.73,Yes
D100448,2026-02-09 19:44:51.891891891,Van,Warehouse C,Urban,24.68,Medium,Rain,2,200,61.43,130.49,263.01,113.37,4.79,No
D100449,2026-02-09 21:53:09.189189189,Bike,Warehouse C,Urban,24.12,Medium,Normal,7,50,37.12,107.78,185.09,22.08,4.82,Yes
D100450,2026-02-10 00:01:26.486486486,Bike,Warehouse B,Urban,26.56,Low,Rain,11,50,33.65,105.15,196.25,25.71,4.69,Yes
D100451,2026-02-10 02:09:43.783783783,Van,Warehouse B,Urban,22.59,Medium,Normal,15,200,167.65,109.67,263.1,88.16,4.73,Yes
D100452,2026-02-10 04:18:01.081081081,Van,Warehouse B,Rural,27.74,Medium,Normal,13,200,114.97,117.6,327.36,118.78,4.65,Yes
D100453,2026-02-10 06:26:18.378378378,Van,Warehouse C,Suburban,26.72,Medium,Rain,14,200,74.12,136.81,313.7,97.12,4.84,No
D100454,2026-02-10 08:34:35.675675675,Truck,Warehouse B,Urban,9.14,Medium,Rain,13,500,360.24,104.94,356.19,53.91,4.63,No
D100455,2026-02-10 10:42:52.972972973,Bike,Warehouse A,Suburban,12.79,High,Rain,15,50,12.23,128.62,165.64,22.16,4.42,Yes
D100456,2026-02-10 12:51:10.270270270,Van,Warehouse C,Urban,12.29,Low,Normal,2,200,177.03,77.19,239.62,46.66,4.85,Yes
D100457,2026-02-10 14:59:27.567567567,Bike,Warehouse B,Suburban,28.64,Medium,Normal,7,50,18.11,120.26,218.2,47.31,4.89,Yes
D100458,2026-02-10 17:07:44.864864864,Van,Warehouse B,Suburban,27.54,Medium,Normal,15,200,142.49,130.41,266.66,107.8,4.85,Yes
D100459,2026-02-10 19:16:02.162162162,Bike,Warehouse A,Suburban,23.9,Medium,Normal,9,50,24.91,133.82,270.27,38.93,4.55,Yes
D100460,2026-02-10 21:24:19.459459459,Bike,Warehouse B,Suburban,28.58,Medium,Normal,11,50,24.04,140.71,212.28,53.8,4.94,Yes
D100461,2026-02-10 23:32:36.756756756,Bike,Warehouse A,Rural,24.97,low,Normal,2,50,41.06,102.02,174.93,27.71,4.8,Yes
D100462,2026-02-11 01:40:54.054054054,Van,Warehouse B,Rural,34.79,Low,Normal,7,200,62.19,134.25,295.97,148.64,4.75,Yes
D100463,2026-02-11 03:49:11.351351351,Van,Warehouse A,Suburban,19.0,Medium,Storm,4,200,135.35,104.74,230.9,62.37,4.46,Yes
D100464,2026-02-11 05:57:28.648648648,Van,Warehouse B,Suburban,26.78,Medium,Normal,11,200,18.94,116.83,267.69,111.99,4.68,Yes
D100465,2026-02-11 08:05:45.945945946,Truck,Warehouse C,Suburban,19.08,Low,Normal,13,500,289.63,98.34,391.12,144.91,4.63,Yes
D100466,2026-02-11 10:14:03.243243243,Bike,Warehouse A,Urban,16.92,Medium,Normal,2,50,24.21,83.73,169.9,21.19,4.64,Yes
D100467,2026-02-11 12:22:20.540540540,Bike,Warehouse C,Suburban,24.33,Medium,Normal,13,50,37.63,107.7,237.66,41.65,4.89,Yes
D100468,2026-02-11 14:30:37.837837837,Truck,Warehouse B,Urban,27.01,Medium,Normal,7,500,161.26,123.73,401.55,185.17,4.71,Yes
D100469,2026-02-11 16:38:55.135135135,Bike,Warehouse C,Suburban,14.65,High,Storm,13,50,37.62,157.66,194.83,26.66,3.89,Yes
D100470,2026-02-11 18:47:12.432432432,Truck,Warehouse C,Suburban,19.51,Low,Rain,5,500,360.61,101.39,320.05,118.5,4.71,Yes
D100471,2026-02-11 20:55:29.729729729,Bike,Warehouse B,Urban,11.53,low,Rain,1,50,10.35,86.04,173.38,18.59,4.6,Yes
D100472,2026-02-11 23:03:47.027027027,Truck,Warehouse B,Rural,15.0,High,Storm,5,500,108.35,132.07,315.39,108.16,3.73,Yes
D100473,2026-02-12 01:12:04.324324324,Bike,Warehouse C,Rural,33.6,Medium,Normal,12,50,30.97,135.78,246.48,61.16,4.82,Yes
D100474,2026-02-12 03:20:21.621621621,Truck,Warehouse B,Semi-urban,24.87,Medium,Normal,12,500,441.31,131.93,363.2,181.49,4.8,No
D100475,2026-02-12 05:28:38.918918918,Van,Warehouse A,Suburban,22.1,High,Normal,3,200,80.53,104.42,228.29,87.11,4.35,No
D100476,2026-02-12 07:36:56.216216216,Truck,Warehouse B,Semi-urban,4.4,High,Normal,7,500,182.81,70.67,213.53,32.94,4.19,Yes
D100477,2026-02-12 09:45:13.513513513,Bike,Warehouse C,Urban,17.19,High,Normal,6,50,29.35,98.96,156.37,14.22,4.62,Yes
D100478,2026-02-12 11:53:30.810810810,Van,Warehouse C,Semi-urban,3.0,Medium,Normal,8,200,120.33,81.54,170.09,25.15,4.65,Yes
D100479,2026-02-12 14:01:48.108108108,Truck,Warehouse C,Urban,30.96,Medium,Normal,13,500,269.95,137.29,410.85,222.25,4.74,Yes
D100480,2026-02-12 16:10:05.405405405,Van,Warehouse B,Semi-urban,11.31,Medium,Normal,5,200,23.3,88.89,161.07,30.35,4.59,Yes
D100481,2026-02-12 18:18:22.702702702,Van,Warehouse C,Urban,30.04,Low,Normal,2,200,159.18,124.85,244.96,122.13,4.5,Yes
D100482,2026-02-12 20:26:40.000000000,Van,Warehouse A,Rural,39.57,Medium,Normal,9,200,97.31,136.01,360.69,160.86,4.79,Yes
D100483,2026-02-12 22:34:57.297297297,Van,Warehouse B,Rural,24.8,Low,Normal,14,200,149.35,127.64,318.49,93.01,4.47,No
D100484,2026-02-13 00:43:14.594594594,Van,Warehouse A,Urban,10.94,High,Normal,11,200,154.91,104.42,223.34,44.53,4.38,Yes
D100485,2026-02-13 02:51:31.891891891,Van,Warehouse A,Suburban,22.8,Medium,Normal,8,200,167.34,107.12,254.04,84.2,4.73,Yes
D100486,2026-02-13 04:59:49.189189189,Truck,Warehouse A,Rural,25.25,Medium,Rain,6,500,252.92,125.31,352.01,165.51,4.53,Yes
D100487,2026-02-13 07:08:06.486486486,Bike,Warehouse A,Suburban,20.82,Medium,Normal,13,50,40.9,118.52,228.35,26.32,4.51,Yes
D100488,2026-02-13 09:16:23.783783783,Bike,Warehouse B,Semi-urban,16.14,Low,Normal,10,50,22.89,90.17,190.35,25.58,4.58,Yes
D100489,2026-02-13 11:24:41.081081081,Truck,Warehouse A,Suburban,5.75,Low,Rain,7,500,438.54,83.1,287.25,47.68,4.61,Yes
D100490,2026-02-13 13:32:58.378378378,Truck,Warehouse B,Suburban,3.0,Medium,Normal,9,500,252.9,75.35,290.14,21.56,4.47,Yes
D100491,2026-02-13 15:41:15.675675675,Van,Warehouse A,Urban,21.81,Low,Normal,7,200,16.24,97.13,216.32,94.74,4.53,Yes
D100492,2026-02-13 17:49:32.972972973,Van,Warehouse A,Urban,15.51,Medium,Normal,3,200,117.49,86.36,192.39,67.23,4.71,Yes
D100493,2026-02-13 19:57:50.270270270,Bike,Warehouse A,Semi-urban,15.58,High,Normal,6,50,38.46,112.54,170.38,15.09,4.65,Yes
D100494,2026-02-13 22:06:07.567567567,Bike,Warehouse A,Suburban,25.57,High,Rain,11,50,38.21,134.07,208.25,43.48,4.5,Yes
D100495,2026-02-14 00:14:24.864864864,Van,Warehouse B,Suburban,29.39,Medium,Rain,13,200,119.31,132.54,291.59,122.91,4.72,No
D100496,2026-02-14 02:22:42.162162162,Bike,Warehouse B,Suburban,17.82,Low,Normal,11,50,32.93,93.47,194.4,40.66,4.87,Yes
D100497,2026-02-14 04:30:59.459459459,Van,Warehouse B,Suburban,17.28,High,Normal,7,200,174.09,,223.36,72.41,4.52,Yes
D100498,2026-02-14 06:39:16.756756756,Bike,Warehouse B,Semi-urban,24.0,High,Normal,2,50,5.81,142.43,186.22,26.12,4.3,No
D100499,2026-02-14 08:47:34.054054054,Truck,Warehouse A,Rural,21.14,Low,Normal,3,500,372.74,90.19,302.59,143.55,7.0,Yes
D100500,2026-02-14 10:55:51.351351351,Truck,Warehouse C,Suburban,21.79,Medium,Normal,4,500,175.7,86.84,355.72,137.71,4.85,Yes
D100501,2026-02-14 13:04:08.648648648,Van,Warehouse B,Semi-urban,24.42,Low,Normal,10,200,70.37,100.94,268.14,101.76,4.87,Yes
D100502,2026-02-14 15:12:25.945945945,Van,Warehouse B,Semi-urban,25.44,High,Normal,6,200,122.24,136.47,260.48,114.99,4.52,Yes
D100503,2026-02-14 17:20:43.243243243,Bike,Warehouse A,Suburban,4.51,High,Normal,1,50,28.45,70.82,84.7,10.0,4.2,Yes
D100504,2026-02-14 19:29:00.540540540,Truck,Warehouse A,Rural,-10.0,Low,Normal,9,500,363.27,97.26,379.71,194.94,4.88,Yes
D100505,2026-02-14 21:37:17.837837837,Van,Warehouse A,Urban,12.97,High,Normal,5,200,129.93,109.98,241.25,55.86,4.63,No
D100506,2026-02-14 23:45:35.135135135,Bike,Warehouse A,Urban,20.8,Medium,Normal,13,50,35.33,120.75,212.88,22.59,4.92,Yes
D100507,2026-02-15 01:53:52.432432432,Truck,Warehouse B,Semi-urban,23.85,High,Rain,12,500,226.98,130.97,366.56,169.0,4.19,Yes
D100508,2026-02-15 04:02:09.729729729,Truck,Warehouse B,Suburban,31.97,medium,Normal,14,500,179.42,130.99,403.52,215.44,4.5,Yes
D100509,2026-02-15 06:10:27.027027027,Truck,Warehouse B,Semi-urban,16.04,High,Normal,7,500,208.61,125.03,320.88,115.8,4.42,Yes
D100510,2026-02-15 08:18:44.324324324,Van,Warehouse C,Rural,28.02,Low,Storm,9,200,139.87,148.07,280.9,112.59,4.62,Yes
D100511,2026-02-15 10:27:01.621621621,Van,Warehouse C,Urban,29.2,Medium,Normal,9,200,51.2,114.93,288.93,119.43,4.73,Yes
D100512,2026-02-15 12:35:18.918918918,Van,Warehouse B,Rural,34.37,Low,Normal,1,200,5.94,95.35,281.06,130.13,4.66,Yes
D100513,2026-02-15 14:43:36.216216216,Truck,Warehouse C,Suburban,30.14,High,Normal,15,500,302.8,155.47,430.14,204.79,4.14,Yes
D100514,2026-02-15 16:51:53.513513513,Truck,Warehouse A,Suburban,22.31,High,Normal,1,500,262.42,113.16,318.14,160.18,4.5,No
D100515,2026-02-15 19:00:10.810810810,Bike,Warehouse A,Suburban,10.74,High,Normal,3,50,8.15,97.8,178.95,12.09,4.3,No
D100516,2026-02-15 21:08:28.108108108,Bike,Warehouse A,Rural,21.33,High,Normal,6,50,11.87,128.01,206.85,33.19,4.42,Yes
D100517,2026-02-15 23:16:45.405405405,Bike,Warehouse B,Urban,7.59,Low,Normal,2,50,7.37,53.62,84.65,15.01,4.68,Yes
D100518,2026-02-16 01:25:02.702702702,Truck,Warehouse C,Suburban,25.3,Medium,Rain,10,500,172.45,126.28,337.63,175.32,4.57,Yes
D100519,2026-02-16 03:33:20.000000000,Truck,Warehouse A,Semi-urban,29.51,Low,Normal,12,500,308.0,113.03,386.55,215.81,4.55,Yes
D100520,2026-02-16 05:41:37.297297297,Bike,Warehouse C,Semi-urban,34.79,Low,Normal,11,50,18.64,122.45,274.93,50.7,4.78,Yes
D100521,2026-02-16 07:49:54.594594594,Van,Warehouse A,Semi-urban,26.74,Low,Rain,1,200,75.47,115.63,217.82,105.24,4.29,Yes
D100522,2026-02-16 09:58:11.891891891,Van,Warehouse C,Urban,29.3,Medium,Normal,1,200,41.37,116.54,232.37,112.15,4.77,Yes
D100523,2026-02-16 12:06:29.189189189,Truck,Warehouse A,Urban,15.36,Low,Rain,13,500,107.5,89.59,350.16,115.84,4.67,Yes
D100524,2026-02-16 14:14:46.486486486,Truck,Warehouse A,Suburban,10.75,Low,Normal,5,500,441.63,81.25,281.6,69.59,4.84,Yes
D100525,2026-02-16 16:23:03.783783783,Truck,Warehouse B,Semi-urban,26.8,Low,Rain,4,500,392.13,111.1,301.37,197.64,4.79,Yes
D100526,2026-02-16 18:31:21.081081081,Van,Warehouse A,Urban,23.34,Low,Normal,1,200,46.36,100.89,249.96,94.66,4.71,Yes
D100527,2026-02-16 20:39:38.378378378,Van,Warehouse A,Urban,20.86,High,Rain,4,200,22.12,117.57,248.74,104.9,4.19,Yes
D100528,2026-02-16 22:47:55.675675675,Bike,Warehouse A,Rural,35.1,High,Rain,3,50,9.44,145.44,200.29,47.37,4.2,No
D100529,2026-02-17 00:56:12.972972973,Bike,Warehouse C,Urban,22.59,High,Normal,2,50,12.08,120.7,176.3,44.09,4.25,Yes
D100530,2026-02-17 03:04:30.270270270,Truck,Warehouse B,Rural,42.27,Medium,Normal,9,500,415.36,142.08,414.62,299.97,4.83,Yes
D100531,2026-02-17 05:12:47.567567567,Truck,Warehouse A,Semi-urban,30.36,Low,Normal,14,500,276.14,123.97,402.29,208.41,4.97,Yes
D100532,2026-02-17 07:21:04.864864864,Truck,Warehouse B,Semi-urban,24.35,High,Normal,15,500,130.97,129.1,409.42,174.64,4.4,No
D100533,2026-02-17 09:29:22.162162162,Truck,Warehouse B,Urban,26.77,Medium,Normal,11,500,216.55,121.13,407.69,191.19,4.61,Yes
D100534,2026-02-17 11:37:39.459459459,Van,Warehouse A,Urban,24.11,Low,Normal,1,200,142.13,94.4,245.93,93.78,4.63,Yes
D100535,2026-02-17 13:45:56.756756756,Van,Warehouse B,Semi-urban,16.31,Low,Normal,7,200,166.35,88.27,229.62,68.67,4.63,No
D100536,2026-02-17 15:54:14.054054054,Truck,Warehouse A,Semi-urban,26.05,Low,Normal,14,500,298.39,114.45,431.29,191.66,4.86,Yes
D100537,2026-02-17 18:02:31.351351351,Truck,Warehouse A,Semi-urban,8.84,Low,Normal,13,500,337.25,85.51,306.86,65.97,4.63,Yes
D100538,2026-02-17 20:10:48.648648648,Bike,Warehouse B,Urban,28.43,Medium,Normal,4,50,28.03,119.34,199.69,39.29,4.69,Yes
D100539,2026-02-17 22:19:05.945945945,Van,Warehouse A,Semi-urban,10.44,Medium,Normal,5,200,94.09,82.49,123.98,37.96,4.9,Yes
D100540,2026-02-18 00:27:23.243243243,Bike,Warehouse B,Semi-urban,22.29,Low,Normal,10,50,10.0,98.32,211.29,32.74,4.61,Yes
D100541,2026-02-18 02:35:40.540540540,Truck,Warehouse B,Semi-urban,13.24,Low,Normal,5,500,254.68,89.66,315.1,101.58,4.78,Yes
D100542,2026-02-18 04:43:57.837837837,Van,Warehouse A,Semi-urban,24.43,High,Normal,1,200,79.34,124.22,234.74,91.69,4.49,Yes
D100543,2026-02-18 06:52:15.135135135,Bike,Warehouse B,Semi-urban,19.73,Low,Normal,6,50,40.19,83.1,167.27,32.73,4.71,Yes
D100544,2026-02-18 09:00:32.432432432,Van,Warehouse A,Suburban,7.24,Medium,Normal,13,200,26.51,95.47,236.52,16.46,4.99,Yes
D100545,2026-02-18 11:08:49.729729729,Van,Warehouse C,Urban,23.37,High,Normal,9,200,113.42,138.99,261.31,98.24,4.6,Yes
D100546,2026-02-18 13:17:07.027027027,Bike,Warehouse B,Suburban,15.38,Low,Rain,2,50,39.88,,163.76,29.08,4.74,Yes
D100547,2026-02-18 15:25:24.324324324,Bike,Warehouse C,Urban,27.05,Low,Normal,7,50,8.92,109.45,230.76,56.8,4.58,Yes
D100548,2026-02-18 17:33:41.621621621,Van,Warehouse B,Suburban,20.01,Medium,Normal,6,200,102.42,83.43,269.65,87.44,4.59,Yes
D100549,2026-02-18 19:41:58.918918918,Van,Warehouse A,Suburban,23.16,Medium,Normal,5,200,118.01,100.39,250.76,89.43,4.73,Yes
D100550,2026-02-18 21:50:16.216216216,Van,Warehouse B,Urban,12.34,Medium,Rain,4,200,7.37,104.12,207.08,37.08,4.54,Yes
D100551,2026-02-18 23:58:33.513513513,Van,Warehouse C,Urban,15.29,High,Storm,4,200,33.38,123.75,202.3,65.27,4.09,Yes
D100552,2026-02-19 02:06:50.810810810,Truck,Warehouse B,Urban,16.33,Low,Normal,6,500,189.37,85.06,306.01,111.69,4.95,Yes
D100553,2026-02-19 04:15:08.108108108,Van,Warehouse C,Semi-urban,26.85,Medium,normal,4,200,18.3,106.11,265.04,110.07,4.71,Yes
D100554,2026-02-19 06:23:25.405405405,Van,Warehouse C,Rural,45.42,Medium,Rain,5,200,123.79,165.65,373.33,175.92,4.5,Yes
D100555,2026-02-19 08:31:42.702702702,Truck,Warehouse A,Urban,13.56,Low,Normal,13,500,296.78,95.56,326.55,93.53,4.83,Yes
D100556,2026-02-19 10:40:00.000000000,Van,Warehouse A,Rural,40.61,Medium,Normal,6,200,130.43,149.42,314.36,148.84,4.78,Yes
D100557,2026-02-19 12:48:17.297297297,Bike,Warehouse B,Suburban,3.0,low,Normal,5,50,26.11,47.11,108.27,10.0,4.53,Yes
D100558,2026-02-19 14:56:34.594594594,Bike,Warehouse B,Urban,10.45,Medium,Normal,7,50,44.99,87.47,166.01,10.0,4.63,Yes
D100559,2026-02-19 17:04:51.891891891,Van,Warehouse C,Urban,12.33,Low,Storm,9,200,52.19,123.93,225.42,56.3,4.68,Yes
D100560,2026-02-19 19:13:09.189189189,Van,Warehouse C,Suburban,9.18,Medium,storm,10,200,119.58,120.84,231.38,30.1,4.45,Yes
D100561,2026-02-19 21:21:26.486486486,Van,Warehouse A,Semi-urban,7.33,Medium,Rain,7,200,73.27,91.09,235.13,40.34,,Yes
D100562,2026-02-19 23:29:43.783783783,Bike,Warehouse A,Semi-urban,23.3,High,Normal,7,50,30.05,107.79,186.89,28.41,4.32,Yes
D100563,2026-02-20 01:38:01.081081081,Bike,Warehouse C,Urban,18.29,Low,Rain,4,50,33.16,95.09,182.06,44.2,4.43,Yes
D100564,2026-02-20 03:46:18.378378378,Bike,Warehouse A,Urban,23.04,Medium,normal,1,50,31.03,119.04,179.78,18.97,4.42,Yes
D100565,2026-02-20 05:54:35.675675675,Bike,Warehouse C,Suburban,25.52,Medium,Normal,14,50,43.71,140.23,247.66,41.67,4.85,Yes
D100566,2026-02-20 08:02:52.972972972,Van,Warehouse B,Urban,22.12,Medium,Rain,8,200,95.07,125.85,268.06,88.79,4.7,Yes
D100567,2026-02-20 10:11:10.270270270,Van,Warehouse B,Urban,25.26,Medium,Normal,4,200,23.5,104.33,239.42,91.35,4.78,Yes
D100568,2026-02-20 12:19:27.567567567,Van,Warehouse A,Urban,19.44,Medium,Normal,1,200,126.46,95.9,214.72,73.35,4.87,Yes
D100569,2026-02-20 14:27:44.864864864,Truck,Warehouse B,Semi-urban,10.5,High,Normal,5,500,314.1,106.23,256.47,71.41,4.4,Yes
D100570,2026-02-20 16:36:02.162162162,Bike,Warehouse B,Rural,40.46,High,Rain,14,50,32.57,191.33,296.46,62.69,4.26,Yes
D100571,2026-02-20 18:44:19.459459459,Van,Warehouse B,Suburban,15.29,Medium,Normal,14,200,78.94,109.71,280.41,53.67,4.74,Yes
D100572,2026-02-20 20:52:36.756756756,Van,Warehouse A,Rural,24.52,medium,normal,8,200,57.21,124.59,288.21,101.48,4.89,Yes
D100573,2026-02-20 23:00:54.054054054,Van,Warehouse B,Urban,18.58,High,Normal,4,200,51.03,112.57,224.52,75.28,4.62,Yes
D100574,2026-02-21 01:09:11.351351351,Van,Warehouse C,Suburban,12.7,High,Rain,13,200,33.63,123.87,227.01,57.03,4.38,Yes
D100575,2026-02-21 03:17:28.648648648,Truck,Warehouse A,Urban,16.66,High,Rain,12,500,321.95,126.73,370.6,109.72,4.37,Yes
D100576,2026-02-21 05:25:45.945945945,Truck,Warehouse A,Suburban,22.75,Medium,Normal,8,500,421.37,116.75,386.46,155.98,4.75,Yes
D100577,2026-02-21 07:34:03.243243243,Bike,Warehouse A,Rural,34.79,Low,Normal,8,50,11.42,136.58,245.81,63.72,4.68,Yes
D100578,2026-02-21 09:42:20.540540540,Truck,Warehouse B,Suburban,12.82,Medium,Normal,3,500,90.91,92.22,252.47,82.49,4.64,Yes
D100579,2026-02-21 11:50:37.837837837,Van,Warehouse B,Suburban,16.1,Medium,Storm,9,200,92.82,113.52,243.85,53.26,4.56,No
D100580,2026-02-21 13:58:55.135135135,Bike,Warehouse B,Suburban,28.59,Medium,Normal,3,50,28.49,105.04,227.92,37.84,4.64,Yes
D100581,2026-02-21 16:07:12.432432432,Van,Warehouse A,Urban,23.97,Medium,Storm,1,200,152.23,140.48,240.36,81.67,4.33,Yes
D100582,2026-02-21 18:15:29.729729729,Truck,Warehouse A,Rural,48.6,High,Normal,2,500,307.42,171.97,473.25,353.58,4.28,No
D100583,2026-02-21 20:23:47.027027027,Van,Warehouse B,Suburban,29.44,Medium,Rain,15,200,113.31,148.54,357.88,115.5,4.85,Yes
D100584,2026-02-21 22:32:04.324324324,Bike,Warehouse B,Suburban,29.15,High,Rain,6,50,31.83,149.23,214.8,41.54,4.7,No
D100585,2026-02-22 00:40:21.621621621,Van,Warehouse C,Suburban,8.9,Medium,Normal,12,200,161.6,108.32,222.35,41.54,4.88,Yes
D100586,2026-02-22 02:48:38.918918918,Bike,Warehouse A,Suburban,26.11,Medium,Storm,10,50,16.66,142.76,217.25,33.36,4.52,Yes
D100587,2026-02-22 04:56:56.216216216,Bike,Warehouse B,Urban,19.58,Medium,Normal,2,50,23.81,108.33,136.68,27.64,4.85,Yes
D100588,2026-02-22 07:05:13.513513513,Bike,Warehouse B,Semi-urban,15.59,High,Normal,6,50,43.25,112.52,141.39,17.37,4.33,No
D100589,2026-02-22 09:13:30.810810811,Bike,Warehouse B,Urban,21.34,Low,Normal,14,50,35.67,92.67,247.55,17.97,4.78,Yes
D100590,2026-02-22 11:21:48.108108108,Bike,Warehouse B,Semi-urban,27.56,Low,Rain,1,50,43.78,103.37,198.32,41.75,4.79,Yes
D100591,2026-02-22 13:30:05.405405405,Bike,Warehouse B,Semi-urban,24.01,High,Normal,11,50,34.85,128.45,248.09,44.22,4.27,Yes
D100592,2026-02-22 15:38:22.702702702,Van,Warehouse C,Semi-urban,12.97,Low,Normal,13,200,103.0,101.37,302.76,52.51,4.69,Yes
D100593,2026-02-22 17:46:40.000000000,Bike,Warehouse A,Suburban,25.94,Medium,Normal,1,50,7.58,120.65,196.44,46.27,4.84,Yes
D100594,2026-02-22 19:54:57.297297297,Bike,Warehouse A,Suburban,14.9,Medium,Normal,5,50,28.11,95.84,137.88,13.58,4.7,No
D100595,2026-02-22 22:03:14.594594594,Truck,Warehouse B,Urban,21.73,Medium,Normal,10,500,279.66,108.23,387.14,146.08,4.79,Yes
D100596,2026-02-23 00:11:31.891891892,Van,Warehouse B,Semi-urban,17.57,Medium,Normal,13,200,8.22,100.53,238.63,59.93,4.83,Yes
D100597,2026-02-23 02:19:49.189189189,Van,Warehouse A,Urban,18.25,Low,Rain,11,200,125.69,119.38,295.36,75.93,4.83,No
D100598,2026-02-23 04:28:06.486486486,Bike,Warehouse A,Suburban,26.13,Medium,Normal,9,50,19.68,107.91,175.46,36.65,4.96,No
D100599,2026-02-23 06:36:23.783783784,Bike,Warehouse A,Urban,11.68,Medium,Normal,14,50,17.68,98.32,175.39,14.68,4.61,Yes
D100600,2026-02-23 08:44:41.081081081,Bike,Warehouse C,Urban,35.56,Medium,Normal,8,50,39.0,161.76,274.91,58.69,4.75,Yes
D100601,2026-02-23 10:52:58.378378378,Bike,Warehouse A,Suburban,5.43,Low,Normal,3,50,38.85,55.16,137.24,10.0,4.77,No
D100602,2026-02-23 13:01:15.675675675,Bike,Warehouse A,Urban,15.22,Medium,Rain,15,50,19.25,105.22,192.0,31.47,4.83,Yes
D100603,2026-02-23 15:09:32.972972973,Bike,Warehouse A,Semi-urban,22.96,Low,Rain,3,50,38.3,87.77,159.98,36.33,4.8,Yes
D100604,2026-02-23 17:17:50.270270270,Bike,Warehouse A,Urban,24.67,Low,Normal,15,50,39.03,140.88,252.32,34.08,4.8,Yes
D100605,2026-02-23 19:26:07.567567567,Bike,Warehouse A,Urban,19.2,Low,RAIN,1,50,21.96,98.39,203.36,16.39,4.6,No
D100606,2026-02-23 21:34:24.864864865,Van,Warehouse B,Suburban,19.54,Low,Rain,14,200,63.23,106.39,233.61,83.47,4.82,Yes
D100607,2026-02-23 23:42:42.162162162,Bike,Warehouse A,Urban,23.28,High,Rain,3,50,5.06,129.17,174.92,37.18,4.13,Yes
D100608,2026-02-24 01:50:59.459459459,Bike,Warehouse C,Urban,18.15,Low,Normal,15,50,25.93,97.17,227.73,29.87,5.0,Yes
D100609,2026-02-24 03:59:16.756756756,Van,Warehouse A,Semi-urban,31.15,High,Storm,14,200,80.91,159.66,300.93,127.5,3.91,No
D100610,2026-02-24 06:07:34.054054054,Van,Warehouse B,Urban,26.71,High,Normal,12,200,67.26,149.3,272.2,102.61,4.52,Yes
D100611,2026-02-24 08:15:51.351351351,Bike,Warehouse C,Semi-urban,26.98,Medium,Normal,12,50,35.9,127.3,237.48,39.26,4.8,Yes
D100612,2026-02-24 10:24:08.648648648,Van,Warehouse B,Urban,12.27,Low,Normal,12,200,58.35,94.59,238.85,45.41,4.71,Yes
D100613,2026-02-24 12:32:25.945945946,Van,Warehouse B,Urban,19.36,Medium,Normal,13,200,125.38,113.29,261.44,87.44,4.62,No
D100614,2026-02-24 14:40:43.243243243,Bike,Warehouse A,Semi-urban,17.6,High,Normal,11,50,40.51,123.01,235.56,24.2,4.24,No
D100615,2026-02-24 16:49:00.540540540,Truck,Warehouse A,Urban,11.96,Medium,Normal,1,500,364.95,58.07,290.05,78.77,4.82,Yes
D100616,2026-02-24 18:57:17.837837838,Truck,Warehouse B,Urban,22.88,Low,Normal,8,500,132.37,111.84,365.68,170.71,4.81,No
D100617,2026-02-24 21:05:35.135135135,Bike,Warehouse C,Suburban,15.7,Medium,Rain,1,50,34.84,87.02,166.63,33.23,4.78,Yes
D100618,2026-02-24 23:13:52.432432432,Bike,Warehouse B,Urban,25.24,High,Rain,5,50,20.13,129.66,211.03,39.75,4.33,Yes
D100619,2026-02-25 01:22:09.729729729,Truck,Warehouse B,Semi-urban,11.44,High,Normal,9,500,158.83,101.1,301.97,79.04,4.41,No
D100620,2026-02-25 03:30:27.027027027,Van,Warehouse B,Urban,33.75,Low,Rain,7,200,37.9,112.41,290.17,131.96,4.64,Yes
D100621,2026-02-25 05:38:44.324324324,Bike,Warehouse B,Semi-urban,12.83,Medium,Rain,4,50,41.31,90.83,115.65,18.89,4.6,Yes
D100622,2026-02-25 07:47:01.621621621,Bike,Warehouse A,Rural,33.75,Low,Rain,11,50,21.76,132.48,316.87,43.63,4.66,Yes
D100623,2026-02-25 09:55:18.918918919,Bike,Warehouse B,Suburban,26.33,Low,Normal,9,50,36.33,107.38,248.85,43.36,4.67,Yes
D100624,2026-02-25 12:03:36.216216216,Van,Warehouse C,Rural,27.43,High,Normal,9,200,97.25,121.35,216.22,122.94,4.57,Yes
D100625,2026-02-25 14:11:53.513513513,Van,Warehouse A,Suburban,26.82,Low,Storm,2,200,133.49,135.92,275.97,111.78,4.2,Yes
D100626,2026-02-25 16:20:10.810810811,Bike,Warehouse B,Rural,22.17,Low,Normal,10,50,5.06,108.32,176.47,24.43,4.7,Yes
D100627,2026-02-25 18:28:28.108108108,Van,Warehouse A,Urban,31.62,Low,Normal,10,200,160.38,114.6,,130.12,4.79,Yes
D100628,2026-02-25 20:36:45.405405405,Van,Warehouse B,Semi-urban,20.11,High,Normal,11,200,128.02,120.9,204.36,82.0,4.65,Yes
D100629,2026-02-25 22:45:02.702702702,Bike,Warehouse A,Suburban,15.23,High,Normal,12,50,33.51,126.84,183.26,26.42,4.26,Yes
D100630,2026-02-26 00:53:20.000000000,Bike,Warehouse B,Suburban,17.61,Medium,Normal,6,50,6.85,96.65,207.49,19.86,,Yes
D100631,2026-02-26 03:01:37.297297297,Van,Warehouse C,Suburban,26.47,High,Normal,4,200,80.54,116.53,286.09,105.91,4.46,Yes
D100632,2026-02-26 05:09:54.594594594,Truck,Warehouse A,Semi-urban,15.32,Low,Normal,8,500,449.81,86.8,332.01,114.3,4.72,Yes
D100633,2026-02-26 07:18:11.891891892,Van,Warehouse B,Urban,14.01,Medium,RAIN,12,200,152.52,100.14,258.53,47.48,4.67,Yes
D100634,2026-02-26 09:26:29.189189189,Van,Warehouse C,Urban,18.23,Medium,Rain,11,200,96.08,110.88,216.23,69.33,4.77,Yes
D100635,2026-02-26 11:34:46.486486486,Bike,Warehouse C,Semi-urban,10.58,Low,Normal,7,50,18.35,76.15,162.89,13.57,4.83,Yes
D100636,2026-02-26 13:43:03.783783784,Van,Warehouse A,Semi-urban,34.56,Medium,Storm,7,200,5.95,170.17,321.43,146.23,4.31,Yes
D100637,2026-02-26 15:51:21.081081081,Van,Warehouse A,Rural,27.47,High,Normal,11,200,11.16,161.67,354.62,119.06,4.2,Yes
D100638,2026-02-26 17:59:38.378378378,Bike,Warehouse A,Semi-urban,26.65,Low,Normal,10,50,7.87,126.93,216.35,24.65,4.9,Yes
D100639,2026-02-26 20:07:55.675675675,Bike,Warehouse C,Rural,33.68,Low,Rain,9,50,34.89,135.14,256.86,58.5,4.73,No
D100640,2026-02-26 22:16:12.972972973,Bike,Warehouse C,Semi-urban,12.12,Low,Rain,13,50,7.12,121.31,187.86,27.61,4.71,Yes
D100641,2026-02-27 00:24:30.270270270,Bike,Warehouse B,Urban,19.95,Low,Storm,5,50,26.72,122.98,196.25,38.84,4.51,Yes
D100642,2026-02-27 02:32:47.567567567,Bike,Warehouse C,Urban,26.27,High,Normal,6,50,15.4,,232.35,35.17,4.16,Yes
D100643,2026-02-27 04:41:04.864864865,Bike,Warehouse B,Semi-urban,18.49,Medium,Rain,1,50,28.51,104.43,179.18,25.9,4.79,Yes
D100644,2026-02-27 06:49:22.162162162,Bike,Warehouse B,Suburban,29.54,Medium,Normal,6,50,15.45,116.51,248.77,31.77,4.65,Yes
D100645,2026-02-27 08:57:39.459459459,Bike,Warehouse A,Urban,28.17,High,Normal,2,50,44.4,116.86,161.29,25.5,4.15,Yes
D100646,2026-02-27 11:05:56.756756756,Truck,Warehouse C,Suburban,27.35,Low,Rain,6,500,129.84,106.96,299.54,188.56,4.76,Yes
D100647,2026-02-27 13:14:14.054054054,Van,Warehouse A,Rural,28.32,Medium,Normal,9,200,150.88,123.67,271.08,113.89,4.63,Yes
D100648,2026-02-27 15:22:31.351351351,Van,Warehouse C,Suburban,11.36,Medium,Normal,8,200,39.14,97.26,206.83,46.85,4.46,Yes
D100649,2026-02-27 17:30:48.648648648,Van,Warehouse C,Suburban,15.09,Medium,Rain,9,200,161.21,119.36,213.05,66.93,4.57,Yes
D100650,2026-02-27 19:39:05.945945946,Van,Warehouse B,Suburban,,High,Normal,13,200,85.26,120.19,264.1,110.77,4.6,No
D100651,2026-02-27 21:47:23.243243243,Bike,Warehouse A,Urban,24.37,High,Normal,15,50,34.23,138.21,238.95,33.39,4.27,Yes
D100652,2026-02-27 23:55:40.540540540,Van,Warehouse A,Suburban,3.0,Medium,Normal,10,200,92.02,80.87,197.04,10.0,4.75,Yes
D100653,2026-02-28 02:03:57.837837838,Van,Warehouse A,Suburban,19.94,High,Normal,8,200,21.45,123.4,217.91,84.13,4.19,Yes
D100654,2026-02-28 04:12:15.135135135,Van,Warehouse A,Urban,21.26,Low,Rain,3,200,55.88,108.97,222.35,86.82,5.0,No
D100655,2026-02-28 06:20:32.432432432,Van,Warehouse A,Semi-urban,17.78,Low,Normal,8,200,177.15,88.21,232.92,66.52,4.71,Yes
D100656,2026-02-28 08:28:49.729729729,Bike,Warehouse C,Suburban,30.33,Low,Normal,6,50,38.73,127.39,241.25,52.78,4.6,Yes
D100657,2026-02-28 10:37:07.027027027,Bike,Warehouse B,Semi-urban,23.37,Medium,Rain,13,50,13.15,131.2,262.2,28.56,4.83,Yes
D100658,2026-02-28 12:45:24.324324324,Bike,Warehouse A,Semi-urban,30.48,Medium,Normal,6,50,34.72,132.54,270.12,44.69,5.0,Yes
D100659,2026-02-28 14:53:41.621621621,Van,Warehouse A,Urban,18.27,Medium,Normal,6,200,152.97,96.73,208.08,72.51,4.64,Yes
D100660,2026-02-28 17:01:58.918918919,Van,Warehouse B,Semi-urban,27.5,High,Rain,3,200,111.92,140.08,200.5,102.42,4.24,No
D100661,2026-02-28 19:10:16.216216216,Bike,Warehouse B,Suburban,33.08,Medium,Normal,10,50,26.31,120.2,252.89,35.94,5.0,Yes
D100662,2026-02-28 21:18:33.513513513,Truck,Warehouse B,Rural,42.49,Medium,Normal,1,500,249.33,133.11,363.74,299.18,4.68,Yes
D100663,2026-02-28 23:26:50.810810811,Van,Warehouse C,Urban,11.26,low,Normal,12,200,102.55,83.45,295.66,55.99,4.66,Yes
D100664,2026-03-01 01:35:08.108108108,Bike,Warehouse B,Semi-urban,17.97,Low,Rain,14,50,9.04,112.94,193.65,34.64,4.38,Yes
D100665,2026-03-01 03:43:25.405405405,Bike,Warehouse C,Suburban,17.24,Medium,Rain,4,50,17.35,132.29,176.5,34.08,4.69,Yes
D100666,2026-03-01 05:51:42.702702702,Bike,Warehouse C,Urban,23.91,Medium,Normal,10,50,29.45,114.0,243.77,29.47,,Yes
D100667,2026-03-01 08:00:00.000000000,Bike,Warehouse A,Urban,25.49,High,Normal,12,50,43.56,500.0,245.57,39.95,4.27,Yes
D100668,2026-03-01 10:08:17.297297297,Bike,Warehouse C,Semi-urban,13.29,Low,Rain,6,50,8.82,107.6,207.74,10.0,4.4,Yes
D100669,2026-03-01 12:16:34.594594594,Bike,Warehouse A,Semi-urban,20.54,Low,Normal,11,50,5.9,113.37,206.21,32.16,4.89,Yes
D100670,2026-03-01 14:24:51.891891892,Bike,Warehouse C,Urban,3.84,Medium,Normal,12,50,7.23,69.11,125.26,16.87,4.48,No
D100671,2026-03-01 16:33:09.189189189,Bike,Warehouse A,Suburban,31.54,Low,Normal,10,50,7.1,127.73,230.3,58.67,4.41,Yes
D100672,2026-03-01 18:41:26.486486486,Truck,Warehouse C,Suburban,15.9,Low,Rain,2,500,196.84,98.15,315.53,127.54,4.56,Yes
D100673,2026-03-01 20:49:43.783783784,Bike,Warehouse C,Semi-urban,20.45,Medium,Rain,7,50,33.85,118.04,186.15,38.59,4.89,Yes
D100674,2026-03-01 22:58:01.081081081,Van,Warehouse C,Urban,17.52,Low,Normal,7,200,154.43,93.8,206.42,73.89,4.63,No
D100675,2026-03-02 01:06:18.378378378,Van,Warehouse C,Rural,41.17,Medium,Normal,11,200,29.53,147.52,358.95,171.68,4.65,Yes
D100676,2026-03-02 03:14:35.675675675,Truck,Warehouse A,Urban,3.0,Low,Rain,4,500,108.8,72.04,270.33,26.44,4.77,Yes
D100677,2026-03-02 05:22:52.972972973,Bike,Warehouse A,Suburban,19.87,Low,Normal,4,50,11.23,85.83,180.24,23.35,4.68,Yes
D100678,2026-03-02 07:31:10.270270270,Van,Warehouse B,Urban,19.15,Medium,Storm,15,200,21.64,114.35,297.92,64.48,4.59,Yes
D100679,2026-03-02 09:39:27.567567567,Truck,Warehouse A,Urban,16.37,High,,1,500,328.27,106.2,295.96,121.65,4.31,No
D100680,2026-03-02 11:47:44.864864865,Truck,Warehouse B,Suburban,33.81,Medium,Normal,13,500,139.27,125.36,412.16,253.42,4.67,No
D100681,2026-03-02 13:56:02.162162162,Truck,Warehouse A,Urban,12.9,High,Normal,2,500,82.88,108.93,304.47,97.69,4.69,No
D100682,2026-03-02 16:04:19.459459459,Bike,Warehouse C,Semi-urban,26.17,Low,Normal,9,50,17.66,99.53,202.66,24.15,4.71,Yes
D100683,2026-03-02 18:12:36.756756756,Bike,Warehouse B,Urban,22.85,High,Storm,10,50,6.42,131.17,187.75,30.12,4.08,Yes
D100684,2026-03-02 20:20:54.054054054,Van,Warehouse C,Suburban,30.09,Low,Normal,8,200,158.6,99.49,315.28,118.79,4.67,Yes
D100685,2026-03-02 22:29:11.351351351,Truck,Warehouse A,Urban,14.66,Medium,Rain,8,500,81.0,105.91,312.88,87.77,4.34,Yes
D100686,2026-03-03 00:37:28.648648648,Van,Warehouse C,Urban,14.14,Medium,Normal,9,200,172.62,98.65,266.03,45.54,4.83,Yes
D100687,2026-03-03 02:45:45.945945946,Van,Warehouse C,Urban,28.77,High,Normal,15,200,159.66,135.91,337.25,114.78,4.6,Yes
D100688,2026-03-03 04:54:03.243243243,Bike,Warehouse B,Suburban,23.4,Medium,Normal,7,50,8.46,101.58,192.68,37.19,4.89,No
D100689,2026-03-03 07:02:20.540540540,Van,Warehouse B,Suburban,7.64,Low,Normal,13,200,155.28,79.7,229.24,22.67,4.62,No
D100690,2026-03-03 09:10:37.837837838,Bike,Warehouse C,Suburban,15.69,Low,Storm,9,50,40.94,124.6,244.11,12.15,4.37,Yes
D100691,2026-03-03 11:18:55.135135135,Bike,Warehouse A,Suburban,23.09,High,Normal,10,50,42.65,119.08,235.83,44.18,4.4,Yes
D100692,2026-03-03 13:27:12.432432432,Van,Warehouse B,Suburban,26.7,Medium,Normal,12,200,52.55,130.19,306.68,103.74,4.75,Yes
D100693,2026-03-03 15:35:29.729729729,Van,Warehouse A,Urban,14.57,High,Normal,2,200,42.23,84.75,176.33,56.36,4.45,Yes
D100694,2026-03-03 17:43:47.027027027,Bike,Warehouse A,Suburban,3.0,Low,Normal,6,50,18.32,63.16,158.71,10.0,4.73,Yes
D100695,2026-03-03 19:52:04.324324324,Bike,Warehouse A,Rural,36.19,Medium,Normal,15,50,22.06,157.44,329.95,48.12,4.45,Yes
D100696,2026-03-03 22:00:21.621621621,Van,Warehouse A,Suburban,,Low,Rain,3,200,156.74,85.22,163.37,51.38,4.72,No
D100697,2026-03-04 00:08:38.918918919,Bike,Warehouse A,Semi-urban,3.86,High,Normal,11,50,5.89,104.16,188.22,10.0,4.5,Yes
D100698,2026-03-04 02:16:56.216216216,Van,Warehouse A,Urban,3.0,Medium,Normal,15,200,75.85,92.78,,13.44,5.0,Yes
D100699,2026-03-04 04:25:13.513513513,Bike,Warehouse C,Semi-urban,26.51,High,Normal,6,50,27.17,150.49,190.33,39.83,4.08,Yes
D100700,2026-03-04 06:33:30.810810811,Van,Warehouse B,Semi-urban,21.03,Low,Storm,3,200,175.02,117.65,208.36,68.53,7.0,Yes
D100701,2026-03-04 08:41:48.108108108,Van,Warehouse C,Suburban,18.19,Medium,Normal,8,200,53.34,121.88,258.34,74.69,,Yes
D100702,2026-03-04 10:50:05.405405405,Bike,Warehouse B,Rural,43.11,Medium,Normal,15,50,31.6,154.28,305.22,52.31,4.55,Yes
D100703,2026-03-04 12:58:22.702702702,Bike,Warehouse A,Urban,25.1,Medium,Normal,11,50,32.63,119.65,202.84,42.73,4.85,No
D100704,2026-03-04 15:06:40.000000000,Bike,Warehouse B,Urban,32.93,High,Normal,15,50,36.48,157.21,272.33,39.9,4.12,Yes
D100705,2026-03-04 17:14:57.297297297,Bike,Warehouse B,Semi-urban,8.86,HIGH,Normal,13,50,9.65,96.79,164.97,17.47,4.04,No
D100706,2026-03-04 19:23:14.594594594,Truck,Warehouse A,Semi-urban,19.72,High,Normal,4,500,94.58,91.83,305.99,134.6,4.5,Yes
D100707,2026-03-04 21:31:31.891891892,Bike,Warehouse B,Urban,7.07,Medium,Rain,12,50,43.73,105.83,148.35,10.0,4.72,Yes
D100708,2026-03-04 23:39:49.189189189,Truck,Warehouse A,Urban,18.16,Low,Normal,10,500,102.81,87.02,369.2,128.8,4.65,Yes
D100709,2026-03-05 01:48:06.486486486,Bike,Warehouse B,Urban,18.01,Low,Rain,6,50,40.36,96.01,182.05,15.24,4.62,Yes
D100710,2026-03-05 03:56:23.783783783,Van,Warehouse B,Urban,25.01,High,Normal,15,200,91.42,158.37,287.15,99.49,4.2,Yes
D100711,2026-03-05 06:04:41.081081081,Van,Warehouse A,Semi-urban,20.36,Low,Normal,9,200,173.28,104.94,239.82,87.7,4.6,Yes
D100712,2026-03-05 08:12:58.378378378,Van,Warehouse A,Suburban,24.99,Medium,Normal,2,200,139.69,125.38,231.67,108.3,4.61,Yes
D100713,2026-03-05 10:21:15.675675675,Van,Warehouse C,Urban,25.63,Medium,Normal,2,200,90.45,110.47,235.79,98.82,4.51,Yes
D100714,2026-03-05 12:29:32.972972973,Van,Warehouse B,Suburban,37.24,Medium,Rain,7,200,64.1,155.53,309.65,146.43,4.4,No
D100715,2026-03-05 14:37:50.270270270,Bike,Warehouse A,Urban,17.48,High,Normal,15,50,24.34,125.05,240.42,14.28,4.44,Yes
D100716,2026-03-05 16:46:07.567567567,Truck,Warehouse C,Urban,12.47,Medium,Normal,2,500,182.15,74.45,287.3,81.28,4.49,Yes
D100717,2026-03-05 18:54:24.864864865,Truck,Warehouse A,Suburban,21.97,Medium,Normal,2,500,160.46,107.46,327.94,141.31,4.87,Yes
D100718,2026-03-05 21:02:42.162162162,Truck,Warehouse B,Rural,25.58,Low,Storm,4,500,174.05,122.8,383.11,182.58,4.22,No
D100719,2026-03-05 23:10:59.459459459,Bike,Warehouse C,Semi-urban,31.86,Medium,Normal,9,50,24.57,138.67,295.73,54.53,4.72,Yes
D100720,2026-03-06 01:19:16.756756756,Van,Warehouse A,Urban,17.73,Low,Rain,8,200,120.11,96.76,203.69,67.29,4.77,Yes
D100721,2026-03-06 03:27:34.054054054,Truck,Warehouse A,Rural,27.48,Medium,Normal,2,500,387.93,111.21,305.94,183.89,4.82,Yes
D100722,2026-03-06 05:35:51.351351351,Bike,Warehouse A,Semi-urban,16.23,High,Normal,8,50,9.31,113.51,169.43,26.81,4.47,No
D100723,2026-03-06 07:44:08.648648648,Bike,Warehouse A,Semi-urban,25.75,High,Normal,4,50,24.5,138.27,217.73,31.68,4.34,Yes
D100724,2026-03-06 09:52:25.945945946,Van,Warehouse A,Suburban,18.74,Low,Normal,2,200,131.59,81.24,218.11,80.34,4.67,Yes
D100725,2026-03-06 12:00:43.243243243,Van,Warehouse B,Suburban,14.87,Medium,Normal,11,200,52.96,113.11,263.81,74.96,4.79,No
D100726,2026-03-06 14:09:00.540540540,Truck,Warehouse A,Urban,33.32,High,Normal,10,500,143.78,142.59,400.13,226.16,4.39,Yes
D100727,2026-03-06 16:17:17.837837838,Bike,Warehouse B,Urban,13.15,Low,Rain,7,50,29.88,94.5,111.31,13.79,4.65,Yes
D100728,2026-03-06 18:25:35.135135135,Van,Warehouse C,Urban,20.28,Low,Rain,6,200,52.64,97.68,201.01,69.44,4.76,Yes
D100729,2026-03-06 20:33:52.432432432,Bike,Warehouse C,Urban,25.22,Low,Rain,14,50,8.8,137.6,260.04,39.0,4.67,Yes
D100730,2026-03-06 22:42:09.729729729,Bike,Warehouse B,Suburban,6.95,Medium,Normal,10,50,20.6,75.71,175.73,11.05,4.61,Yes
D100731,2026-03-07 00:50:27.027027027,Bike,Warehouse A,Semi-urban,23.84,Low,Normal,5,50,21.26,93.01,147.46,33.6,4.64,No
D100732,2026-03-07 02:58:44.324324324,Truck,Warehouse B,Suburban,11.56,High,Normal,11,500,163.51,97.06,358.82,81.05,4.42,Yes
D100733,2026-03-07 05:07:01.621621621,Van,Warehouse B,Urban,26.58,Medium,Rain,1,200,91.16,120.69,248.25,97.97,4.56,Yes
D100734,2026-03-07 07:15:18.918918919,Van,Warehouse B,Rural,24.3,Medium,Rain,2,200,11.41,122.51,230.3,83.89,4.87,No
D100735,2026-03-07 09:23:36.216216216,Bike,Warehouse A,Rural,37.54,Low,Normal,8,50,16.41,136.91,252.0,50.24,4.62,No
D100736,2026-03-07 11:31:53.513513513,Truck,Warehouse C,Semi-urban,28.85,Medium,Normal,1,500,302.93,112.76,385.95,186.63,4.36,Yes
D100737,2026-03-07 13:40:10.810810810,Van,Warehouse B,Rural,38.89,Medium,Normal,3,200,150.38,130.67,320.76,148.48,4.78,Yes
D100738,2026-03-07 15:48:28.108108108,Truck,Warehouse A,Suburban,22.01,High,,2,500,105.62,114.23,334.71,156.55,3.94,Yes
D100739,2026-03-07 17:56:45.405405405,Van,Warehouse A,Rural,30.15,High,Normal,5,200,158.11,135.39,253.34,121.08,4.2,Yes
D100740,2026-03-07 20:05:02.702702702,Bike,Warehouse B,Urban,15.39,Medium,Normal,4,50,10.1,94.31,194.99,10.0,5.0,Yes
D100741,2026-03-07 22:13:20.000000000,Van,Warehouse C,Suburban,31.77,High,Normal,13,200,78.13,154.88,319.19,135.47,4.31,Yes
D100742,2026-03-08 00:21:37.297297297,Bike,Warehouse B,Urban,14.4,High,,7,50,28.79,126.7,172.96,20.04,4.5,Yes
D100743,2026-03-08 02:29:54.594594594,Van,Warehouse C,Urban,11.7,High,Normal,5,200,173.23,101.3,195.97,36.41,4.18,Yes
D100744,2026-03-08 04:38:11.891891892,Van,Warehouse A,Urban,25.32,Low,Storm,8,200,85.32,136.25,247.21,98.37,4.37,Yes
D100745,2026-03-08 06:46:29.189189189,Bike,Warehouse B,Suburban,13.63,Low,Normal,4,50,37.1,78.97,155.24,15.78,4.89,Yes
D100746,2026-03-08 08:54:46.486486486,Truck,Warehouse B,Semi-urban,12.4,Low,Normal,15,500,246.84,89.03,364.5,79.86,4.8,Yes
D100747,2026-03-08 11:03:03.783783783,Van,Warehouse A,Suburban,8.45,Medium,Normal,12,200,110.66,93.44,204.45,40.3,4.87,Yes
D100748,2026-03-08 13:11:21.081081081,Van,Warehouse A,Urban,16.14,Medium,Normal,6,200,23.42,92.07,223.64,55.71,4.97,Yes
D100749,2026-03-08 15:19:38.378378378,Truck,Warehouse C,Semi-urban,19.34,Medium,Normal,4,500,340.46,99.1,322.69,136.86,4.8,Yes
D100750,2026-03-08 17:27:55.675675675,Van,Warehouse A,Suburban,21.94,High,Rain,2,200,92.6,138.47,245.03,77.03,4.17,Yes
D100751,2026-03-08 19:36:12.972972973,Bike,Warehouse B,Suburban,27.61,High,Normal,1,50,7.64,121.87,183.49,41.12,4.44,No
D100752,2026-03-08 21:44:30.270270270,Truck,Warehouse A,Semi-urban,24.22,High,Normal,14,500,425.04,143.31,397.39,171.66,4.31,Yes
D100753,2026-03-08 23:52:47.567567567,Van,Warehouse A,Urban,18.47,Medium,Normal,14,200,49.67,88.13,278.5,76.02,4.51,Yes
D100754,2026-03-09 02:01:04.864864865,Bike,Warehouse A,Urban,18.41,Medium,Normal,1,50,27.52,91.47,,28.26,4.83,Yes
D100755,2026-03-09 04:09:22.162162162,Bike,Warehouse C,Rural,36.08,Low,Rain,8,50,19.26,134.24,240.9,52.21,4.88,Yes
D100756,2026-03-09 06:17:39.459459459,Van,Warehouse C,Urban,30.18,Low,Rain,14,200,45.78,137.56,300.19,112.21,4.69,Yes
D100757,2026-03-09 08:25:56.756756756,Van,Warehouse C,Suburban,21.01,Low,Normal,4,200,105.38,90.66,238.47,75.62,4.75,Yes
D100758,2026-03-09 10:34:14.054054054,Van,Warehouse B,Rural,28.25,Medium,Rain,5,200,148.77,130.42,257.77,115.39,4.39,Yes
D100759,2026-03-09 12:42:31.351351351,Truck,Warehouse A,Semi-urban,12.06,Medium,Normal,11,500,390.32,91.83,319.44,74.33,4.87,Yes
D100760,2026-03-09 14:50:48.648648648,Van,Warehouse B,Urban,8.44,High,Storm,8,200,115.4,127.74,210.55,21.83,4.17,No
D100761,2026-03-09 16:59:05.945945946,Bike,Warehouse B,Urban,25.33,Low,normal,12,50,32.35,96.51,261.87,49.43,4.74,Yes
D100762,2026-03-09 19:07:23.243243243,Bike,Warehouse C,Urban,24.62,Medium,Storm,15,50,36.68,152.85,278.2,34.85,4.01,Yes
D100763,2026-03-09 21:15:40.540540540,Bike,Warehouse A,Suburban,24.62,Medium,Rain,7,50,16.71,115.37,193.09,42.01,4.45,Yes
D100764,2026-03-09 23:23:57.837837838,Van,Warehouse B,Suburban,18.97,Low,Normal,13,200,64.85,114.12,287.74,82.87,5.0,No
D100765,2026-03-10 01:32:15.135135135,Bike,Warehouse A,Urban,31.26,Medium,Normal,8,50,24.51,119.99,293.42,47.3,4.55,No
D100766,2026-03-10 03:40:32.432432432,Van,Warehouse A,Rural,28.13,Low,Storm,13,200,53.09,155.71,306.3,109.51,4.22,Yes
D100767,2026-03-10 05:48:49.729729729,Van,Warehouse B,Suburban,27.64,Medium,Rain,8,200,133.3,132.16,274.26,107.68,4.55,Yes
D100768,2026-03-10 07:57:07.027027027,Truck,Warehouse B,Urban,,Medium,Normal,6,500,195.21,85.09,325.65,150.69,4.36,Yes
D100769,2026-03-10 10:05:24.324324324,Bike,Warehouse A,Suburban,15.13,Low,Normal,10,50,22.76,81.5,156.95,18.22,4.77,Yes
D100770,2026-03-10 12:13:41.621621621,Truck,Warehouse A,Semi-urban,24.74,Low,Normal,2,500,137.68,105.96,354.96,174.59,4.79,Yes
D100771,2026-03-10 14:21:58.918918919,Bike,Warehouse B,Urban,23.28,Medium,Normal,6,50,12.95,118.47,196.05,40.34,4.45,Yes
D100772,2026-03-10 16:30:16.216216216,Truck,Warehouse C,Urban,22.86,High,Normal,14,500,334.33,123.73,382.27,162.03,4.52,No
D100773,2026-03-10 18:38:33.513513513,Bike,Warehouse C,Semi-urban,20.65,Medium,Normal,1,50,44.97,113.43,178.91,39.65,4.62,Yes
D100774,2026-03-10 20:46:50.810810810,Van,Warehouse C,Suburban,19.7,Medium,Rain,1,200,44.16,105.65,227.23,75.71,4.54,No
D100775,2026-03-10 22:55:08.108108108,Van,Warehouse C,Suburban,39.11,Medium,Normal,11,200,168.19,158.57,324.24,161.83,4.33,Yes
D100776,2026-03-11 01:03:25.405405405,Bike,Warehouse A,Suburban,29.47,High,Rain,3,50,31.37,131.32,2000.0,29.85,4.48,No
D100777,2026-03-11 03:11:42.702702702,Bike,Warehouse B,Urban,25.78,High,Normal,3,50,16.76,121.5,177.74,49.45,4.06,Yes
D100778,2026-03-11 05:20:00.000000000,Van,Warehouse B,Urban,20.89,medium,Normal,11,200,133.5,117.44,315.58,92.55,4.51,Yes
D100779,2026-03-11 07:28:17.297297297,Van,Warehouse A,Suburban,28.06,Medium,Normal,13,200,69.94,,339.78,109.8,4.76,Yes
D100780,2026-03-11 09:36:34.594594594,Van,Warehouse C,Urban,24.14,High,Normal,5,200,131.02,96.57,264.06,100.07,4.39,Yes
D100781,2026-03-11 11:44:51.891891892,Van,Warehouse A,Urban,20.21,Medium,Normal,1,200,123.3,95.01,200.5,87.97,4.55,No
D100782,2026-03-11 13:53:09.189189189,Van,Warehouse C,Semi-urban,17.57,medium,Normal,10,200,128.49,85.49,237.37,61.98,4.89,Yes
D100783,2026-03-11 16:01:26.486486486,Bike,Warehouse B,Rural,31.35,low,Normal,6,50,37.19,105.99,240.76,45.87,4.53,Yes
D100784,2026-03-11 18:09:43.783783783,Bike,Warehouse B,Semi-urban,3.0,High,Normal,7,50,10.52,72.47,172.83,10.0,4.32,Yes
D100785,2026-03-11 20:18:01.081081081,Bike,Warehouse B,Semi-urban,21.68,High,Normal,10,50,36.04,500.0,218.28,41.63,4.3,No
D100786,2026-03-11 22:26:18.378378378,Truck,Warehouse C,Urban,16.09,Low,Normal,12,500,248.36,109.64,360.3,119.21,4.65,Yes
D100787,2026-03-12 00:34:35.675675675,Van,Warehouse B,Rural,44.74,Medium,Rain,13,200,111.46,177.4,309.18,176.71,4.47,Yes
D100788,2026-03-12 02:42:52.972972973,Van,Warehouse B,Urban,20.15,Medium,Rain,11,200,82.76,119.5,266.07,77.42,4.67,Yes
D100789,2026-03-12 04:51:10.270270270,Van,Warehouse A,Rural,22.49,Low,Normal,3,200,170.2,94.76,194.61,88.77,4.66,Yes
D100790,2026-03-12 06:59:27.567567567,Truck,Warehouse B,Rural,31.6,High,Normal,4,500,163.12,150.52,360.55,214.02,4.12,No
D100791,2026-03-12 09:07:44.864864865,Bike,Warehouse A,Semi-urban,11.63,Low,Normal,10,50,29.06,63.43,170.02,16.05,4.86,Yes
D100792,2026-03-12 11:16:02.162162162,Van,Warehouse B,Rural,35.79,Low,Storm,11,200,179.58,147.33,317.77,134.86,4.37,Yes
D100793,2026-03-12 13:24:19.459459459,Van,Warehouse B,Suburban,22.33,medium,Normal,10,200,160.21,124.7,247.89,96.51,4.8,Yes
D100794,2026-03-12 15:32:36.756756756,Van,Warehouse B,Urban,27.66,Medium,Normal,14,200,146.83,143.44,290.5,119.74,4.72,Yes
D100795,2026-03-12 17:40:54.054054054,Bike,Warehouse A,Suburban,13.67,Low,Normal,12,50,7.65,96.24,182.14,28.07,4.75,Yes
D100796,2026-03-12 19:49:11.351351351,Truck,Warehouse A,Suburban,20.27,Medium,normal,15,500,100.36,107.59,373.77,132.34,4.82,Yes
D100797,2026-03-12 21:57:28.648648648,Truck,Warehouse B,Urban,9.08,Medium,Normal,10,500,149.32,98.06,308.64,61.89,4.53,Yes
D100798,2026-03-13 00:05:45.945945946,Van,Warehouse A,Suburban,25.61,Low,Rain,14,200,58.3,140.83,296.2,107.12,4.79,Yes
D100799,2026-03-13 02:14:03.243243243,Van,Warehouse A,Rural,36.15,Low,Normal,10,200,35.81,139.48,353.8,150.75,4.67,Yes
D100800,2026-03-13 04:22:20.540540540,Truck,Warehouse A,Urban,23.97,Medium,Normal,10,500,371.54,93.0,319.43,153.08,4.56,Yes
D100801,2026-03-13 06:30:37.837837838,Van,Warehouse C,Semi-urban,20.01,Low,Normal,3,200,59.7,90.77,225.17,85.96,4.82,Yes
D100802,2026-03-13 08:38:55.135135135,Bike,Warehouse B,Rural,35.32,High,Normal,1,50,40.18,147.99,225.12,43.03,4.29,No
D100803,2026-03-13 10:47:12.432432432,Van,Warehouse A,Rural,44.83,High,Rain,8,200,152.11,176.5,344.93,178.09,4.21,No
D100804,2026-03-13 12:55:29.729729729,Van,Warehouse A,Rural,29.72,High,Normal,13,200,153.34,150.81,292.18,128.94,3.74,Yes
D100805,2026-03-13 15:03:47.027027027,Van,Warehouse A,Suburban,21.11,Low,Rain,10,200,140.02,107.09,254.92,93.42,4.81,Yes
D100806,2026-03-13 17:12:04.324324324,Van,Warehouse C,Rural,23.31,High,Normal,10,200,159.15,123.0,227.06,103.85,4.74,Yes
D100807,2026-03-13 19:20:21.621621621,Truck,Warehouse B,Semi-urban,13.05,Medium,Normal,2,500,136.45,99.21,289.98,82.82,4.7,No
D100808,2026-03-13 21:28:38.918918919,Truck,Warehouse A,Urban,20.78,Medium,Storm,1,500,397.9,125.21,321.98,138.91,4.36,No
D100809,2026-03-13 23:36:56.216216216,Van,Warehouse A,Suburban,28.83,Low,Normal,14,200,56.77,112.6,293.48,110.82,4.63,Yes
D100810,2026-03-14 01:45:13.513513513,Bike,Warehouse A,Semi-urban,17.95,Low,Rain,8,50,21.94,89.13,233.91,25.75,4.78,Yes
D100811,2026-03-14 03:53:30.810810810,Truck,Warehouse B,Urban,18.11,Medium,Normal,7,500,246.31,93.11,328.05,128.5,4.65,Yes
D100812,2026-03-14 06:01:48.108108108,Truck,Warehouse C,Suburban,16.74,Medium,Rain,7,500,439.61,100.42,326.41,127.4,4.8,Yes
D100813,2026-03-14 08:10:05.405405405,Bike,Warehouse A,Semi-urban,15.72,Low,Normal,4,50,20.78,83.91,189.42,16.15,4.96,Yes
D100814,2026-03-14 10:18:22.702702702,Truck,Warehouse A,Urban,22.36,Medium,Normal,11,500,341.36,121.08,422.47,151.49,4.83,Yes
D100815,2026-03-14 12:26:40.000000000,Truck,Warehouse A,Suburban,8.02,Low,Rain,9,500,187.48,89.38,270.6,67.53,4.67,No
D100816,2026-03-14 14:34:57.297297297,Van,Warehouse C,Semi-urban,30.25,Medium,Storm,6,200,167.1,142.0,262.62,111.73,4.23,Yes
D100817,2026-03-14 16:43:14.594594594,Van,Warehouse A,Suburban,14.68,Medium,Rain,2,200,173.29,106.57,189.09,64.53,4.64,Yes
D100818,2026-03-14 18:51:31.891891892,Van,Warehouse C,Urban,25.78,High,Rain,14,200,38.16,164.84,279.7,102.41,4.13,Yes
D100819,2026-03-14 20:59:49.189189189,Bike,Warehouse B,Urban,9.84,High,Rain,1,50,38.78,98.58,137.48,17.86,4.15,Yes
D100820,2026-03-14 23:08:06.486486486,Bike,Warehouse A,Suburban,25.35,Medium,Normal,1,50,28.29,96.88,160.15,31.53,4.86,No
D100821,2026-03-15 01:16:23.783783783,Truck,Warehouse A,Rural,37.38,Medium,Normal,9,500,419.6,144.26,453.66,267.32,4.79,Yes
D100822,2026-03-15 03:24:41.081081081,Bike,Warehouse A,Urban,23.07,Medium,Normal,4,50,30.46,,202.49,29.37,4.54,Yes
D100823,2026-03-15 05:32:58.378378378,Bike,Warehouse B,Suburban,12.04,High,Normal,5,50,38.36,91.0,174.67,10.0,4.08,Yes
D100824,2026-03-15 07:41:15.675675675,Van,Warehouse C,Urban,22.0,Medium,Normal,3,200,70.25,98.24,206.19,91.84,4.81,Yes
D100825,2026-03-15 09:49:32.972972973,Van,Warehouse B,Urban,10.54,Low,Normal,4,200,30.47,72.65,174.68,22.14,4.45,Yes
D100826,2026-03-15 11:57:50.270270270,Truck,Warehouse B,Semi-urban,17.98,Low,Normal,12,500,166.41,104.38,377.97,121.32,4.71,No
D100827,2026-03-15 14:06:07.567567567,Bike,Warehouse A,Semi-urban,28.24,Medium,Normal,8,50,22.22,103.62,246.52,44.69,4.64,Yes
D100828,2026-03-15 16:14:24.864864865,Bike,Warehouse C,Urban,26.37,Medium,Normal,13,50,23.69,140.3,238.58,45.62,4.82,Yes
D100829,2026-03-15 18:22:42.162162162,Van,Warehouse C,Suburban,20.12,High,Normal,4,200,12.17,129.16,220.89,90.29,4.47,No
D100830,2026-03-15 20:30:59.459459459,Van,Warehouse A,Urban,12.2,Low,Normal,9,200,97.28,78.65,205.38,63.02,4.58,Yes
D100831,2026-03-15 22:39:16.756756756,Bike,Warehouse C,Suburban,25.16,Medium,Rain,9,50,26.7,155.89,216.39,49.51,4.63,Yes
D100832,2026-03-16 00:47:34.054054054,Van,Warehouse B,Semi-urban,20.16,High,Rain,6,200,151.63,141.6,210.54,82.17,,Yes
D100833,2026-03-16 02:55:51.351351351,Bike,Warehouse B,Urban,3.0,High,Normal,2,50,37.4,90.74,64.27,13.5,4.35,Yes
D100834,2026-03-16 05:04:08.648648648,Bike,Warehouse B,Urban,26.26,Medium,Normal,12,50,27.23,137.4,265.43,40.8,4.71,No
D100835,2026-03-16 07:12:25.945945946,Van,Warehouse C,Suburban,19.81,Medium,Normal,10,200,23.29,121.21,248.07,84.73,5.0,Yes
D100836,2026-03-16 09:20:43.243243243,Van,Warehouse B,Rural,41.62,Medium,Normal,11,200,27.53,154.52,378.59,161.69,4.48,Yes
D100837,2026-03-16 11:29:00.540540540,Truck,Warehouse A,Rural,23.24,High,Normal,7,500,377.13,125.77,367.51,166.38,4.1,Yes
D100838,2026-03-16 13:37:17.837837837,Bike,Warehouse A,Urban,3.0,Low,Normal,9,50,19.33,55.06,135.4,10.0,4.59,Yes
D100839,2026-03-16 15:45:35.135135135,Van,Warehouse C,Semi-urban,22.23,High,Normal,6,200,175.51,117.69,225.61,87.53,4.46,Yes
D100840,2026-03-16 17:53:52.432432432,Van,Warehouse A,Suburban,22.33,Medium,Normal,3,200,13.1,101.05,198.52,93.04,4.66,Yes
D100841,2026-03-16 20:02:09.729729729,Bike,Warehouse A,Suburban,6.47,Medium,Storm,14,50,26.87,114.59,155.75,26.44,4.4,No
D100842,2026-03-16 22:10:27.027027027,Van,Warehouse B,Semi-urban,12.17,Low,Storm,15,200,42.26,132.82,284.41,51.84,4.34,Yes
D100843,2026-03-17 00:18:44.324324324,Bike,Warehouse B,Rural,54.04,Medium,Normal,7,50,24.86,152.56,354.19,80.97,4.08,Yes
D100844,2026-03-17 02:27:01.621621621,Truck,Warehouse B,Rural,29.56,Medium,Normal,5,500,234.05,135.07,355.39,200.27,4.58,Yes
D100845,2026-03-17 04:35:18.918918919,Bike,Warehouse C,Suburban,25.85,Low,Normal,1,50,42.09,88.08,172.43,45.94,4.69,Yes
D100846,2026-03-17 06:43:36.216216216,Van,Warehouse A,Suburban,14.79,Medium,Normal,3,200,89.62,88.03,173.89,56.48,4.43,Yes
D100847,2026-03-17 08:51:53.513513513,Bike,Warehouse A,Semi-urban,3.28,High,Storm,5,50,21.31,101.82,70.1,10.0,3.87,Yes
D100848,2026-03-17 11:00:10.810810810,Truck,Warehouse A,Urban,18.64,Medium,Normal,7,500,276.82,121.32,335.83,136.1,4.65,Yes
D100849,2026-03-17 13:08:28.108108108,Van,Warehouse C,Suburban,17.88,Medium,Rain,3,200,8.51,100.26,253.22,81.63,4.65,Yes
D100850,2026-03-17 15:16:45.405405405,Van,Warehouse B,Suburban,16.8,Low,Normal,6,200,160.83,92.81,264.0,73.94,4.76,Yes
D100851,2026-03-17 17:25:02.702702702,Bike,Warehouse A,Semi-urban,19.08,Medium,Storm,5,50,24.98,131.39,190.33,18.83,4.36,No
D100852,2026-03-17 19:33:20.000000000,Van,Warehouse C,Urban,22.11,Low,Normal,13,200,147.08,97.12,262.8,74.7,4.75,Yes
D100853,2026-03-17 21:41:37.297297297,Bike,Warehouse C,Urban,18.8,Medium,Rain,1,50,22.63,103.13,117.72,33.81,4.59,No
D100854,2026-03-17 23:49:54.594594594,Truck,Warehouse C,Rural,21.89,High,Normal,10,500,218.15,140.82,388.11,153.92,4.38,Yes
D100855,2026-03-18 01:58:11.891891892,Bike,Warehouse C,Urban,23.89,Medium,Normal,6,50,40.88,103.05,211.52,38.97,4.92,No
D100856,2026-03-18 04:06:29.189189189,Bike,Warehouse A,Suburban,,Low,Normal,14,50,20.79,83.11,150.62,20.37,4.74,Yes
D100857,2026-03-18 06:14:46.486486486,Bike,Warehouse C,Urban,18.0,Medium,Normal,8,50,43.13,70.89,113.04,10.0,4.66,No
D100858,2026-03-18 08:23:03.783783783,Van,Warehouse B,Urban,25.91,Medium,Storm,13,200,153.74,162.96,308.83,113.97,4.06,Yes
D100859,2026-03-18 10:31:21.081081081,Van,Warehouse C,Urban,24.06,Medium,Rain,13,200,132.08,150.09,265.39,91.39,4.51,Yes
D100860,2026-03-18 12:39:38.378378378,Bike,Warehouse B,Urban,19.54,High,Rain,1,50,5.33,100.5,163.05,41.83,4.32,No
D100861,2026-03-18 14:47:55.675675675,Van,Warehouse C,Semi-urban,8.84,High,Normal,2,200,57.33,77.3,136.63,41.36,4.43,Yes
D100862,2026-03-18 16:56:12.972972973,Van,Warehouse B,Urban,14.34,Medium,Rain,14,200,60.4,110.29,305.94,45.3,4.43,Yes
D100863,2026-03-18 19:04:30.270270270,Van,Warehouse A,Rural,29.9,Medium,Normal,15,200,122.46,151.95,303.4,116.26,4.47,Yes
D100864,2026-03-18 21:12:47.567567567,Van,Warehouse B,Suburban,7.23,Low,Normal,4,200,10.5,70.78,186.58,44.25,4.76,Yes
D100865,2026-03-18 23:21:04.864864864,Van,Warehouse C,Suburban,14.09,Low,Normal,12,200,132.14,78.73,209.23,70.68,4.72,Yes
D100866,2026-03-19 01:29:22.162162162,Van,Warehouse C,Suburban,25.22,Medium,Normal,2,200,151.26,115.23,231.84,105.71,4.65,Yes
D100867,2026-03-19 03:37:39.459459459,Bike,Warehouse A,Suburban,31.42,Medium,Normal,11,50,6.02,125.2,279.08,49.96,4.65,Yes
D100868,2026-03-19 05:45:56.756756756,Bike,Warehouse A,Semi-urban,16.64,Medium,Normal,9,50,7.54,110.49,212.41,26.88,4.54,Yes
D100869,2026-03-19 07:54:14.054054054,Truck,Warehouse A,Urban,26.05,Medium,Normal,10,500,270.58,127.49,398.49,185.85,4.76,No
D100870,2026-03-19 10:02:31.351351351,Truck,Warehouse B,Suburban,4.69,Low,Rain,8,500,333.71,67.2,276.24,31.7,4.76,Yes
D100871,2026-03-19 12:10:48.648648648,Bike,Warehouse C,Rural,37.28,Medium,Normal,8,50,26.84,140.9,249.93,65.61,4.49,Yes
D100872,2026-03-19 14:19:05.945945946,Bike,Warehouse A,Rural,25.57,Low,Normal,4,50,6.37,114.39,170.45,42.98,4.81,Yes
D100873,2026-03-19 16:27:23.243243243,Van,Warehouse B,Rural,34.46,Low,Normal,5,200,94.71,102.5,327.33,130.12,4.6,Yes
D100874,2026-03-19 18:35:40.540540540,Van,Warehouse C,Suburban,18.02,High,Normal,4,200,168.5,115.05,218.27,77.32,4.29,Yes
D100875,2026-03-19 20:43:57.837837837,Bike,Warehouse B,Semi-urban,30.56,Low,Normal,13,50,28.76,114.55,270.56,47.16,4.98,Yes
D100876,2026-03-19 22:52:15.135135135,Bike,Warehouse B,Suburban,13.0,Medium,Normal,9,50,10.94,94.34,198.73,17.0,4.94,Yes
D100877,2026-03-20 01:00:32.432432432,Van,Warehouse B,Suburban,25.02,Low,Normal,13,200,51.71,119.12,304.75,115.27,4.48,Yes
D100878,2026-03-20 03:08:49.729729729,Van,Warehouse B,Urban,17.76,High,Normal,2,200,167.66,128.65,201.41,71.87,4.16,Yes
D100879,2026-03-20 05:17:07.027027027,Bike,Warehouse A,Suburban,18.73,Medium,Normal,13,50,44.96,111.7,232.28,12.44,4.54,Yes
D100880,2026-03-20 07:25:24.324324324,Bike,Warehouse B,Urban,18.53,Low,Rain,11,50,44.49,123.22,187.26,25.86,4.94,Yes
D100881,2026-03-20 09:33:41.621621621,Bike,Warehouse B,Urban,13.23,Medium,Normal,8,50,40.27,85.06,126.79,27.79,4.61,Yes
D100882,2026-03-20 11:41:58.918918919,Van,Warehouse C,Semi-urban,19.89,Medium,Normal,2,200,134.43,92.83,248.83,72.15,4.48,Yes
D100883,2026-03-20 13:50:16.216216216,Bike,Warehouse B,Urban,19.5,High,Rain,1,50,32.46,126.37,143.42,36.93,4.53,Yes
D100884,2026-03-20 15:58:33.513513513,Bike,Warehouse C,Urban,21.93,Low,Normal,10,50,21.66,105.88,204.5,24.91,4.79,Yes
D100885,2026-03-20 18:06:50.810810810,Van,Warehouse A,Urban,20.68,High,Normal,3,200,34.64,112.58,216.45,93.41,4.69,Yes
D100886,2026-03-20 20:15:08.108108108,Bike,Warehouse B,Rural,38.38,High,Rain,9,50,17.38,166.7,261.14,52.99,4.24,Yes
D100887,2026-03-20 22:23:25.405405405,Van,Warehouse A,Suburban,27.39,High,Normal,12,200,130.82,156.11,322.57,106.75,4.15,Yes
D100888,2026-03-21 00:31:42.702702702,Bike,Warehouse A,Suburban,11.6,Medium,Normal,3,50,25.95,79.82,143.08,13.99,4.74,Yes
D100889,2026-03-21 02:40:00.000000000,Bike,Warehouse B,Semi-urban,26.95,Medium,Normal,9,50,5.98,112.19,220.6,45.2,4.63,No
D100890,2026-03-21 04:48:17.297297297,Bike,Warehouse C,Semi-urban,10.51,Medium,Normal,7,50,36.63,77.97,117.25,30.52,4.9,Yes
D100891,2026-03-21 06:56:34.594594594,Van,Warehouse A,Urban,24.7,High,Normal,13,200,159.43,145.6,296.33,98.92,4.55,Yes
D100892,2026-03-21 09:04:51.891891892,Truck,Warehouse B,Semi-urban,24.96,Medium,Normal,10,500,363.86,142.49,313.57,174.63,4.46,Yes
D100893,2026-03-21 11:13:09.189189189,Truck,Warehouse C,Semi-urban,4.71,Medium,Normal,1,500,156.56,60.68,250.6,28.38,4.84,Yes
D100894,2026-03-21 13:21:26.486486486,Van,Warehouse A,Semi-urban,20.74,Medium,Normal,10,200,85.84,132.97,,69.94,4.54,Yes
D100895,2026-03-21 15:29:43.783783783,Van,Warehouse B,Urban,16.25,Medium,Normal,5,200,152.84,94.89,214.86,61.21,5.0,Yes
D100896,2026-03-21 17:38:01.081081081,Bike,Warehouse B,Rural,25.93,High,Normal,9,50,41.54,132.56,254.06,28.82,4.58,Yes
D100897,2026-03-21 19:46:18.378378378,Bike,Warehouse B,Suburban,30.81,Low,Normal,12,50,21.63,115.52,228.67,31.12,4.53,Yes
D100898,2026-03-21 21:54:35.675675675,Truck,Warehouse A,Urban,14.77,High,Normal,15,500,156.5,120.06,408.0,102.77,4.39,Yes
D100899,2026-03-22 00:02:52.972972973,Bike,Warehouse A,Suburban,13.55,Medium,Normal,15,50,18.99,97.04,229.34,15.98,4.85,Yes
D100900,2026-03-22 02:11:10.270270270,Bike,Warehouse C,Urban,20.61,High,Rain,3,50,30.1,117.36,183.46,41.93,4.26,Yes
D100901,2026-03-22 04:19:27.567567567,Bike,Warehouse B,Urban,25.48,Medium,Normal,9,50,36.38,102.94,207.06,31.38,4.5,Yes
D100902,2026-03-22 06:27:44.864864864,Bike,Warehouse A,Semi-urban,18.87,Medium,Normal,5,50,30.93,117.9,155.14,33.67,4.72,Yes
D100903,2026-03-22 08:36:02.162162162,Bike,Warehouse C,Urban,29.33,High,Normal,9,50,34.93,152.8,236.41,49.2,4.13,Yes
D100904,2026-03-22 10:44:19.459459459,Van,Warehouse A,Suburban,24.25,Low,Normal,10,200,64.54,111.22,301.92,107.7,4.56,No
D100905,2026-03-22 12:52:36.756756756,Van,Warehouse B,Suburban,-10.0,High,Rain,6,200,6.14,93.56,129.71,10.53,4.54,Yes
D100906,2026-03-22 15:00:54.054054054,Truck,Warehouse A,Urban,15.76,Medium,,9,500,400.07,99.96,331.45,120.87,4.51,No
D100907,2026-03-22 17:09:11.351351351,Truck,Warehouse C,Rural,27.51,Medium,Storm,7,500,264.99,137.75,388.9,197.06,4.38,Yes
D100908,2026-03-22 19:17:28.648648648,Bike,Warehouse A,Urban,23.83,Medium,Normal,7,50,30.51,101.82,228.32,44.86,4.73,Yes
D100909,2026-03-22 21:25:45.945945946,Bike,Warehouse A,Urban,3.0,Medium,Rain,8,50,25.24,90.17,140.88,23.65,4.75,No
D100910,2026-03-22 23:34:03.243243243,Bike,Warehouse A,Urban,40.39,Medium,Normal,7,50,33.69,143.66,239.2,59.6,4.87,Yes
D100911,2026-03-23 01:42:20.540540540,Van,Warehouse A,Urban,24.25,Low,Rain,12,200,53.91,124.76,310.14,98.37,4.66,Yes
D100912,2026-03-23 03:50:37.837837837,Bike,Warehouse C,Urban,21.19,Low,Normal,9,50,34.71,84.26,205.68,28.89,4.31,Yes
D100913,2026-03-23 05:58:55.135135135,Van,Warehouse C,Semi-urban,29.45,Low,Normal,11,200,14.69,117.25,271.55,130.14,4.64,Yes
D100914,2026-03-23 08:07:12.432432432,Van,Warehouse A,Rural,50.75,High,Normal,9,200,30.3,173.47,377.55,223.84,4.26,Yes
D100915,2026-03-23 10:15:29.729729729,Van,Warehouse B,Urban,26.97,High,Normal,6,200,126.67,137.78,214.31,113.75,4.33,No
D100916,2026-03-23 12:23:47.027027027,Van,Warehouse B,Semi-urban,27.59,Medium,Rain,7,200,29.87,140.63,285.34,97.48,4.68,Yes
D100917,2026-03-23 14:32:04.324324324,Bike,Warehouse C,Semi-urban,21.05,Medium,,2,50,41.03,114.7,165.22,24.51,4.78,Yes
D100918,2026-03-23 16:40:21.621621621,Truck,Warehouse B,Semi-urban,18.87,Medium,Normal,15,500,373.41,108.95,342.5,141.37,4.8,Yes
D100919,2026-03-23 18:48:38.918918919,Van,Warehouse A,Suburban,16.19,Medium,Rain,9,200,76.29,99.6,225.75,55.61,4.43,Yes
D100920,2026-03-23 20:56:56.216216216,Bike,Warehouse B,Urban,13.39,High,Normal,12,50,33.03,110.59,168.55,15.28,4.35,Yes
D100921,2026-03-23 23:05:13.513513513,Truck,Warehouse B,Urban,72.5,High,Storm,13,500,368.25,136.51,329.81,96.42,4.02,No
D100922,2026-03-24 01:13:30.810810810,Van,Warehouse A,Semi-urban,9.2,Medium,Rain,1,200,104.23,89.21,107.11,36.18,4.71,Yes
D100923,2026-03-24 03:21:48.108108108,Truck,Warehouse B,Semi-urban,19.39,High,Normal,1,500,140.28,,264.63,137.78,4.05,Yes
D100924,2026-03-24 05:30:05.405405405,Van,Warehouse A,Urban,6.52,Low,Rain,3,200,14.59,55.0,156.64,10.96,4.9,No
D100925,2026-03-24 07:38:22.702702702,Van,Warehouse C,Suburban,21.53,High,Normal,12,200,78.77,127.6,260.38,73.9,4.35,Yes
D100926,2026-03-24 09:46:40.000000000,Bike,Warehouse A,Rural,31.71,Low,Normal,6,50,13.55,124.69,257.53,35.54,4.76,Yes
D100927,2026-03-24 11:54:57.297297297,Bike,Warehouse B,Semi-urban,21.18,Medium,Normal,5,50,31.29,94.59,168.16,20.7,4.96,Yes
D100928,2026-03-24 14:03:14.594594594,Van,Warehouse B,Rural,27.82,Medium,Normal,15,200,146.14,141.63,298.67,111.41,4.77,Yes
D100929,2026-03-24 16:11:31.891891892,Van,Warehouse B,Semi-urban,44.61,Medium,Rain,2,200,36.44,160.87,305.36,180.0,4.27,No
D100930,2026-03-24 18:19:49.189189189,Bike,Warehouse A,Suburban,30.88,Low,Rain,9,50,37.26,145.73,239.77,54.43,4.69,Yes
D100931,2026-03-24 20:28:06.486486486,Bike,Warehouse B,Suburban,10.04,High,Normal,14,50,25.41,103.06,184.45,19.5,4.45,Yes
D100932,2026-03-24 22:36:23.783783783,Truck,Warehouse B,Semi-urban,21.86,Low,Normal,13,500,390.32,92.16,366.65,148.36,4.71,Yes
D100933,2026-03-25 00:44:41.081081081,Truck,Warehouse B,Urban,15.14,Medium,Storm,10,500,238.57,131.27,347.87,107.82,4.66,No
D100934,2026-03-25 02:52:58.378378378,Van,Warehouse B,Suburban,11.88,Low,Normal,14,200,103.68,92.56,297.4,55.95,4.57,Yes
D100935,2026-03-25 05:01:15.675675675,Bike,Warehouse B,Semi-urban,9.28,Medium,Normal,4,50,22.92,81.58,108.34,12.1,4.89,Yes
D100936,2026-03-25 07:09:32.972972973,Bike,Warehouse C,Urban,23.46,Medium,Normal,4,50,9.83,97.44,198.33,32.71,,Yes
D100937,2026-03-25 09:17:50.270270270,Bike,Warehouse A,Semi-urban,14.55,Medium,Rain,5,50,22.04,109.35,156.85,14.27,4.71,No
D100938,2026-03-25 11:26:07.567567567,Truck,Warehouse C,Suburban,27.74,Low,Normal,15,500,364.24,116.65,437.68,187.74,4.75,Yes
D100939,2026-03-25 13:34:24.864864864,Bike,Warehouse B,Rural,39.95,Low,Rain,8,50,11.41,148.92,282.86,65.41,4.55,Yes
D100940,2026-03-25 15:42:42.162162162,Van,Warehouse A,Urban,30.99,Medium,Rain,10,200,28.36,137.38,282.0,123.93,4.65,No
D100941,2026-03-25 17:50:59.459459459,Bike,Warehouse A,Urban,13.18,High,Normal,4,50,14.33,105.9,116.23,35.44,4.44,Yes
D100942,2026-03-25 19:59:16.756756756,Van,Warehouse A,Suburban,23.8,High,Normal,5,200,178.2,113.15,260.22,89.79,4.33,Yes
D100943,2026-03-25 22:07:34.054054054,Van,Warehouse C,Urban,25.06,Low,Rain,12,200,71.04,128.12,258.16,106.33,4.71,No
D100944,2026-03-26 00:15:51.351351351,Truck,Warehouse B,Semi-urban,16.21,Medium,Normal,4,500,209.19,100.0,337.68,116.56,4.85,Yes
D100945,2026-03-26 02:24:08.648648648,Bike,Warehouse C,Semi-urban,13.83,Low,Rain,14,50,35.43,104.82,211.92,20.03,4.41,Yes
D100946,2026-03-26 04:32:25.945945946,Bike,Warehouse B,Urban,32.88,Low,Storm,6,50,24.23,161.2,240.26,45.84,4.26,Yes
D100947,2026-03-26 06:40:43.243243243,Bike,Warehouse B,Suburban,21.82,Medium,Normal,12,50,42.26,118.71,188.84,37.53,4.97,No
D100948,2026-03-26 08:49:00.540540540,Truck,Warehouse A,Suburban,25.09,Medium,Rain,3,500,391.32,128.87,357.26,179.97,4.64,Yes
D100949,2026-03-26 10:57:17.837837837,Truck,Warehouse A,Suburban,13.42,Low,Rain,8,500,319.56,94.76,356.78,95.56,4.51,Yes
D100950,2026-03-26 13:05:35.135135135,Van,Warehouse B,Rural,22.25,Low,Rain,6,200,147.69,116.79,232.82,92.41,4.64,Yes
D100951,2026-03-26 15:13:52.432432432,Van,Warehouse A,Semi-urban,15.44,Low,Normal,10,200,160.63,75.55,216.3,62.05,4.47,Yes
D100952,2026-03-26 17:22:09.729729729,Van,Warehouse A,Semi-urban,19.01,High,Normal,5,200,95.89,115.85,222.54,62.91,4.38,No
D100953,2026-03-26 19:30:27.027027027,Bike,Warehouse B,Semi-urban,11.49,High,Normal,13,50,19.45,101.21,194.93,17.91,4.34,Yes
D100954,2026-03-26 21:38:44.324324324,Truck,Warehouse B,Suburban,19.92,Low,Normal,15,500,171.58,108.74,365.38,137.29,4.75,Yes
D100955,2026-03-26 23:47:01.621621621,Van,Warehouse C,Rural,18.49,Low,Normal,2,200,173.24,88.82,230.14,89.53,4.68,Yes
D100956,2026-03-27 01:55:18.918918919,Van,Warehouse C,Semi-urban,11.04,High,Rain,10,200,110.47,125.15,264.14,49.23,4.38,No
D100957,2026-03-27 04:03:36.216216216,Van,Warehouse B,Semi-urban,25.37,High,Normal,10,200,102.91,140.64,284.81,103.09,4.42,No
D100958,2026-03-27 06:11:53.513513513,Bike,Warehouse B,Semi-urban,24.83,Medium,Normal,7,50,34.47,111.79,201.16,40.95,4.52,Yes
D100959,2026-03-27 08:20:10.810810810,Bike,Warehouse B,Urban,16.86,Low,Normal,2,50,9.54,74.18,161.81,17.11,4.75,Yes
D100960,2026-03-27 10:28:28.108108108,Van,Warehouse C,Semi-urban,11.86,Low,Rain,1,200,106.01,56.79,204.24,42.56,4.92,Yes
D100961,2026-03-27 12:36:45.405405405,Bike,Warehouse A,Urban,11.78,Medium,Normal,7,50,15.13,89.75,158.47,14.99,4.56,Yes
D100962,2026-03-27 14:45:02.702702702,Van,Warehouse B,Urban,17.01,Medium,Normal,5,200,156.67,107.9,228.57,71.15,4.75,Yes
D100963,2026-03-27 16:53:20.000000000,Bike,Warehouse C,Urban,25.16,Low,Normal,1,50,28.62,97.9,198.29,34.26,4.89,Yes
D100964,2026-03-27 19:01:37.297297297,Van,Warehouse A,Rural,39.43,Medium,Rain,15,200,97.37,165.51,338.72,153.71,4.33,No
D100965,2026-03-27 21:09:54.594594594,Bike,Warehouse B,Semi-urban,16.03,Low,,4,50,6.05,84.49,168.8,15.5,4.82,Yes
D100966,2026-03-27 23:18:11.891891891,Bike,Warehouse B,Semi-urban,10.77,High,Normal,12,50,15.44,105.66,141.69,16.36,4.32,Yes
D100967,2026-03-28 01:26:29.189189189,Van,Warehouse A,Semi-urban,22.14,Medium,Storm,13,200,118.41,145.73,261.53,89.88,4.55,Yes
D100968,2026-03-28 03:34:46.486486486,Bike,Warehouse A,Suburban,13.41,Low,Normal,4,50,41.3,73.77,174.96,23.54,4.58,No
D100969,2026-03-28 05:43:03.783783783,Van,Warehouse A,Rural,27.85,Medium,Storm,10,200,87.25,141.71,,105.83,4.4,Yes
D100970,2026-03-28 07:51:21.081081081,Van,Warehouse A,Suburban,30.6,Medium,Normal,7,200,155.14,125.95,276.77,125.37,4.47,Yes
D100971,2026-03-28 09:59:38.378378378,Van,Warehouse A,Suburban,26.62,High,Normal,9,200,57.25,135.77,319.45,98.16,4.42,Yes
D100972,2026-03-28 12:07:55.675675675,Truck,Warehouse C,Urban,21.26,Medium,Rain,2,500,332.09,129.27,286.54,147.07,4.77,Yes
D100973,2026-03-28 14:16:12.972972973,Van,Warehouse A,Semi-urban,9.82,Low,Normal,12,200,45.22,74.58,216.12,41.69,4.78,Yes
D100974,2026-03-28 16:24:30.270270270,Bike,Warehouse B,Semi-urban,21.69,Medium,Normal,14,50,18.57,117.79,237.98,30.47,4.77,Yes
D100975,2026-03-28 18:32:47.567567567,Bike,Warehouse A,Suburban,28.5,Low,Normal,1,50,9.44,100.93,124.49,30.26,4.69,Yes
D100976,2026-03-28 20:41:04.864864864,Bike,Warehouse C,Urban,16.99,High,Normal,2,50,16.14,102.5,147.42,13.94,4.13,No
D100977,2026-03-28 22:49:22.162162162,Van,Warehouse A,Semi-urban,30.81,Medium,Normal,7,200,81.54,132.25,256.29,125.01,4.85,Yes
D100978,2026-03-29 00:57:39.459459459,Bike,Warehouse B,Urban,30.34,Medium,Normal,13,50,19.05,157.56,234.88,50.15,4.49,Yes
D100979,2026-03-29 03:05:56.756756756,Van,Warehouse C,Semi-urban,33.31,Low,Normal,10,200,115.68,123.41,303.1,135.95,4.76,Yes
D100980,2026-03-29 05:14:14.054054054,Van,Warehouse C,Rural,34.44,Medium,Normal,6,200,55.45,138.04,249.01,142.59,4.67,Yes
D100981,2026-03-29 07:22:31.351351351,Bike,Warehouse A,Suburban,24.7,High,Storm,4,50,11.54,131.28,173.54,34.81,4.34,No
D100982,2026-03-29 09:30:48.648648648,Van,Warehouse C,Urban,31.31,High,Normal,1,200,55.19,130.18,211.44,131.15,4.26,Yes
D100983,2026-03-29 11:39:05.945945946,Bike,Warehouse B,Semi-urban,23.58,Low,Normal,13,50,23.09,127.21,237.13,38.06,4.61,Yes
D100984,2026-03-29 13:47:23.243243243,Bike,Warehouse B,Semi-urban,15.99,Low,Rain,1,50,5.64,87.93,144.77,18.87,4.47,Yes
D100985,2026-03-29 15:55:40.540540540,Van,Warehouse A,Suburban,16.41,High,Normal,5,200,154.18,115.34,205.21,69.76,4.37,No
D100986,2026-03-29 18:03:57.837837837,Van,Warehouse A,Rural,33.91,High,Normal,15,200,92.55,154.09,362.33,138.01,4.43,Yes
D100987,2026-03-29 20:12:15.135135135,Van,Warehouse B,Urban,9.68,Low,Rain,1,200,123.81,78.44,158.25,52.1,4.72,Yes
D100988,2026-03-29 22:20:32.432432432,Van,Warehouse B,Suburban,18.85,Medium,Normal,12,200,73.59,127.03,258.59,86.43,4.73,Yes
D100989,2026-03-30 00:28:49.729729729,Bike,Warehouse B,Semi-urban,28.77,Medium,Rain,15,50,43.58,133.44,243.18,42.42,4.85,Yes
D100990,2026-03-30 02:37:07.027027027,Truck,Warehouse B,Semi-urban,3.0,High,Rain,7,500,296.29,118.37,210.02,17.66,4.37,Yes
D100991,2026-03-30 04:45:24.324324324,Van,Warehouse C,Urban,32.28,Low,Storm,13,200,110.63,138.6,316.94,141.59,4.58,Yes
D100992,2026-03-30 06:53:41.621621621,Van,Warehouse A,Semi-urban,28.98,Low,Normal,11,200,168.44,114.6,289.82,120.33,4.9,Yes
D100993,2026-03-30 09:01:58.918918918,Bike,Warehouse B,Suburban,16.32,High,Normal,1,50,17.94,95.78,186.29,23.09,4.26,Yes
D100994,2026-03-30 11:10:16.216216216,Van,Warehouse A,Suburban,24.35,Low,Normal,1,200,30.71,92.48,243.96,81.49,4.49,Yes
D100995,2026-03-30 13:18:33.513513513,Bike,Warehouse C,Urban,20.03,Medium,Normal,2,50,25.01,89.57,153.8,24.0,4.8,Yes
D100996,2026-03-30 15:26:50.810810810,Bike,Warehouse B,Semi-urban,29.84,Medium,Rain,13,50,24.34,134.93,263.87,38.16,4.75,Yes
D100997,2026-03-30 17:35:08.108108108,Truck,Warehouse C,Urban,27.86,Medium,Normal,14,500,130.26,119.85,429.69,193.85,4.54,Yes
D100998,2026-03-30 19:43:25.405405405,Bike,Warehouse A,Urban,8.8,Medium,Normal,11,50,35.57,95.54,174.88,18.15,4.6,Yes
D100999,2026-03-30 21:51:42.702702702,Truck,Warehouse A,Urban,24.7,Medium,Rain,12,500,367.18,500.0,425.46,179.07,4.6,Yes
D101000,2026-03-31 00:00:00.000000000,Van,Warehouse A,Rural,30.35,Low,Normal,10,200,84.43,115.7,277.74,133.4,4.72,Yes
D100239,2026-01-22 04:52:36.756756756,Van,Warehouse C,Urban,22.23,Medium,Normal,12,200,108.39,121.63,246.44,84.92,4.62,Yes
D100637,2026-02-26 15:51:21.081081081,Van,Warehouse A,Rural,27.47,High,Normal,11,200,11.16,161.67,354.62,119.06,4.2,Yes
D100682,2026-03-02 16:04:19.459459459,Bike,Warehouse C,Semi-urban,26.17,Low,Normal,9,50,17.66,99.53,202.66,24.15,4.71,Yes
D100288,2026-01-26 13:38:44.324324324,Van,Warehouse A,Urban,20.07,High,Normal,2,200,179.05,115.81,234.91,76.21,4.3,Yes
D100140,2026-01-13 09:12:04.324324324,Truck,Warehouse B,Semi-urban,14.41,Low,Normal,4,500,122.38,64.26,302.02,94.68,7.0,Yes
